"C_cement1",,,"C_cement2",,
"Time","Force","Stroke","Time","Force","Stroke"
"sec","N","mm","sec","N","mm"
"0","0.002384186","0","0","0.01748403","0"
"0.01","-0.0007947286","3.333333E-05","0.01","0.01748403","0"
"0.02","0.002384186","3.333333E-05","0.02","0.01430511","3.333333E-05"
"0.03","0.01033147","6.666667E-05","0.03","0.009536743","6.666667E-05"
"0.04","0.01748403","0.0001333333","0.04","0.007152557","0.0001333333"
"0.05","0.02384186","0.0003","0.05","0.003178914","0.0002333333"
"0.06","0.02066294","0.0005","0.06","-0.0007947286","0.0004666667"
"0.07","0.01271566","0.0007","0.07","-0.003178914","0.0006666667"
"0.08","0.0055631","0.0009333334","0.08","0.0007947286","0.0009"
"0.09","-0.0007947286","0.0012","0.09","0.007152557","0.001166667"
"0.1","-0.003178914","0.001466667","0.1","0.009536743","0.0014"
"0.11","-0.001589457","0.0017","0.11","0.0055631","0.001633333"
"0.12","-0.0007947286","0.001933333","0.12","0.0007947286","0.001866667"
"0.13","0.0007947286","0.0021","0.13","-0.003973643","0.002066667"
"0.14","0.004768372","0.0023","0.14","-0.008742015","0.002266667"
"0.15","0.007947286","0.0025","0.15","-0.008742015","0.002466667"
"0.16","0.01271566","0.002666667","0.16","-0.0055631","0.0026"
"0.17","0.01430511","0.002833333","0.17","0.0007947286","0.002766667"
"0.18","0.01430511","0.003","0.18","0.003178914","0.002933333"
"0.19","0.01271566","0.003133333","0.19","0.0007947286","0.003133333"
"0.2","0.01192093","0.0033","0.2","-0.0055631","0.003266667"
"0.21","0.01271566","0.003433333","0.21","-0.007947286","0.003433333"
"0.22","0.01509984","0.0036","0.22","-0.003973643","0.0036"
"0.23","0.01748403","0.0038","0.23","-0.003973643","0.003766667"
"0.24","0.02066294","0.003966667","0.24","-0.007947286","0.003933333"
"0.25","0.02384186","0.004133333","0.25","-0.008742015","0.0041"
"0.26","0.02622604","0.0043","0.26","-0.006357829","0.004266667"
"0.27","0.02622604","0.004466667","0.27","-0.003178914","0.004433333"
"0.28","0.02145767","0.004666667","0.28","0.002384186","0.0046"
"0.29","0.01271566","0.004833333","0.29","0.004768372","0.004766667"
"0.3","0.004768372","0.005","0.3","0.004768372","0.004933333"
"0.31","0.002384186","0.005166667","0.31","0.0055631","0.0051"
"0.32","0.003178914","0.0053","0.32","0.007947286","0.005266667"
"0.33","0.004768372","0.005466667","0.33","0.009536743","0.005433334"
"0.34","0.003178914","0.0056","0.34","0.004768372","0.0056"
"0.35","0.0007947286","0.005766667","0.35","-0.0007947286","0.005766667"
"0.36","-0.001589457","0.005933333","0.36","-0.003973643","0.005933333"
"0.37","-0.0007947286","0.0061","0.37","-0.001589457","0.006066667"
"0.38","0.003178914","0.006266667","0.38","0.003178914","0.006266667"
"0.39","0.007152557","0.006433333","0.39","0.007152557","0.006433333"
"0.4","0.0055631","0.0066","0.4","0.01033147","0.0066"
"0.41","0.0007947286","0.0068","0.41","0.01430511","0.0068"
"0.42","-0.003178914","0.006966667","0.42","0.01907349","0.006933333"
"0.43","-0.0055631","0.007133333","0.43","0.02145767","0.0071"
"0.44","-0.007947286","0.007333334","0.44","0.01748403","0.007266667"
"0.45","-0.003973643","0.0075","0.45","0.007947286","0.007433333"
"0.46","0.004768372","0.007633334","0.46","-0.0007947286","0.0076"
"0.47","0.01033147","0.0078","0.47","-0.003178914","0.007766667"
"0.48","0.007152557","0.007966666","0.48","-0.001589457","0.007933334"
"0.49","-0.003178914","0.008133333","0.49","-0.001589457","0.008133333"
"0.5","-0.01033147","0.0083","0.5","-0.001589457","0.0083"
"0.51","-0.007947286","0.008466667","0.51","0.002384186","0.008433334"
"0.52","0.0007947286","0.008633333","0.52","0.004768372","0.0086"
"0.53","0.007947286","0.0088","0.53","0.007947286","0.0088"
"0.54","0.01033147","0.008966667","0.54","0.01033147","0.008933334"
"0.55","0.009536743","0.009133333","0.55","0.01509984","0.0091"
"0.56","0.01033147","0.0093","0.56","0.01907349","0.009266667"
"0.57","0.009536743","0.009466667","0.57","0.02066294","0.009433334"
"0.58","0.007152557","0.009633333","0.58","0.02066294","0.0096"
"0.59","0.002384186","0.0098","0.59","0.01509984","0.009766667"
"0.6","0.002384186","0.009966667","0.6","0.01033147","0.009933334"
"0.61","0.003178914","0.01013333","0.61","0.0055631","0.0101"
"0.62","0.003178914","0.0103","0.62","0.0007947286","0.0103"
"0.63","0.002384186","0.01046667","0.63","-0.003973643","0.01046667"
"0.64","0.002384186","0.01066667","0.64","-0.0055631","0.0106"
"0.65","0.003178914","0.0108","0.65","-0.001589457","0.01076667"
"0.66","0.0007947286","0.01096667","0.66","0.003178914","0.01096667"
"0.67","-0.0055631","0.01113333","0.67","0.0055631","0.01113333"
"0.68","-0.003973643","0.0113","0.68","0.009536743","0.01126667"
"0.69","0.0055631","0.01146667","0.69","0.01430511","0.01146667"
"0.7","0.01271566","0.0116","0.7","0.0166893","0.0116"
"0.71","0.01430511","0.0118","0.71","0.01271566","0.0118"
"0.72","0.01192093","0.01193333","0.72","0.01033147","0.01193333"
"0.73","0.01192093","0.01213333","0.73","0.01192093","0.0121"
"0.74","0.01430511","0.0123","0.74","0.01430511","0.0123"
"0.75","0.01509984","0.01243333","0.75","0.01271566","0.01243333"
"0.76","0.01509984","0.01263333","0.76","0.007947286","0.01263333"
"0.77","0.0166893","0.0128","0.77","0.004768372","0.01276667"
"0.78","0.01748403","0.01296667","0.78","0.003178914","0.01296667"
"0.79","0.01509984","0.01313333","0.79","0.004768372","0.01313333"
"0.8","0.0055631","0.0133","0.8","0.0055631","0.01326667"
"0.81","-0.003178914","0.01346667","0.81","0.007152557","0.0134"
"0.82","-0.003973643","0.01363333","0.82","0.007947286","0.0136"
"0.83","0.0007947286","0.0138","0.83","0.009536743","0.01373333"
"0.84","0.0055631","0.01396667","0.84","0.009536743","0.01393333"
"0.85","0.009536743","0.01413333","0.85","0.007152557","0.01413333"
"0.86","0.007152557","0.0143","0.86","0.003178914","0.0143"
"0.87","-0.0007947286","0.01446667","0.87","0.0055631","0.01446667"
"0.88","-0.008742015","0.01463333","0.88","0.01033147","0.01463333"
"0.89","-0.0111262","0.0148","0.89","0.01033147","0.0148"
"0.9","-0.007947286","0.01496667","0.9","0.007152557","0.01496667"
"0.91","-0.003178914","0.01513333","0.91","0.004768372","0.0151"
"0.92","-0.0055631","0.01526667","0.92","0.004768372","0.01526667"
"0.93","-0.01271566","0.01543333","0.93","0.002384186","0.01543333"
"0.94","-0.01827876","0.0156","0.94","-0.001589457","0.01563333"
"0.95","-0.01509984","0.01576667","0.95","-0.0007947286","0.01576667"
"0.96","-0.006357829","0.01593333","0.96","0.007152557","0.01596667"
"0.97","-0.0007947286","0.0161","0.97","0.01192093","0.0161"
"0.98","-0.003973643","0.0163","0.98","0.01271566","0.01626667"
"0.99","-0.01033147","0.01646667","0.99","0.01271566","0.01646667"
"1","-0.01509984","0.01666667","1","0.01271566","0.01663333"
"1.01","-0.01509984","0.01683333","1.01","0.01271566","0.01676667"
"1.02","-0.01271566","0.01696667","1.02","0.0166893","0.01696667"
"1.03","-0.01271566","0.01713333","1.03","0.0166893","0.0171"
"1.04","-0.01509984","0.0173","1.04","0.01430511","0.01726667"
"1.05","-0.01271566","0.0175","1.05","0.01430511","0.01746667"
"1.06","-0.0055631","0.01766667","1.06","0.01509984","0.0176"
"1.07","0.002384186","0.0178","1.07","0.01430511","0.01776667"
"1.08","0.002384186","0.018","1.08","0.01271566","0.01793333"
"1.09","-0.0007947286","0.01816667","1.09","0.0166893","0.0181"
"1.1","-0.003178914","0.0183","1.1","0.02304713","0.01826667"
"1.11","-0.001589457","0.01846667","1.11","0.02304713","0.01843333"
"1.12","0.004768372","0.01863333","1.12","0.01509984","0.0186"
"1.13","0.01033147","0.0188","1.13","0.007947286","0.0188"
"1.14","0.01271566","0.019","1.14","0.0055631","0.01896667"
"1.15","0.007947286","0.01913333","1.15","0.01033147","0.01913333"
"1.16","0.002384186","0.0193","1.16","0.0166893","0.0193"
"1.17","-0.001589457","0.01946667","1.17","0.01748403","0.01946667"
"1.18","-0.003178914","0.01963333","1.18","0.0166893","0.0196"
"1.19","-0.003178914","0.0198","1.19","0.0166893","0.01976667"
"1.2","-0.003178914","0.02","1.2","0.02145767","0.01993333"
"1.21","-0.003178914","0.02013333","1.21","0.0278155","0.0201"
"1.22","-0.001589457","0.0203","1.22","0.02861023","0.02026667"
"1.23","-0.0007947286","0.02046667","1.23","0.02304713","0.02046667"
"1.24","0.003178914","0.02063333","1.24","0.01509984","0.0206"
"1.25","0.0055631","0.0208","1.25","0.01430511","0.02076667"
"1.26","0.007947286","0.021","1.26","0.01748403","0.02093333"
"1.27","0.01033147","0.02116667","1.27","0.01509984","0.02113333"
"1.28","0.009536743","0.02133333","1.28","0.01033147","0.0213"
"1.29","0.002384186","0.02146667","1.29","0.007152557","0.02143333"
"1.3","-0.007947286","0.02163333","1.3","0.007152557","0.0216"
"1.31","-0.01271566","0.02176667","1.31","0.01033147","0.0218"
"1.32","-0.01033147","0.02193333","1.32","0.01430511","0.02196667"
"1.33","-0.008742015","0.0221","1.33","0.01430511","0.02213333"
"1.34","-0.01033147","0.0223","1.34","0.01271566","0.0223"
"1.35","-0.007947286","0.02246667","1.35","0.01430511","0.02246667"
"1.36","-0.003178914","0.02263333","1.36","0.0166893","0.0226"
"1.37","-0.0007947286","0.0228","1.37","0.0166893","0.02276667"
"1.38","-0.0007947286","0.02296667","1.38","0.01430511","0.02296667"
"1.39","-0.003178914","0.02313333","1.39","0.01192093","0.02313333"
"1.4","-0.0055631","0.0233","1.4","0.01192093","0.0233"
"1.41","-0.0055631","0.02346667","1.41","0.01430511","0.02346667"
"1.42","-0.0055631","0.0236","1.42","0.01430511","0.0236"
"1.43","-0.003178914","0.0238","1.43","0.01192093","0.0238"
"1.44","0.0007947286","0.02396667","1.44","0.009536743","0.02396667"
"1.45","0.004768372","0.02416667","1.45","0.01033147","0.0241"
"1.46","0.007947286","0.02433333","1.46","0.0166893","0.02426667"
"1.47","0.01033147","0.02446667","1.47","0.02543131","0.02443333"
"1.48","0.007947286","0.02463333","1.48","0.03099442","0.02463333"
"1.49","0.002384186","0.0248","1.49","0.0333786","0.0248"
"1.5","-0.006357829","0.02496667","1.5","0.03019969","0.025"
"1.51","-0.01033147","0.02513333","1.51","0.02384186","0.02516667"
"1.52","-0.01033147","0.0253","1.52","0.02066294","0.02533333"
"1.53","-0.0111262","0.0255","1.53","0.01430511","0.02546667"
"1.54","-0.01748403","0.02563333","1.54","0.007152557","0.02563333"
"1.55","-0.01986822","0.02576667","1.55","0.003178914","0.0258"
"1.56","-0.01509984","0.02593333","1.56","0.0055631","0.02596667"
"1.57","-0.01271566","0.02616667","1.57","0.01192093","0.02613333"
"1.58","-0.0111262","0.0263","1.58","0.0166893","0.0263"
"1.59","-0.007947286","0.02646667","1.59","0.01907349","0.02646667"
"1.6","-0.003178914","0.02663333","1.6","0.02145767","0.02663333"
"1.61","-0.003973643","0.0268","1.61","0.02543131","0.0268"
"1.62","-0.01033147","0.02693333","1.62","0.02861023","0.02693333"
"1.63","-0.01271566","0.0271","1.63","0.03019969","0.02713333"
"1.64","-0.007947286","0.0273","1.64","0.03099442","0.02726667"
"1.65","-0.0007947286","0.0275","1.65","0.0278155","0.02746667"
"1.66","0.002384186","0.02766667","1.66","0.02304713","0.02763333"
"1.67","0.002384186","0.02783333","1.67","0.02304713","0.0278"
"1.68","0.002384186","0.028","1.68","0.02861023","0.02796667"
"1.69","0.002384186","0.02816667","1.69","0.03099442","0.0281"
"1.7","-0.0007947286","0.02833333","1.7","0.02861023","0.02826667"
"1.71","-0.007947286","0.02846667","1.71","0.0278155","0.02843333"
"1.72","-0.01351039","0.02866667","1.72","0.03019969","0.0286"
"1.73","-0.01271566","0.02883333","1.73","0.03099442","0.0288"
"1.74","-0.01033147","0.02896667","1.74","0.02622604","0.02896667"
"1.75","-0.01033147","0.02913333","1.75","0.02145767","0.02913333"
"1.76","-0.01351039","0.02926667","1.76","0.01907349","0.0293"
"1.77","-0.01986822","0.02946667","1.77","0.02145767","0.0295"
"1.78","-0.02463659","0.02966667","1.78","0.02543131","0.02963333"
"1.79","-0.02145767","0.02983333","1.79","0.02622604","0.0298"
"1.8","-0.0111262","0.02996667","1.8","0.02384186","0.02996667"
"1.81","-0.003973643","0.03013333","1.81","0.01907349","0.03013333"
"1.82","0.0007947286","0.0303","1.82","0.01430511","0.03026667"
"1.83","0.0055631","0.03046667","1.83","0.01430511","0.03046667"
"1.84","0.01192093","0.03063333","1.84","0.02066294","0.03063333"
"1.85","0.01033147","0.0308","1.85","0.0278155","0.0308"
"1.86","0.004768372","0.031","1.86","0.02861023","0.03096667"
"1.87","-0.001589457","0.03116667","1.87","0.02384186","0.0311"
"1.88","-0.003973643","0.0313","1.88","0.01430511","0.03126667"
"1.89","-0.003973643","0.0315","1.89","0.007152557","0.03143333"
"1.9","-0.003973643","0.03166667","1.9","0.007152557","0.03163333"
"1.91","-0.007947286","0.03183333","1.91","0.01192093","0.0318"
"1.92","-0.01271566","0.032","1.92","0.0166893","0.032"
"1.93","-0.01351039","0.03213333","1.93","0.01748403","0.03213333"
"1.94","-0.01271566","0.0323","1.94","0.01509984","0.0323"
"1.95","-0.01271566","0.03246667","1.95","0.01430511","0.03246667"
"1.96","-0.01509984","0.03266667","1.96","0.01907349","0.03263333"
"1.97","-0.01351039","0.0328","1.97","0.02304713","0.03276667"
"1.98","-0.01033147","0.03296667","1.98","0.01907349","0.03293333"
"1.99","-0.01033147","0.03313334","1.99","0.01509984","0.0331"
"2","-0.01509984","0.0333","2","0.01192093","0.03326667"
"2.01","-0.01986822","0.03346667","2.01","0.01033147","0.03346667"
"2.02","-0.01827876","0.0336","2.02","0.01509984","0.03363333"
"2.03","-0.0111262","0.03376667","2.03","0.02145767","0.0338"
"2.04","-0.006357829","0.03393333","2.04","0.02543131","0.03396667"
"2.05","-0.007947286","0.03413333","2.05","0.02384186","0.03413333"
"2.06","-0.01033147","0.0343","2.06","0.02304713","0.0343"
"2.07","-0.0111262","0.0345","2.07","0.02304713","0.03446667"
"2.08","-0.007947286","0.03466667","2.08","0.02384186","0.03463333"
"2.09","-0.0055631","0.03483333","2.09","0.02384186","0.0348"
"2.1","-0.007947286","0.035","2.1","0.02622604","0.03496667"
"2.11","-0.008742015","0.03513333","2.11","0.0278155","0.03513333"
"2.12","-0.006357829","0.03533334","2.12","0.02543131","0.03526667"
"2.13","-0.001589457","0.03546667","2.13","0.02066294","0.03546667"
"2.14","-0.0007947286","0.03563333","2.14","0.01907349","0.03563333"
"2.15","-0.0055631","0.0358","2.15","0.02145767","0.0358"
"2.16","-0.01509984","0.03596667","2.16","0.02622604","0.03596667"
"2.17","-0.01827876","0.03613333","2.17","0.03019969","0.03613333"
"2.18","-0.0111262","0.0363","2.18","0.03099442","0.0363"
"2.19","-0.0007947286","0.03646667","2.19","0.02861023","0.03646667"
"2.2","0.0055631","0.0366","2.2","0.0278155","0.03663334"
"2.21","0.007152557","0.03676667","2.21","0.03019969","0.0368"
"2.22","0.004768372","0.03693333","2.22","0.03099442","0.03696667"
"2.23","0.003178914","0.03713333","2.23","0.02622604","0.03713333"
"2.24","0.002384186","0.0373","2.24","0.01748403","0.0373"
"2.25","-0.001589457","0.0375","2.25","0.009536743","0.0375"
"2.26","-0.007947286","0.03763333","2.26","0.007152557","0.03763333"
"2.27","-0.0111262","0.03783333","2.27","0.01509984","0.0378"
"2.28","-0.01351039","0.038","2.28","0.02622604","0.03796667"
"2.29","-0.01509984","0.03813333","2.29","0.03258387","0.03813333"
"2.3","-0.01351039","0.0383","2.3","0.02861023","0.0383"
"2.31","-0.01351039","0.03846667","2.31","0.02145767","0.03846667"
"2.32","-0.01509984","0.03863334","2.32","0.02066294","0.03863334"
"2.33","-0.01351039","0.0388","2.33","0.02622604","0.0388"
"2.34","-0.01271566","0.039","2.34","0.03814697","0.03896667"
"2.35","-0.01271566","0.03913333","2.35","0.04847844","0.03913333"
"2.36","-0.01589457","0.0393","2.36","0.05165736","0.0393"
"2.37","-0.01509984","0.03943333","2.37","0.04688899","0.03946667"
"2.38","-0.007947286","0.03963333","2.38","0.0333786","0.03963333"
"2.39","-0.003973643","0.0398","2.39","0.01907349","0.0398"
"2.4","-0.0055631","0.03996667","2.4","0.0166893","0.03996667"
"2.41","-0.0055631","0.04013333","2.41","0.02622604","0.04013333"
"2.42","-0.001589457","0.0403","2.42","0.03496806","0.0403"
"2.43","0.0007947286","0.04046667","2.43","0.0333786","0.04046667"
"2.44","0.0007947286","0.04063333","2.44","0.02861023","0.04063333"
"2.45","0.0007947286","0.0408","2.45","0.02622604","0.0408"
"2.46","0.0007947286","0.04096667","2.46","0.0278155","0.04096667"
"2.47","-0.001589457","0.04116667","2.47","0.02861023","0.04113333"
"2.48","-0.007947286","0.0413","2.48","0.03099442","0.0413"
"2.49","-0.01271566","0.04146667","2.49","0.0333786","0.04146667"
"2.5","-0.01033147","0.04163333","2.5","0.03099442","0.04163333"
"2.51","-0.007947286","0.0418","2.51","0.02304713","0.0418"
"2.52","-0.008742015","0.04196667","2.52","0.01430511","0.04196667"
"2.53","-0.01351039","0.04213334","2.53","0.007947286","0.04213334"
"2.54","-0.01509984","0.0423","2.54","0.0055631","0.0423"
"2.55","-0.01351039","0.04246667","2.55","0.002384186","0.04246667"
"2.56","-0.01351039","0.0426","2.56","-0.0007947286","0.04263333"
"2.57","-0.01589457","0.0428","2.57","0.004768372","0.0428"
"2.58","-0.01351039","0.04296667","2.58","0.01192093","0.04296667"
"2.59","-0.008742015","0.04313333","2.59","0.01907349","0.04313333"
"2.6","-0.0007947286","0.0433","2.6","0.01907349","0.0433"
"2.61","0.007947286","0.04346667","2.61","0.0166893","0.04346667"
"2.62","0.01509984","0.0436","2.62","0.0166893","0.0436"
"2.63","0.01271566","0.04376667","2.63","0.01748403","0.04376667"
"2.64","0.003178914","0.04393333","2.64","0.02145767","0.04396667"
"2.65","-0.007947286","0.04413334","2.65","0.02384186","0.0441"
"2.66","-0.01271566","0.04426667","2.66","0.02304713","0.0443"
"2.67","-0.01351039","0.04446667","2.67","0.01907349","0.04446667"
"2.68","-0.01351039","0.0446","2.68","0.0166893","0.04463333"
"2.69","-0.01271566","0.0448","2.69","0.01907349","0.0448"
"2.7","-0.007947286","0.04496667","2.7","0.02304713","0.04496667"
"2.71","-0.001589457","0.04513333","2.71","0.0278155","0.04513333"
"2.72","0.002384186","0.0453","2.72","0.02861023","0.04526667"
"2.73","-0.0007947286","0.04546667","2.73","0.02861023","0.04546667"
"2.74","-0.007947286","0.04563333","2.74","0.02543131","0.04563333"
"2.75","-0.01827876","0.0458","2.75","0.02145767","0.0458"
"2.76","-0.02622604","0.04596667","2.76","0.02066294","0.04596667"
"2.77","-0.02384186","0.04616667","2.77","0.02145767","0.0461"
"2.78","-0.01271566","0.04633334","2.78","0.02304713","0.04626667"
"2.79","-0.006357829","0.04646667","2.79","0.02145767","0.04646667"
"2.8","-0.008742015","0.04663333","2.8","0.01509984","0.0466"
"2.81","-0.01351039","0.0468","2.81","0.01033147","0.04676667"
"2.82","-0.01748403","0.04696667","2.82","0.007947286","0.04696667"
"2.83","-0.01827876","0.04713333","2.83","0.007152557","0.04713333"
"2.84","-0.01589457","0.0473","2.84","0.007947286","0.0473"
"2.85","-0.01271566","0.04746667","2.85","0.01271566","0.04746667"
"2.86","-0.01033147","0.04763333","2.86","0.01748403","0.04763333"
"2.87","-0.008742015","0.04776667","2.87","0.01907349","0.0478"
"2.88","-0.007947286","0.04793333","2.88","0.01430511","0.04793333"
"2.89","-0.008742015","0.04813333","2.89","0.01033147","0.0481"
"2.9","-0.01033147","0.0483","2.9","0.01192093","0.04826667"
"2.91","-0.01351039","0.04846667","2.91","0.01271566","0.04846667"
"2.92","-0.01589457","0.0486","2.92","0.01509984","0.0486"
"2.93","-0.01748403","0.0488","2.93","0.02066294","0.04876667"
"2.94","-0.01827876","0.04893333","2.94","0.02622604","0.04896667"
"2.95","-0.0222524","0.04913333","2.95","0.02384186","0.04913333"
"2.96","-0.02384186","0.0493","2.96","0.01509984","0.0493"
"2.97","-0.01986822","0.04946667","2.97","0.007947286","0.04946667"
"2.98","-0.01033147","0.04963334","2.98","0.007152557","0.04963334"
"2.99","0.0007947286","0.0498","2.99","0.01033147","0.0498"
"3","0.004768372","0.04996667","3","0.01509984","0.05"
"3.01","-0.001589457","0.05013333","3.01","0.02304713","0.05013333"
"3.02","-0.006357829","0.0503","3.02","0.03019969","0.0503"
"3.03","-0.003973643","0.05046667","3.03","0.03099442","0.05046667"
"3.04","0.002384186","0.0506","3.04","0.02384186","0.05063333"
"3.05","0.007152557","0.05076667","3.05","0.01430511","0.05076667"
"3.06","0.007152557","0.05093333","3.06","0.01033147","0.05096667"
"3.07","0.003178914","0.0511","3.07","0.01271566","0.0511"
"3.08","-0.006357829","0.05126667","3.08","0.0166893","0.05126667"
"3.09","-0.01748403","0.05146667","3.09","0.02304713","0.05143333"
"3.1","-0.02463659","0.05163334","3.1","0.03019969","0.05166667"
"3.11","-0.02622604","0.0518","3.11","0.0333786","0.0518"
"3.12","-0.02384186","0.05196667","3.12","0.03258387","0.05196667"
"3.13","-0.01986822","0.05213333","3.13","0.02622604","0.05213333"
"3.14","-0.01509984","0.0523","3.14","0.01907349","0.05233333"
"3.15","-0.01033147","0.05246667","3.15","0.0166893","0.0525"
"3.16","-0.006357829","0.0526","3.16","0.0166893","0.05263333"
"3.17","-0.006357829","0.0528","3.17","0.01907349","0.0528"
"3.18","-0.008742015","0.05296667","3.18","0.02543131","0.05296667"
"3.19","-0.008742015","0.05313333","3.19","0.03019969","0.0531"
"3.2","-0.007947286","0.05326667","3.2","0.02861023","0.05326667"
"3.21","-0.008742015","0.05343333","3.21","0.02384186","0.05346667"
"3.22","-0.0111262","0.05363333","3.22","0.01907349","0.05363333"
"3.23","-0.008742015","0.0538","3.23","0.01907349","0.0538"
"3.24","-0.006357829","0.05396667","3.24","0.02066294","0.054"
"3.25","-0.0055631","0.05413333","3.25","0.01748403","0.05413333"
"3.26","-0.0055631","0.05426667","3.26","0.01430511","0.0543"
"3.27","-0.007947286","0.05443333","3.27","0.01430511","0.05446667"
"3.28","-0.01271566","0.0546","3.28","0.01748403","0.0546"
"3.29","-0.01827876","0.05476667","3.29","0.02066294","0.05476667"
"3.3","-0.02463659","0.05493334","3.3","0.01907349","0.05496667"
"3.31","-0.02861023","0.0551","3.31","0.0166893","0.05513334"
"3.32","-0.02702077","0.0553","3.32","0.0166893","0.05526667"
"3.33","-0.02463659","0.05546667","3.33","0.01748403","0.05543333"
"3.34","-0.02384186","0.05563333","3.34","0.01907349","0.0556"
"3.35","-0.02384186","0.0558","3.35","0.02066294","0.0558"
"3.36","-0.0222524","0.05596667","3.36","0.0166893","0.05596667"
"3.37","-0.0222524","0.05613333","3.37","0.01033147","0.05613333"
"3.38","-0.02145767","0.05633333","3.38","0.007947286","0.0563"
"3.39","-0.01589457","0.0565","3.39","0.01430511","0.05646667"
"3.4","-0.01271566","0.05666667","3.4","0.02543131","0.05663333"
"3.41","-0.01351039","0.05683333","3.41","0.03496806","0.05676667"
"3.42","-0.01509984","0.05696667","3.42","0.03735225","0.05696667"
"3.43","-0.0111262","0.05713334","3.43","0.0333786","0.05713334"
"3.44","-0.008742015","0.05726667","3.44","0.02384186","0.05726667"
"3.45","-0.0111262","0.05746667","3.45","0.0166893","0.05746667"
"3.46","-0.01351039","0.05763333","3.46","0.01430511","0.0576"
"3.47","-0.0111262","0.0578","3.47","0.01430511","0.0578"
"3.48","-0.0055631","0.05793333","3.48","0.01430511","0.05796667"
"3.49","-0.001589457","0.0581","3.49","0.01430511","0.05813333"
"3.5","-0.003178914","0.0583","3.5","0.01509984","0.0583"
"3.51","-0.003178914","0.05846667","3.51","0.01509984","0.05846667"
"3.52","0.0007947286","0.05866667","3.52","0.0166893","0.05863333"
"3.53","0.004768372","0.05883333","3.53","0.01907349","0.0588"
"3.54","0.004768372","0.05896667","3.54","0.0166893","0.05896667"
"3.55","-0.001589457","0.05913333","3.55","0.003178914","0.0591"
"3.56","-0.01033147","0.05926667","3.56","-0.01271566","0.05926667"
"3.57","-0.01748403","0.05946667","3.57","-0.01748403","0.0594"
"3.58","-0.01748403","0.05963333","3.58","-0.0111262","0.0596"
"3.59","-0.01033147","0.0598","3.59","-0.001589457","0.0598"
"3.6","-0.003178914","0.06","3.6","0.002384186","0.05996667"
"3.61","-0.0007947286","0.06016667","3.61","0.0007947286","0.06013333"
"3.62","-0.001589457","0.06033333","3.62","0.004768372","0.0603"
"3.63","-0.0007947286","0.0605","3.63","0.0166893","0.06046667"
"3.64","-0.0007947286","0.06066667","3.64","0.02622604","0.06063334"
"3.65","-0.003973643","0.06083333","3.65","0.03099442","0.06076667"
"3.66","-0.006357829","0.06093333","3.66","0.03258387","0.06093333"
"3.67","-0.0055631","0.0611","3.67","0.03019969","0.0611"
"3.68","-0.006357829","0.06126667","3.68","0.02145767","0.06126667"
"3.69","-0.01033147","0.06146667","3.69","0.01033147","0.06143333"
"3.7","-0.01351039","0.06163333","3.7","0.003178914","0.06163333"
"3.71","-0.01509984","0.06176667","3.71","0.002384186","0.06176667"
"3.72","-0.01589457","0.06193333","3.72","0.007947286","0.06193333"
"3.73","-0.01748403","0.06213333","3.73","0.0166893","0.0621"
"3.74","-0.01748403","0.0623","3.74","0.02145767","0.06226667"
"3.75","-0.01509984","0.06246667","3.75","0.0166893","0.06246667"
"3.76","-0.0111262","0.06263334","3.76","0.0055631","0.06263334"
"3.77","-0.007947286","0.0628","3.77","-0.001589457","0.0628"
"3.78","-0.007947286","0.063","3.78","0.002384186","0.06296667"
"3.79","-0.01271566","0.06316667","3.79","0.01192093","0.0631"
"3.8","-0.01589457","0.0633","3.8","0.0166893","0.06326666"
"3.81","-0.01589457","0.06346667","3.81","0.01271566","0.06346667"
"3.82","-0.01351039","0.0636","3.82","0.009536743","0.06363334"
"3.83","-0.01271566","0.0638","3.83","0.009536743","0.0638"
"3.84","-0.01033147","0.06396667","3.84","0.007947286","0.064"
"3.85","-0.0111262","0.06413333","3.85","0.003178914","0.06413333"
"3.86","-0.01827876","0.06426667","3.86","0.0007947286","0.0643"
"3.87","-0.02702077","0.06446667","3.87","0.002384186","0.06446667"
"3.88","-0.03178914","0.06463333","3.88","0.003178914","0.06463333"
"3.89","-0.02940496","0.0648","3.89","0.003178914","0.06483334"
"3.9","-0.02463659","0.06496666","3.9","0.002384186","0.06496666"
"3.91","-0.02463659","0.06513333","3.91","0.002384186","0.06513333"
"3.92","-0.02940496","0.06533334","3.92","0.0007947286","0.0653"
"3.93","-0.03178914","0.06546666","3.93","-0.001589457","0.06546666"
"3.94","-0.03417333","0.06563333","3.94","-0.003178914","0.06563333"
"3.95","-0.03417333","0.0658","3.95","-0.001589457","0.0658"
"3.96","-0.02861023","0.06596667","3.96","0.0007947286","0.06596667"
"3.97","-0.01509984","0.06613334","3.97","0.004768372","0.0661"
"3.98","-0.0055631","0.0663","3.98","0.009536743","0.0663"
"3.99","-0.0055631","0.06646667","3.99","0.01430511","0.06646667"
"4","-0.01271566","0.0666","4","0.01509984","0.06663334"
"4.01","-0.01509984","0.0668","4.01","0.01430511","0.0668"
"4.02","-0.01271566","0.06696667","4.02","0.01907349","0.06696667"
"4.03","-0.01033147","0.06713334","4.03","0.02384186","0.06713334"
"4.04","-0.008742015","0.06726667","4.04","0.02304713","0.06733333"
"4.05","-0.008742015","0.06743333","4.05","0.0166893","0.06746667"
"4.06","-0.006357829","0.06763333","4.06","0.01509984","0.06766666"
"4.07","-0.001589457","0.0678","4.07","0.02066294","0.0678"
"4.08","0.002384186","0.068","4.08","0.02622604","0.06796667"
"4.09","-0.0007947286","0.06816667","4.09","0.02622604","0.0681"
"4.1","-0.0055631","0.0683","4.1","0.01907349","0.06823333"
"4.11","-0.01271566","0.06846667","4.11","0.0166893","0.0684"
"4.12","-0.01589457","0.06863333","4.12","0.01748403","0.0686"
"4.13","-0.01509984","0.0688","4.13","0.01430511","0.0688"
"4.14","-0.01271566","0.06896666","4.14","0.004768372","0.06896666"
"4.15","-0.01271566","0.06913333","4.15","0.0007947286","0.06913333"
"4.16","-0.01509984","0.06933334","4.16","0.009536743","0.06926667"
"4.17","-0.01827876","0.0695","4.17","0.0166893","0.06943333"
"4.18","-0.01827876","0.06963333","4.18","0.01192093","0.06963333"
"4.19","-0.01589457","0.0698","4.19","0.0055631","0.0698"
"4.2","-0.01271566","0.06996667","4.2","0.007947286","0.06996667"
"4.21","-0.01351039","0.07013334","4.21","0.01509984","0.07013334"
"4.22","-0.01748403","0.0703","4.22","0.01509984","0.0703"
"4.23","-0.02384186","0.07046667","4.23","0.01033147","0.07046667"
"4.24","-0.02861023","0.07063334","4.24","0.0055631","0.07063334"
"4.25","-0.02940496","0.0708","4.25","0.007152557","0.07076667"
"4.26","-0.02622604","0.07096667","4.26","0.01271566","0.07093333"
"4.27","-0.01986822","0.0711","4.27","0.01907349","0.0711"
"4.28","-0.01351039","0.07126667","4.28","0.01907349","0.07126667"
"4.29","-0.0111262","0.07146667","4.29","0.01430511","0.07146667"
"4.3","-0.01589457","0.0716","4.3","0.009536743","0.07163333"
"4.31","-0.02384186","0.0718","4.31","0.007947286","0.0718"
"4.32","-0.02463659","0.07196667","4.32","0.007947286","0.07196667"
"4.33","-0.01986822","0.07213333","4.33","0.007152557","0.07213333"
"4.34","-0.0111262","0.0723","4.34","0.004768372","0.07226667"
"4.35","-0.003973643","0.07246666","4.35","0.0055631","0.07246666"
"4.36","0.0007947286","0.07266667","4.36","0.01271566","0.0726"
"4.37","0.003178914","0.07283334","4.37","0.02145767","0.0728"
"4.38","0.0007947286","0.07296667","4.38","0.02384186","0.07293333"
"4.39","-0.0055631","0.07313333","4.39","0.02304713","0.0731"
"4.4","-0.01033147","0.07333333","4.4","0.02384186","0.07326667"
"4.41","-0.01033147","0.0735","4.41","0.0278155","0.07343333"
"4.42","-0.008742015","0.07363334","4.42","0.03019969","0.07363334"
"4.43","-0.01033147","0.0738","4.43","0.02543131","0.07376667"
"4.44","-0.01509984","0.074","4.44","0.01748403","0.07396667"
"4.45","-0.01986822","0.07416667","4.45","0.01509984","0.07413334"
"4.46","-0.02463659","0.0743","4.46","0.01509984","0.0743"
"4.47","-0.02622604","0.07446667","4.47","0.01509984","0.07446667"
"4.48","-0.02622604","0.07463334","4.48","0.01509984","0.0746"
"4.49","-0.02861023","0.0748","4.49","0.01509984","0.07476667"
"4.5","-0.03178914","0.07496667","4.5","0.01509984","0.07493334"
"4.51","-0.02940496","0.07513333","4.51","0.01430511","0.07513333"
"4.52","-0.01827876","0.0753","4.52","0.01271566","0.07526667"
"4.53","-0.007947286","0.07546667","4.53","0.01430511","0.07543334"
"4.54","-0.003973643","0.07566667","4.54","0.01430511","0.0756"
"4.55","-0.006357829","0.0758","4.55","0.01430511","0.07576667"
"4.56","-0.006357829","0.07596667","4.56","0.01430511","0.0759"
"4.57","-0.003973643","0.07613333","4.57","0.01509984","0.0761"
"4.58","-0.008742015","0.0763","4.58","0.0166893","0.0763"
"4.59","-0.02384186","0.07646666","4.59","0.01748403","0.07646666"
"4.6","-0.03576279","0.07663333","4.6","0.01907349","0.0766"
"4.61","-0.03814697","0.0768","4.61","0.01907349","0.07676667"
"4.62","-0.0333786","0.077","4.62","0.01748403","0.07696667"
"4.63","-0.02384186","0.07713334","4.63","0.0166893","0.07713334"
"4.64","-0.01827876","0.07733333","4.64","0.01430511","0.0773"
"4.65","-0.02145767","0.07746667","4.65","0.01430511","0.07746667"
"4.66","-0.02384186","0.07763334","4.66","0.0166893","0.07763334"
"4.67","-0.01827876","0.0778","4.67","0.01748403","0.0778"
"4.68","-0.0111262","0.07793333","4.68","0.01271566","0.07796667"
"4.69","-0.006357829","0.07813334","4.69","0.002384186","0.07813334"
"4.7","-0.003973643","0.0783","4.7","-0.0055631","0.07826667"
"4.71","-0.003178914","0.07846667","4.71","-0.0007947286","0.07843333"
"4.72","-0.001589457","0.07863333","4.72","0.009536743","0.07863333"
"4.73","-0.003178914","0.07883333","4.73","0.01192093","0.0788"
"4.74","-0.0055631","0.079","4.74","0.007152557","0.07896667"
"4.75","-0.007947286","0.07913333","4.75","0.003178914","0.07913333"
"4.76","-0.01033147","0.0793","4.76","0.01033147","0.07926667"
"4.77","-0.01033147","0.0795","4.77","0.02384186","0.07943334"
"4.78","-0.008742015","0.07966667","4.78","0.03099442","0.07963333"
"4.79","-0.008742015","0.0798","4.79","0.02861023","0.0798"
"4.8","-0.01033147","0.07996666","4.8","0.02145767","0.07993334"
"4.81","-0.01033147","0.08013333","4.81","0.01907349","0.0801"
"4.82","-0.01351039","0.0803","4.82","0.02066294","0.08026667"
"4.83","-0.02384186","0.08046667","4.83","0.02066294","0.08043333"
"4.84","-0.0333786","0.08066667","4.84","0.0166893","0.0806"
"4.85","-0.03417333","0.08083333","4.85","0.01033147","0.0808"
"4.86","-0.02861023","0.08096667","4.86","0.003178914","0.08096667"
"4.87","-0.01986822","0.08113334","4.87","-0.001589457","0.08113334"
"4.88","-0.0111262","0.0813","4.88","-0.0007947286","0.0813"
"4.89","-0.0055631","0.08146667","4.89","0.004768372","0.08146667"
"4.9","-0.003178914","0.08163334","4.9","0.01192093","0.0816"
"4.91","-0.0055631","0.0818","4.91","0.01509984","0.08176666"
"4.92","-0.007947286","0.08196667","4.92","0.01509984","0.08193333"
"4.93","-0.0111262","0.08216666","4.93","0.01271566","0.0821"
"4.94","-0.01748403","0.08233333","4.94","0.01192093","0.08226667"
"4.95","-0.02463659","0.0825","4.95","0.01271566","0.08243334"
"4.96","-0.03099442","0.08266667","4.96","0.01430511","0.0826"
"4.97","-0.03099442","0.0828","4.97","0.01430511","0.0828"
"4.98","-0.03178914","0.08296667","4.98","0.01033147","0.08296667"
"4.99","-0.03576279","0.08313333","4.99","0.007947286","0.08313333"
"5","-0.0389417","0.0833","5","0.009536743","0.08326667"
"5.01","-0.03814697","0.08346666","5.01","0.01509984","0.08346666"
"5.02","-0.0333786","0.08363333","5.02","0.02066294","0.08363333"
"5.03","-0.02861023","0.0838","5.03","0.01748403","0.0838"
"5.04","-0.02622604","0.084","5.04","0.01430511","0.08396666"
"5.05","-0.02145767","0.08416667","5.05","0.01192093","0.0841"
"5.06","-0.01509984","0.08433334","5.06","0.009536743","0.0843"
"5.07","-0.01033147","0.08446667","5.07","0.0055631","0.08446667"
"5.08","-0.01271566","0.08463334","5.08","0.003178914","0.0846"
"5.09","-0.01748403","0.0848","5.09","0.007152557","0.08476667"
"5.1","-0.01986822","0.08496667","5.1","0.01271566","0.08493333"
"5.11","-0.0222524","0.08513334","5.11","0.01907349","0.0851"
"5.12","-0.0222524","0.08533333","5.12","0.02304713","0.08526666"
"5.13","-0.01986822","0.08546667","5.13","0.02622604","0.08543333"
"5.14","-0.01589457","0.08563334","5.14","0.02384186","0.0856"
"5.15","-0.01748403","0.0858","5.15","0.0166893","0.08576667"
"5.16","-0.01827876","0.086","5.16","0.01192093","0.08593334"
"5.17","-0.01589457","0.08616666","5.17","0.01430511","0.08606667"
"5.18","-0.01271566","0.08633333","5.18","0.01748403","0.08626667"
"5.19","-0.01033147","0.0865","5.19","0.0166893","0.08643334"
"5.2","-0.0055631","0.08666667","5.2","0.01192093","0.0866"
"5.21","-0.001589457","0.08683334","5.21","0.007947286","0.0868"
"5.22","-0.0007947286","0.087","5.22","0.007152557","0.08696667"
"5.23","-0.0055631","0.08713333","5.23","0.01033147","0.0871"
"5.24","-0.008742015","0.0873","5.24","0.01430511","0.08726667"
"5.25","-0.0111262","0.08746666","5.25","0.01430511","0.08743333"
"5.26","-0.01271566","0.08766667","5.26","0.01033147","0.0876"
"5.27","-0.01271566","0.0878","5.27","0.007152557","0.08776667"
"5.28","-0.008742015","0.08796667","5.28","0.004768372","0.08793333"
"5.29","-0.003178914","0.08813334","5.29","0.004768372","0.0881"
"5.3","0.0007947286","0.08833333","5.3","0.007152557","0.08826667"
"5.31","-0.003178914","0.0885","5.31","0.01033147","0.08843333"
"5.32","-0.01033147","0.08866667","5.32","0.01748403","0.0886"
"5.33","-0.01509984","0.08883333","5.33","0.02543131","0.08876666"
"5.34","-0.01748403","0.089","5.34","0.02861023","0.08893333"
"5.35","-0.01827876","0.08913334","5.35","0.0278155","0.0891"
"5.36","-0.01986822","0.0893","5.36","0.02384186","0.08926667"
"5.37","-0.0222524","0.08946667","5.37","0.02384186","0.0894"
"5.38","-0.02463659","0.08963333","5.38","0.03099442","0.0896"
"5.39","-0.02145767","0.0898","5.39","0.03814697","0.08976667"
"5.4","-0.01271566","0.08996667","5.4","0.03735225","0.08993334"
"5.41","-0.006357829","0.09013333","5.41","0.02543131","0.0901"
"5.42","-0.007947286","0.0903","5.42","0.0166893","0.09026667"
"5.43","-0.01351039","0.09046667","5.43","0.02304713","0.09043334"
"5.44","-0.01986822","0.09066667","5.44","0.03258387","0.0906"
"5.45","-0.02384186","0.0908","5.45","0.03099442","0.09076667"
"5.46","-0.02463659","0.09096666","5.46","0.02145767","0.09093334"
"5.47","-0.02384186","0.09113333","5.47","0.01192093","0.0911"
"5.48","-0.01827876","0.09133334","5.48","0.007947286","0.09126667"
"5.49","-0.01351039","0.09146667","5.49","0.009536743","0.09146667"
"5.5","-0.01509984","0.09163333","5.5","0.01271566","0.09163333"
"5.51","-0.01827876","0.0918","5.51","0.01509984","0.0918"
"5.52","-0.01589457","0.092","5.52","0.01430511","0.09196667"
"5.53","-0.01351039","0.09216667","5.53","0.009536743","0.09213334"
"5.54","-0.01351039","0.09233333","5.54","0.004768372","0.0923"
"5.55","-0.01351039","0.09246667","5.55","-0.0007947286","0.09243333"
"5.56","-0.01271566","0.09266667","5.56","-0.001589457","0.0926"
"5.57","-0.008742015","0.09283333","5.57","0.0007947286","0.09276666"
"5.58","-0.003178914","0.093","5.58","0.003178914","0.09296667"
"5.59","0.007947286","0.09313334","5.59","0.004768372","0.0931"
"5.6","0.01271566","0.09333333","5.6","0.0055631","0.09326667"
"5.61","0.007152557","0.09346667","5.61","0.007947286","0.09343334"
"5.62","-0.0007947286","0.09366667","5.62","0.01033147","0.09363333"
"5.63","-0.003178914","0.0938","5.63","0.01271566","0.0938"
"5.64","-0.001589457","0.09396667","5.64","0.01430511","0.09396667"
"5.65","-0.003973643","0.09416667","5.65","0.01430511","0.09413333"
"5.66","-0.006357829","0.0943","5.66","0.01430511","0.0943"
"5.67","-0.007947286","0.09446667","5.67","0.0166893","0.09446667"
"5.68","-0.007947286","0.09463333","5.68","0.0166893","0.0946"
"5.69","-0.006357829","0.0948","5.69","0.01033147","0.0948"
"5.7","-0.003178914","0.09496666","5.7","-0.0007947286","0.09493333"
"5.71","0.0007947286","0.09513333","5.71","-0.0055631","0.0951"
"5.72","0.002384186","0.0953","5.72","0.0007947286","0.09526667"
"5.73","0.0007947286","0.09546667","5.73","0.01271566","0.09546667"
"5.74","-0.003178914","0.09563334","5.74","0.02145767","0.09563334"
"5.75","-0.006357829","0.0958","5.75","0.02145767","0.09576667"
"5.76","-0.01271566","0.09596667","5.76","0.01907349","0.09593333"
"5.77","-0.02145767","0.09613334","5.77","0.0166893","0.09613334"
"5.78","-0.02702077","0.0963","5.78","0.01748403","0.0963"
"5.79","-0.02861023","0.09646667","5.79","0.02304713","0.09646667"
"5.8","-0.02622604","0.0966","5.8","0.0278155","0.09663334"
"5.81","-0.02145767","0.0968","5.81","0.03019969","0.0968"
"5.82","-0.01271566","0.09696667","5.82","0.02861023","0.09696667"
"5.83","-0.0055631","0.09713333","5.83","0.02622604","0.0971"
"5.84","-0.003973643","0.09726667","5.84","0.02384186","0.09726667"
"5.85","-0.0055631","0.09746667","5.85","0.02384186","0.09746667"
"5.86","-0.0055631","0.09763333","5.86","0.02384186","0.09763333"
"5.87","-0.003178914","0.0978","5.87","0.02384186","0.0978"
"5.88","-0.0007947286","0.09796667","5.88","0.02384186","0.09793334"
"5.89","-0.0007947286","0.09813333","5.89","0.02543131","0.0981"
"5.9","-0.008742015","0.09833334","5.9","0.0278155","0.09826667"
"5.91","-0.02145767","0.09846666","5.91","0.03258387","0.09846666"
"5.92","-0.02622604","0.09866667","5.92","0.04132589","0.0986"
"5.93","-0.01986822","0.09883334","5.93","0.04688899","0.09876667"
"5.94","-0.008742015","0.099","5.94","0.0445048","0.0989"
"5.95","-0.0055631","0.09916667","5.95","0.0333786","0.09906667"
"5.96","-0.006357829","0.0993","5.96","0.02145767","0.09923334"
"5.97","-0.008742015","0.0995","5.97","0.01271566","0.09943333"
"5.98","-0.01033147","0.09963334","5.98","0.0055631","0.09963334"
"5.99","-0.008742015","0.0998","5.99","-0.0007947286","0.0998"
"6","-0.003178914","0.09996667","6","-0.0007947286","0.1"
"6.01","0.004768372","0.1001333","6.01","0.0055631","0.1001667"
"6.02","0.007152557","0.1003","6.02","0.01271566","0.1003"
"6.03","0.007947286","0.1004667","6.03","0.0166893","0.1004333"
"6.04","0.007947286","0.1006333","6.04","0.01907349","0.1005667"
"6.05","0.003178914","0.1008333","6.05","0.01907349","0.1007333"
"6.06","-0.001589457","0.1009667","6.06","0.01748403","0.1009333"
"6.07","-0.0007947286","0.1011333","6.07","0.01430511","0.1011"
"6.08","0.002384186","0.1013","6.08","0.0166893","0.1012667"
"6.09","-0.001589457","0.1014667","6.09","0.02304713","0.1014333"
"6.1","-0.008742015","0.1016667","6.1","0.0278155","0.1016333"
"6.11","-0.01351039","0.1018333","6.11","0.02543131","0.1018"
"6.12","-0.0111262","0.102","6.12","0.02384186","0.1019667"
"6.13","-0.003178914","0.1021667","6.13","0.03099442","0.1021333"
"6.14","0.003178914","0.1023333","6.14","0.03735225","0.1023"
"6.15","0.004768372","0.1024667","6.15","0.03496806","0.1024333"
"6.16","0.003178914","0.1026333","6.16","0.02622604","0.1026"
"6.17","0.0007947286","0.1028","6.17","0.02145767","0.1027333"
"6.18","0.0007947286","0.1029667","6.18","0.02304713","0.1029333"
"6.19","0.003178914","0.1031333","6.19","0.02622604","0.1031"
"6.2","0.007947286","0.1033","6.2","0.02861023","0.1032667"
"6.21","0.01192093","0.1034667","6.21","0.03258387","0.1034333"
"6.22","0.01033147","0.1036333","6.22","0.03735225","0.1036"
"6.23","0.009536743","0.1038","6.23","0.03576279","0.1037667"
"6.24","0.009536743","0.1039333","6.24","0.03099442","0.1039333"
"6.25","0.007947286","0.1041333","6.25","0.0278155","0.1041"
"6.26","0.004768372","0.1043333","6.26","0.0278155","0.1042667"
"6.27","0.002384186","0.1044667","6.27","0.02861023","0.1044333"
"6.28","0.002384186","0.1046667","6.28","0.03099442","0.1046"
"6.29","0.002384186","0.1048333","6.29","0.03019969","0.1048"
"6.3","-0.003973643","0.1049667","6.3","0.02543131","0.1049667"
"6.31","-0.008742015","0.1051667","6.31","0.02304713","0.1051333"
"6.32","-0.0111262","0.1053","6.32","0.02145767","0.1053"
"6.33","-0.0111262","0.1054667","6.33","0.02145767","0.1055"
"6.34","-0.0111262","0.1056333","6.34","0.02066294","0.1056333"
"6.35","-0.01033147","0.1058","6.35","0.02304713","0.1058"
"6.36","-0.006357829","0.1059667","6.36","0.02861023","0.1059333"
"6.37","-0.003178914","0.1061333","6.37","0.0333786","0.1061"
"6.38","-0.0007947286","0.1063","6.38","0.03496806","0.1062667"
"6.39","0.0007947286","0.1064667","6.39","0.03099442","0.1064667"
"6.4","0.004768372","0.1066333","6.4","0.0278155","0.1066333"
"6.41","0.009536743","0.1068","6.41","0.02145767","0.1068"
"6.42","0.009536743","0.1069667","6.42","0.01430511","0.1069667"
"6.43","0.003178914","0.1071333","6.43","0.01033147","0.1071333"
"6.44","-0.007947286","0.1072667","6.44","0.01192093","0.1073"
"6.45","-0.01589457","0.1074333","6.45","0.01271566","0.1074667"
"6.46","-0.01986822","0.1076333","6.46","0.0166893","0.1076"
"6.47","-0.01748403","0.1078","6.47","0.02384186","0.1078"
"6.48","-0.0111262","0.1079667","6.48","0.03099442","0.1079667"
"6.49","-0.0055631","0.1081667","6.49","0.0333786","0.1081333"
"6.5","0.002384186","0.1083333","6.5","0.03019969","0.1083"
"6.51","0.003178914","0.1085","6.51","0.0278155","0.1084667"
"6.52","-0.001589457","0.1086333","6.52","0.03019969","0.1086333"
"6.53","-0.0055631","0.1087667","6.53","0.0333786","0.1088"
"6.54","-0.008742015","0.1089333","6.54","0.02861023","0.1089667"
"6.55","-0.01351039","0.1091","6.55","0.02145767","0.1091333"
"6.56","-0.01509984","0.1092667","6.56","0.02066294","0.1093"
"6.57","-0.008742015","0.1094667","6.57","0.02304713","0.1094667"
"6.58","-0.0007947286","0.1096","6.58","0.02304713","0.1096333"
"6.59","0.0055631","0.1098","6.59","0.02384186","0.1098"
"6.6","0.007947286","0.1099667","6.6","0.0333786","0.1099333"
"6.61","0.01192093","0.1101333","6.61","0.0445048","0.1101333"
"6.62","0.01509984","0.1103","6.62","0.04609426","0.1103"
"6.63","0.01748403","0.1104667","6.63","0.03258387","0.1104667"
"6.64","0.01748403","0.1106667","6.64","0.0166893","0.1106333"
"6.65","0.01509984","0.1108333","6.65","0.01033147","0.1108"
"6.66","0.009536743","0.111","6.66","0.01430511","0.1109667"
"6.67","-0.001589457","0.1111667","6.67","0.01907349","0.1111333"
"6.68","-0.01271566","0.1113333","6.68","0.02066294","0.1113"
"6.69","-0.01589457","0.1114667","6.69","0.02145767","0.1114667"
"6.7","-0.008742015","0.1116333","6.7","0.02622604","0.1116333"
"6.71","0.0007947286","0.1118","6.71","0.03258387","0.1118333"
"6.72","0.003178914","0.1119667","6.72","0.03496806","0.112"
"6.73","-0.003178914","0.1121667","6.73","0.03099442","0.1121333"
"6.74","-0.0111262","0.1123333","6.74","0.02861023","0.1123"
"6.75","-0.01589457","0.1124667","6.75","0.02861023","0.1124333"
"6.76","-0.01986822","0.1126333","6.76","0.02861023","0.1126333"
"6.77","-0.02384186","0.1128","6.77","0.02543131","0.1127667"
"6.78","-0.02463659","0.1129667","6.78","0.02066294","0.1129667"
"6.79","-0.02384186","0.1131667","6.79","0.02066294","0.1131333"
"6.8","-0.02384186","0.1133333","6.8","0.0278155","0.1133"
"6.81","-0.0222524","0.1134667","6.81","0.0333786","0.1134667"
"6.82","-0.01351039","0.1136333","6.82","0.0333786","0.1136"
"6.83","-0.0007947286","0.1138","6.83","0.02861023","0.1138"
"6.84","0.003178914","0.114","6.84","0.02622604","0.1139667"
"6.85","-0.001589457","0.1141333","6.85","0.02861023","0.1141333"
"6.86","-0.003973643","0.1142667","6.86","0.03496806","0.1143"
"6.87","0.003178914","0.1144667","6.87","0.03973643","0.1144667"
"6.88","0.01509984","0.1146333","6.88","0.03973643","0.1146333"
"6.89","0.01907349","0.1148","6.89","0.03576279","0.1148"
"6.9","0.01271566","0.115","6.9","0.03258387","0.1149667"
"6.91","0.004768372","0.1151667","6.91","0.02622604","0.1151333"
"6.92","-0.003178914","0.1153333","6.92","0.02066294","0.1152667"
"6.93","-0.006357829","0.1154667","6.93","0.02304713","0.1154667"
"6.94","-0.007947286","0.1156333","6.94","0.03258387","0.1156333"
"6.95","-0.007947286","0.1158","6.95","0.03814697","0.1158"
"6.96","-0.003973643","0.1159333","6.96","0.03735225","0.1159667"
"6.97","0.003178914","0.1161333","6.97","0.03496806","0.1161333"
"6.98","0.007947286","0.1163333","6.98","0.03576279","0.1163"
"6.99","0.007947286","0.1164667","6.99","0.03576279","0.1164333"
"7","0.002384186","0.1166333","7","0.03258387","0.1166"
"7.01","-0.003178914","0.1168333","7.01","0.03019969","0.1167667"
"7.02","-0.008742015","0.1169667","7.02","0.03258387","0.1169333"
"7.03","-0.01748403","0.1171333","7.03","0.03576279","0.1171"
"7.04","-0.02384186","0.1173","7.04","0.03258387","0.1172667"
"7.05","-0.02463659","0.1174667","7.05","0.02543131","0.1174333"
"7.06","-0.0222524","0.1176333","7.06","0.02066294","0.1176333"
"7.07","-0.01351039","0.1178","7.07","0.02066294","0.1177667"
"7.08","-0.003973643","0.1179333","7.08","0.02066294","0.1179333"
"7.09","0.002384186","0.1181333","7.09","0.01907349","0.1181333"
"7.1","0.004768372","0.1183333","7.1","0.01907349","0.1183"
"7.11","0.003178914","0.1184667","7.11","0.02066294","0.1184667"
"7.12","0.0007947286","0.1186333","7.12","0.02066294","0.1186333"
"7.13","-0.0055631","0.1188333","7.13","0.02066294","0.1188"
"7.14","-0.01509984","0.1189667","7.14","0.02304713","0.119"
"7.15","-0.01986822","0.1191333","7.15","0.02543131","0.1191333"
"7.16","-0.01748403","0.1193","7.16","0.01907349","0.1193333"
"7.17","-0.0111262","0.1194667","7.17","0.01192093","0.1195"
"7.18","-0.001589457","0.1196333","7.18","0.01271566","0.1196333"
"7.19","0.01033147","0.1198","7.19","0.02384186","0.1198"
"7.2","0.01907349","0.1199667","7.2","0.03099442","0.12"
"7.21","0.0166893","0.1201333","7.21","0.03019969","0.1201333"
"7.22","0.007152557","0.1203","7.22","0.02861023","0.1203"
"7.23","-0.0055631","0.1204667","7.23","0.03099442","0.1204667"
"7.24","-0.01351039","0.1206333","7.24","0.03735225","0.1206333"
"7.25","-0.01351039","0.1207667","7.25","0.04132589","0.1208"
"7.26","-0.0055631","0.1209333","7.26","0.04132589","0.1209667"
"7.27","0.007152557","0.1211333","7.27","0.03258387","0.1211333"
"7.28","0.01430511","0.1213","7.28","0.02145767","0.1213"
"7.29","0.01271566","0.1215","7.29","0.01430511","0.1214667"
"7.3","0.004768372","0.1216667","7.3","0.01509984","0.1216333"
"7.31","-0.003178914","0.1218","7.31","0.02066294","0.1218"
"7.32","-0.003178914","0.1219667","7.32","0.02543131","0.1219667"
"7.33","-0.0007947286","0.1221333","7.33","0.02622604","0.1221333"
"7.34","0.003178914","0.1223","7.34","0.02622604","0.1223"
"7.35","0.007947286","0.1224667","7.35","0.0278155","0.1224667"
"7.36","0.01271566","0.1226333","7.36","0.03099442","0.1226333"
"7.37","0.01509984","0.1228","7.37","0.03496806","0.1228"
"7.38","0.01509984","0.1229667","7.38","0.03099442","0.1229667"
"7.39","0.01192093","0.1231333","7.39","0.02304713","0.1231333"
"7.4","0.004768372","0.1233","7.4","0.0166893","0.1233"
"7.41","-0.0055631","0.1235","7.41","0.0166893","0.1234667"
"7.42","-0.01271566","0.1236333","7.42","0.01907349","0.1236333"
"7.43","-0.01351039","0.1238","7.43","0.02304713","0.1238"
"7.44","-0.01033147","0.1239333","7.44","0.02543131","0.1239667"
"7.45","-0.003973643","0.1241333","7.45","0.0278155","0.1241333"
"7.46","0.003178914","0.1243","7.46","0.03019969","0.1243"
"7.47","0.01271566","0.1244333","7.47","0.03019969","0.1244667"
"7.48","0.02145767","0.1246","7.48","0.02384186","0.1246667"
"7.49","0.02304713","0.1247667","7.49","0.02145767","0.1248"
"7.5","0.01907349","0.1249667","7.5","0.0278155","0.1249667"
"7.51","0.01430511","0.1251333","7.51","0.03576279","0.1251333"
"7.52","0.007947286","0.1253","7.52","0.03735225","0.1252667"
"7.53","-0.0007947286","0.1254667","7.53","0.03258387","0.1254667"
"7.54","-0.008742015","0.1256333","7.54","0.02861023","0.1256333"
"7.55","-0.01271566","0.1258","7.55","0.0278155","0.1258"
"7.56","-0.01033147","0.1259333","7.56","0.02384186","0.1259667"
"7.57","-0.001589457","0.1261333","7.57","0.01748403","0.1261333"
"7.58","0.007152557","0.1263","7.58","0.01430511","0.1262667"
"7.59","0.009536743","0.1264667","7.59","0.01748403","0.1264667"
"7.6","0.003178914","0.1266333","7.6","0.02622604","0.1266"
"7.61","-0.0055631","0.1268","7.61","0.03099442","0.1267667"
"7.62","-0.008742015","0.1269667","7.62","0.02861023","0.1269333"
"7.63","-0.003973643","0.1271333","7.63","0.02861023","0.1271"
"7.64","0.004768372","0.1273","7.64","0.03496806","0.1272667"
"7.65","0.01271566","0.1274667","7.65","0.03973643","0.1274667"
"7.66","0.02145767","0.1276333","7.66","0.03735225","0.1276333"
"7.67","0.02384186","0.1278","7.67","0.03019969","0.1277667"
"7.68","0.01748403","0.1279667","7.68","0.02384186","0.1279333"
"7.69","0.007947286","0.1281333","7.69","0.02066294","0.1281333"
"7.7","0.0007947286","0.1283","7.7","0.02066294","0.1283"
"7.71","-0.008742015","0.1284667","7.71","0.02384186","0.1284667"
"7.72","-0.01748403","0.1286333","7.72","0.02543131","0.1286667"
"7.73","-0.01827876","0.1288","7.73","0.02304713","0.1288333"
"7.74","-0.01271566","0.1289667","7.74","0.01907349","0.1289667"
"7.75","-0.0055631","0.1291333","7.75","0.01748403","0.1291333"
"7.76","-0.001589457","0.1293","7.76","0.02066294","0.1292667"
"7.77","0.0007947286","0.1294667","7.77","0.02145767","0.1294333"
"7.78","0.0007947286","0.1296333","7.78","0.02145767","0.1296"
"7.79","0.003178914","0.1297667","7.79","0.02145767","0.1297667"
"7.8","0.007152557","0.1299333","7.8","0.02622604","0.1299333"
"7.81","0.01192093","0.1301","7.81","0.03099442","0.1301"
"7.82","0.01430511","0.1302667","7.82","0.0333786","0.1302667"
"7.83","0.01271566","0.1304333","7.83","0.03258387","0.1304333"
"7.84","0.009536743","0.1306","7.84","0.03099442","0.1306333"
"7.85","0.0055631","0.1307667","7.85","0.03258387","0.1308"
"7.86","0.004768372","0.1309667","7.86","0.03576279","0.1309667"
"7.87","0.002384186","0.1311333","7.87","0.03814697","0.1311333"
"7.88","0.0007947286","0.1313","7.88","0.03576279","0.1313"
"7.89","-0.003178914","0.1314667","7.89","0.03258387","0.1314667"
"7.9","-0.007947286","0.1316667","7.9","0.03019969","0.1316333"
"7.91","-0.0111262","0.1318","7.91","0.0278155","0.1318"
"7.92","-0.01033147","0.1319667","7.92","0.02543131","0.1319667"
"7.93","-0.007947286","0.1321333","7.93","0.02622604","0.1321333"
"7.94","-0.01033147","0.1323","7.94","0.03099442","0.1323"
"7.95","-0.01033147","0.1324667","7.95","0.03496806","0.1324667"
"7.96","-0.003973643","0.1326","7.96","0.03496806","0.1326333"
"7.97","0.0007947286","0.1328","7.97","0.03019969","0.1327667"
"7.98","-0.0007947286","0.1329667","7.98","0.02066294","0.1329667"
"7.99","-0.006357829","0.1331333","7.99","0.01430511","0.1331333"
"8","-0.007947286","0.1333333","8","0.01430511","0.1333"
"8.01","-0.003178914","0.1335","8.01","0.02066294","0.1334667"
"8.02","0.004768372","0.1336667","8.02","0.02622604","0.1336333"
"8.03","0.0055631","0.1338","8.03","0.0278155","0.1337667"
"8.04","0.002384186","0.1339667","8.04","0.0278155","0.1339333"
"8.05","-0.001589457","0.1341333","8.05","0.02861023","0.1341333"
"8.06","-0.003178914","0.1343","8.06","0.0278155","0.1343"
"8.07","-0.001589457","0.1344667","8.07","0.02304713","0.1344667"
"8.08","0.0007947286","0.1346","8.08","0.01748403","0.1346"
"8.09","0.004768372","0.1348","8.09","0.01907349","0.1348"
"8.1","0.007947286","0.1349667","8.1","0.02384186","0.1349667"
"8.11","0.01033147","0.1351333","8.11","0.02622604","0.1351333"
"8.12","0.01033147","0.1353","8.12","0.02622604","0.1353"
"8.13","0.007152557","0.1354667","8.13","0.02861023","0.1354667"
"8.14","0.0007947286","0.1356333","8.14","0.0333786","0.1356333"
"8.15","-0.0055631","0.1358","8.15","0.0333786","0.1358"
"8.16","-0.008742015","0.1359333","8.16","0.0278155","0.1359333"
"8.17","-0.01033147","0.1361333","8.17","0.02145767","0.1361"
"8.18","-0.008742015","0.1363","8.18","0.02066294","0.1363"
"8.19","-0.006357829","0.1364667","8.19","0.02543131","0.1364667"
"8.2","-0.003178914","0.1366333","8.2","0.03258387","0.1366333"
"8.21","0.0007947286","0.1368","8.21","0.03576279","0.1368"
"8.22","0.004768372","0.1369667","8.22","0.0333786","0.137"
"8.23","0.004768372","0.1371333","8.23","0.02861023","0.1371667"
"8.24","0.0007947286","0.1373","8.24","0.02622604","0.1373"
"8.25","-0.006357829","0.1374667","8.25","0.02861023","0.1374667"
"8.26","-0.0111262","0.1376333","8.26","0.03258387","0.1376333"
"8.27","-0.01271566","0.1377667","8.27","0.03496806","0.1378"
"8.28","-0.0111262","0.1379333","8.28","0.0333786","0.1379667"
"8.29","-0.01033147","0.1381","8.29","0.03019969","0.1381333"
"8.3","-0.0111262","0.1382667","8.3","0.02622604","0.1382667"
"8.31","-0.01351039","0.1384333","8.31","0.02145767","0.1384333"
"8.32","-0.01271566","0.1386333","8.32","0.02066294","0.1386"
"8.33","-0.0111262","0.1387667","8.33","0.02304713","0.1387667"
"8.34","-0.01033147","0.1389333","8.34","0.0278155","0.1389333"
"8.35","-0.01033147","0.1391333","8.35","0.0278155","0.1391333"
"8.36","-0.008742015","0.1393","8.36","0.02145767","0.1393"
"8.37","-0.008742015","0.1395","8.37","0.01271566","0.1394667"
"8.38","-0.008742015","0.1396667","8.38","0.007947286","0.1396333"
"8.39","-0.007947286","0.1398","8.39","0.007947286","0.1398"
"8.4","-0.007947286","0.1399667","8.4","0.01033147","0.1399333"
"8.41","-0.0111262","0.1401333","8.41","0.01430511","0.1401333"
"8.42","-0.01986822","0.1403","8.42","0.0166893","0.1403"
"8.43","-0.02702077","0.1404667","8.43","0.01907349","0.1404667"
"8.44","-0.03099442","0.1406333","8.44","0.02384186","0.1406333"
"8.45","-0.02940496","0.1408","8.45","0.02384186","0.1408333"
"8.46","-0.02940496","0.1409667","8.46","0.02145767","0.1409667"
"8.47","-0.02702077","0.1411333","8.47","0.01748403","0.1411333"
"8.48","-0.01827876","0.1412667","8.48","0.0166893","0.1413"
"8.49","-0.003973643","0.1414667","8.49","0.01033147","0.1414667"
"8.5","0.002384186","0.1416333","8.5","0.0007947286","0.1416333"
"8.51","-0.006357829","0.1418","8.51","-0.006357829","0.1418"
"8.52","-0.01827876","0.1419667","8.52","-0.006357829","0.1419333"
"8.53","-0.02463659","0.1421667","8.53","0.002384186","0.1421333"
"8.54","-0.02622604","0.1423333","8.54","0.01271566","0.1423"
"8.55","-0.02622604","0.1424667","8.55","0.02145767","0.1424333"
"8.56","-0.0222524","0.1426333","8.56","0.02622604","0.1426"
"8.57","-0.01589457","0.1428","8.57","0.02543131","0.1427667"
"8.58","-0.0111262","0.1429667","8.58","0.02304713","0.1429667"
"8.59","-0.0055631","0.1431333","8.59","0.02304713","0.1431333"
"8.6","-0.0007947286","0.1433","8.6","0.0278155","0.1433"
"8.61","-0.0055631","0.1434667","8.61","0.03099442","0.1435"
"8.62","-0.02145767","0.1436333","8.62","0.0278155","0.1436333"
"8.63","-0.03417333","0.1438","8.63","0.02304713","0.1438"
"8.64","-0.03655751","0.1439667","8.64","0.02066294","0.1439667"
"8.65","-0.03178914","0.1441","8.65","0.01748403","0.1441333"
"8.66","-0.02702077","0.1443","8.66","0.01509984","0.1442667"
"8.67","-0.02463659","0.1444667","8.67","0.01509984","0.1444"
"8.68","-0.02145767","0.1446333","8.68","0.01748403","0.1445667"
"8.69","-0.01748403","0.1448","8.69","0.02304713","0.1447333"
"8.7","-0.01351039","0.1449667","8.7","0.02543131","0.1449333"
"8.71","-0.008742015","0.1451333","8.71","0.02543131","0.1451333"
"8.72","-0.003178914","0.1453","8.72","0.0278155","0.1452667"
"8.73","0.0007947286","0.1454667","8.73","0.03099442","0.1454333"
"8.74","-0.0007947286","0.1456333","8.74","0.03496806","0.1456333"
"8.75","-0.006357829","0.1458","8.75","0.0333786","0.1458"
"8.76","-0.01033147","0.1459667","8.76","0.02622604","0.146"
"8.77","-0.01271566","0.1461333","8.77","0.01271566","0.1461333"
"8.78","-0.01748403","0.1463","8.78","0.0007947286","0.1463"
"8.79","-0.01986822","0.1464667","8.79","-0.0055631","0.1464667"
"8.8","-0.01509984","0.1466333","8.8","-0.001589457","0.1466333"
"8.81","-0.007947286","0.1468","8.81","0.004768372","0.1468"
"8.82","-0.006357829","0.147","8.82","0.009536743","0.1469667"
"8.83","-0.007947286","0.1471333","8.83","0.01033147","0.1471333"
"8.84","-0.0055631","0.1473","8.84","0.01033147","0.1473"
"8.85","-0.0007947286","0.1475","8.85","0.007152557","0.1474667"
"8.86","-0.0007947286","0.1476333","8.86","0.002384186","0.1476333"
"8.87","-0.007947286","0.1478","8.87","-0.003178914","0.1478"
"8.88","-0.01589457","0.1479667","8.88","-0.0007947286","0.1479667"
"8.89","-0.01748403","0.1481","8.89","0.007947286","0.1481333"
"8.9","-0.0111262","0.1483","8.9","0.01430511","0.1483"
"8.91","-0.003973643","0.1484667","8.91","0.0166893","0.1484667"
"8.92","0.002384186","0.1486333","8.92","0.01907349","0.1486"
"8.93","0.0055631","0.1488","8.93","0.01907349","0.1487667"
"8.94","0.004768372","0.1489667","8.94","0.01907349","0.1489667"
"8.95","-0.003178914","0.1491333","8.95","0.01509984","0.1491333"
"8.96","-0.007947286","0.1493333","8.96","0.01192093","0.1493"
"8.97","-0.01033147","0.1494667","8.97","0.009536743","0.1494667"
"8.98","-0.01033147","0.1496333","8.98","0.01271566","0.1496667"
"8.99","-0.006357829","0.1498","8.99","0.01748403","0.1498"
"9","-0.003178914","0.1499333","9","0.02066294","0.1499667"
"9.01","-0.003178914","0.1501","9.01","0.02145767","0.1501333"
"9.02","-0.01033147","0.1503333","9.02","0.02543131","0.1503"
"9.03","-0.01589457","0.1504667","9.03","0.03099442","0.1504667"
"9.04","-0.01271566","0.1506","9.04","0.0333786","0.1506333"
"9.05","-0.001589457","0.1507667","9.05","0.03099442","0.1508"
"9.06","0.007947286","0.1509333","9.06","0.02861023","0.1509667"
"9.07","0.0055631","0.1511333","9.07","0.02384186","0.1511333"
"9.08","-0.001589457","0.1512667","9.08","0.01748403","0.1513333"
"9.09","-0.008742015","0.1514333","9.09","0.009536743","0.1515"
"9.1","-0.01589457","0.1516333","9.1","0.003178914","0.1516333"
"9.11","-0.01986822","0.1518","9.11","0.0055631","0.1518"
"9.12","-0.01589457","0.152","9.12","0.0166893","0.1519667"
"9.13","-0.006357829","0.1521667","9.13","0.02861023","0.1521333"
"9.14","0.0007947286","0.1523333","9.14","0.03258387","0.1523"
"9.15","0.002384186","0.1524667","9.15","0.0333786","0.1524667"
"9.16","-0.001589457","0.1526333","9.16","0.03099442","0.1526"
"9.17","-0.008742015","0.1528","9.17","0.0278155","0.1528"
"9.18","-0.0111262","0.1529667","9.18","0.02384186","0.1529667"
"9.19","-0.008742015","0.1531","9.19","0.02622604","0.1531"
"9.2","-0.006357829","0.1532667","9.2","0.0333786","0.1533"
"9.21","-0.0055631","0.1534667","9.21","0.03973643","0.1534333"
"9.22","-0.003178914","0.1536333","9.22","0.04212062","0.1536333"
"9.23","0.002384186","0.1538","9.23","0.03973643","0.1538"
"9.24","0.004768372","0.154","9.24","0.04132589","0.154"
"9.25","0.002384186","0.1541333","9.25","0.04609426","0.1541333"
"9.26","-0.003973643","0.1543","9.26","0.05086263","0.1543"
"9.27","-0.007947286","0.1545","9.27","0.04927317","0.1544667"
"9.28","-0.0111262","0.1546333","9.28","0.0445048","0.1546"
"9.29","-0.01589457","0.1548","9.29","0.04371007","0.1547667"
"9.3","-0.0222524","0.1549667","9.3","0.04609426","0.1549333"
"9.31","-0.02702077","0.1551","9.31","0.04927317","0.1551"
"9.32","-0.02702077","0.1552667","9.32","0.055631","0.1552667"
"9.33","-0.01986822","0.1554667","9.33","0.06437302","0.1554333"
"9.34","-0.0111262","0.1556333","9.34","0.06993612","0.1556"
"9.35","-0.007947286","0.1558","9.35","0.0723203","0.1557667"
"9.36","-0.007947286","0.1559667","9.36","0.07390976","0.1559333"
"9.37","-0.008742015","0.1561333","9.37","0.0723203","0.1561333"
"9.38","-0.01351039","0.1563","9.38","0.06993612","0.1562667"
"9.39","-0.02384186","0.1564667","9.39","0.06516775","0.1564333"
"9.4","-0.03178914","0.1566667","9.4","0.06198883","0.1566333"
"9.41","-0.03417333","0.1568333","9.41","0.06198883","0.1568333"
"9.42","-0.03099442","0.1569667","9.42","0.06755193","0.1569667"
"9.43","-0.01986822","0.1571333","9.43","0.07867813","0.1571333"
"9.44","-0.008742015","0.1573333","9.44","0.08742014","0.1573"
"9.45","-0.0055631","0.1575","9.45","0.09218851","0.1574667"
"9.46","-0.01033147","0.1577","9.46","0.08821487","0.1576333"
"9.47","-0.01589457","0.1578333","9.47","0.08742014","0.1577667"
"9.48","-0.02145767","0.158","9.48","0.09298325","0.1579667"
"9.49","-0.02622604","0.1581667","9.49","0.1001358","0.1581333"
"9.5","-0.03099442","0.1583","9.5","0.09934107","0.1583"
"9.51","-0.02940496","0.1584667","9.51","0.09695689","0.1584667"
"9.52","-0.01986822","0.1586333","9.52","0.09775162","0.1586333"
"9.53","-0.0111262","0.1588","9.53","0.1017253","0.1588"
"9.54","-0.0055631","0.1589333","9.54","0.1001358","0.1589667"
"9.55","-0.0007947286","0.1591","9.55","0.09536743","0.1591"
"9.56","0.003178914","0.1593","9.56","0.09298325","0.1592667"
"9.57","0.002384186","0.1594667","9.57","0.09536743","0.1594333"
"9.58","-0.003178914","0.1596333","9.58","0.1017253","0.1596333"
"9.59","-0.007947286","0.1598333","9.59","0.1064936","0.1597667"
"9.6","-0.0111262","0.16","9.6","0.1064936","0.1599333"
"9.61","-0.0111262","0.1601667","9.61","0.1056989","0.1601"
"9.62","-0.008742015","0.1603333","9.62","0.1056989","0.1602667"
"9.63","-0.003973643","0.1604667","9.63","0.1128515","0.1604333"
"9.64","-0.003973643","0.1606667","9.64","0.120004","0.1606"
"9.65","-0.01033147","0.1608","9.65","0.1239777","0.1607667"
"9.66","-0.01351039","0.1609667","9.66","0.1247724","0.1609333"
"9.67","-0.01351039","0.1611333","9.67","0.1271566","0.1611"
"9.68","-0.008742015","0.1613","9.68","0.1343091","0.1612667"
"9.69","-0.007947286","0.1614667","9.69","0.1430511","0.1614333"
"9.7","-0.0111262","0.1616333","9.7","0.1517932","0.1616"
"9.71","-0.01509984","0.1618","9.71","0.1565615","0.1617667"
"9.72","-0.01271566","0.162","9.72","0.1565615","0.1619333"
"9.73","-0.0055631","0.1621333","9.73","0.1541774","0.1621"
"9.74","-0.0007947286","0.1623","9.74","0.1525879","0.1622667"
"9.75","0.003178914","0.1624667","9.75","0.1565615","0.1624667"
"9.76","0.007947286","0.1626667","9.76","0.1653035","0.1626"
"9.77","0.01033147","0.1628","9.77","0.1724561","0.1627667"
"9.78","0.004768372","0.163","9.78","0.175635","0.1629667"
"9.79","-0.003973643","0.1631333","9.79","0.1780192","0.1631333"
"9.8","-0.008742015","0.1633333","9.8","0.1804034","0.1633"
"9.81","-0.01033147","0.1635","9.81","0.1804034","0.1634667"
"9.82","-0.01033147","0.1636333","9.82","0.1780192","0.1636333"
"9.83","-0.008742015","0.1638","9.83","0.1748403","0.1638"
"9.84","-0.01033147","0.1639667","9.84","0.1724561","0.1639333"
"9.85","-0.0111262","0.1641333","9.85","0.1708667","0.1641333"
"9.86","-0.006357829","0.1643","9.86","0.1772245","0.1642667"
"9.87","0.0007947286","0.1644667","9.87","0.1915296","0.1644667"
"9.88","0.003178914","0.1646333","9.88","0.2026558","0.1646"
"9.89","-0.0007947286","0.1648","9.89","0.2066294","0.1647667"
"9.9","-0.008742015","0.1649667","9.9","0.2074242","0.1649667"
"9.91","-0.01509984","0.1651333","9.91","0.2145767","0.1651333"
"9.92","-0.01351039","0.1653","9.92","0.2272924","0.1653"
"9.93","-0.0055631","0.1654667","9.93","0.2415975","0.1654667"
"9.94","0.007152557","0.1656333","9.94","0.2527237","0.1656333"
"9.95","0.01192093","0.1658","9.95","0.2527237","0.1657667"
"9.96","0.007947286","0.166","9.96","0.2479553","0.1659333"
"9.97","0.003178914","0.1661667","9.97","0.2455711","0.1661"
"9.98","0.003178914","0.1663","9.98","0.2527237","0.1662667"
"9.99","0.01033147","0.1664667","9.99","0.2646446","0.1664333"
"10","0.01430511","0.1666667","10","0.2733866","0.1666"
"10.01","0.01271566","0.1668333","10.01","0.2757708","0.1667667"
"10.02","0.01033147","0.1669667","10.02","0.2805392","0.1669667"
"10.03","0.009536743","0.1671333","10.03","0.2948443","0.1671333"
"10.04","0.01271566","0.1673333","10.04","0.3123283","0.1673"
"10.05","0.01509984","0.1675","10.05","0.3314018","0.1674333"
"10.06","0.01509984","0.1676667","10.06","0.3496806","0.1676"
"10.07","0.01192093","0.1678","10.07","0.3608068","0.1677667"
"10.08","0.009536743","0.168","10.08","0.3679594","0.1679333"
"10.09","0.01192093","0.1681333","10.09","0.3814697","0.1681333"
"10.1","0.01192093","0.1683333","10.1","0.3997485","0.1682667"
"10.11","0.009536743","0.1685","10.11","0.4140536","0.1684667"
"10.12","0.009536743","0.1686667","10.12","0.4259745","0.1686333"
"10.13","0.01748403","0.1688333","10.13","0.4386902","0.1687667"
"10.14","0.03258387","0.169","10.14","0.4553795","0.1689333"
"10.15","0.03735225","0.1691667","10.15","0.4752477","0.1691"
"10.16","0.02861023","0.1693333","10.16","0.4935265","0.1692667"
"10.17","0.01748403","0.1695","10.17","0.5094211","0.1694667"
"10.18","0.01509984","0.1696667","10.18","0.5269051","0.1696"
"10.19","0.02145767","0.1698333","10.19","0.5451838","0.1697667"
"10.2","0.02543131","0.1699667","10.2","0.565052","0.1699333"
"10.21","0.01907349","0.1701333","10.21","0.5865097","0.1701"
"10.22","0.007947286","0.1703333","10.22","0.6087621","0.1702667"
"10.23","0.0055631","0.1704667","10.23","0.6278356","0.1704333"
"10.24","0.01033147","0.1706333","10.24","0.6516774","0.1706"
"10.25","0.01271566","0.1708","10.25","0.6771088","0.1707333"
"10.26","0.009536743","0.1709667","10.26","0.7025401","0.1709333"
"10.27","0.0055631","0.1711333","10.27","0.7303556","0.1711"
"10.28","0.004768372","0.1713","10.28","0.7605553","0.1712667"
"10.29","0.004768372","0.1715","10.29","0.7923444","0.1714333"
"10.3","0.002384186","0.1716667","10.3","0.816981","0.1716"
"10.31","0.002384186","0.1718","10.31","0.8360545","0.1717667"
"10.32","0.007947286","0.172","10.32","0.86387","0.1719333"
"10.33","0.02066294","0.1721333","10.33","0.9028117","0.1721"
"10.34","0.02622604","0.1723","10.34","0.9417534","0.1722667"
"10.35","0.02384186","0.1724667","10.35","0.9759267","0.1724"
"10.36","0.01907349","0.1726333","10.36","1.007716","0.1726"
"10.37","0.02145767","0.1728","10.37","1.041889","0.1727667"
"10.38","0.02861023","0.1729667","10.38","1.076857","0.1729333"
"10.39","0.0333786","0.1731333","10.39","1.11421","0.1731"
"10.4","0.03735225","0.1733333","10.4","1.158714","0.1732667"
"10.41","0.0445048","0.1735","10.41","1.203219","0.1734667"
"10.42","0.05404155","0.1736667","10.42","1.248519","0.1736333"
"10.43","0.05880992","0.1738","10.43","1.294613","0.1738"
"10.44","0.05880992","0.1739667","10.44","1.34786","0.1739667"
"10.45","0.06198883","0.1741333","10.45","1.40508","0.1741"
"10.46","0.06755193","0.1743","10.46","1.459916","0.1742667"
"10.47","0.0667572","0.1744667","10.47","1.5076","0.1744333"
"10.48","0.05880992","0.1746333","10.48","1.554489","0.1746"
"10.49","0.055631","0.1748","10.49","1.606146","0.1748"
"10.5","0.06278356","0.175","10.5","1.65542","0.1749333"
"10.51","0.07708868","0.1751667","10.51","1.703898","0.1751333"
"10.52","0.09218851","0.1753333","10.52","1.75635","0.1753"
"10.53","0.1041094","0.1754667","10.53","1.815955","0.1754667"
"10.54","0.1088778","0.1756667","10.54","1.875559","0.1756"
"10.55","0.1064936","0.1758","10.55","1.93278","0.1757667"
"10.56","0.1056989","0.1759667","10.56","1.992385","0.1759333"
"10.57","0.1088778","0.1761333","10.57","2.058347","0.1761333"
"10.58","0.1184146","0.1763","10.58","2.123515","0.1763"
"10.59","0.1311302","0.1764667","10.59","2.185504","0.1764667"
"10.6","0.1454353","0.1766333","10.6","2.249877","0.1766333"
"10.61","0.1597404","0.1768","10.61","2.320607","0.1768333"
"10.62","0.1700719","0.1769667","10.62","2.396901","0.1769667"
"10.63","0.1732508","0.1771333","10.63","2.47399","0.1771333"
"10.64","0.175635","0.1773333","10.64","2.547105","0.1773"
"10.65","0.184377","0.1775","10.65","2.618631","0.1774667"
"10.66","0.2002716","0.1776667","10.66","2.69254","0.1776333"
"10.67","0.213782","0.1778333","10.67","2.76804","0.1777667"
"10.68","0.2209346","0.1779667","10.68","2.845923","0.1779667"
"10.69","0.2233187","0.1781333","10.69","2.922217","0.1781333"
"10.7","0.2272924","0.1783","10.7","2.996922","0.1783"
"10.71","0.2368291","0.1784667","10.71","3.072421","0.1784667"
"10.72","0.2535184","0.1786667","10.72","3.151099","0.1786333"
"10.73","0.2765656","0.1788","10.73","3.23534","0.1788"
"10.74","0.2964338","0.1789667","10.74","3.32276","0.1789667"
"10.75","0.3083547","0.1791333","10.75","3.412565","0.1791333"
"10.76","0.3107389","0.1792667","10.76","3.499985","0.1793"
"10.77","0.3099442","0.1794667","10.77","3.581842","0.1794667"
"10.78","0.3099442","0.1796333","10.78","3.655751","0.1796333"
"10.79","0.3170967","0.1798","10.79","3.733635","0.1798"
"10.8","0.3306071","0.1799667","10.8","3.823439","0.1799333"
"10.81","0.3449122","0.1801667","10.81","3.921986","0.1801"
"10.82","0.3608068","0.1803","10.82","4.016558","0.1803"
"10.83","0.3790855","0.1804667","10.83","4.107157","0.1804333"
"10.84","0.3957748","0.1806333","10.84","4.195372","0.1806333"
"10.85","0.4116694","0.1808","10.85","4.285177","0.1807667"
"10.86","0.4259745","0.1809667","10.86","4.374186","0.1809667"
"10.87","0.4394849","0.1811333","10.87","4.463991","0.1811333"
"10.88","0.4529953","0.1813","10.88","4.551411","0.1813"
"10.89","0.4641215","0.1814667","10.89","4.637241","0.1814667"
"10.9","0.4776319","0.1816333","10.9","4.727046","0.1816333"
"10.91","0.4911423","0.1818","10.91","4.826387","0.1817667"
"10.92","0.5038579","0.1819667","10.92","4.932086","0.1819333"
"10.93","0.5221367","0.1821667","10.93","5.034606","0.1821"
"10.94","0.5467733","0.1823333","10.94","5.122026","0.1822667"
"10.95","0.5722046","0.1825","10.95","5.200704","0.1824333"
"10.96","0.5952517","0.1826667","10.96","5.282561","0.1826333"
"10.97","0.620683","0.1828333","10.97","5.377134","0.1828"
"10.98","0.6484985","0.183","10.98","5.47568","0.1829667"
"10.99","0.6747246","0.1831333","10.99","5.571047","0.1831333"
"11","0.6937981","0.1833333","11","5.66562","0.1832667"
"11.01","0.7136663","0.1834667","11.01","5.766551","0.1834333"
"11.02","0.7343292","0.1836333","11.02","5.87225","0.1836333"
"11.03","0.7549922","0.1837667","11.03","5.971591","0.1837667"
"11.04","0.7732709","0.1839667","11.04","6.06219","0.1839333"
"11.05","0.7899602","0.1841333","11.05","6.144842","0.1841333"
"11.06","0.8066495","0.1843333","11.06","6.233057","0.1843"
"11.07","0.8225441","0.1844667","11.07","6.331603","0.1844333"
"11.08","0.8424123","0.1846333","11.08","6.429354","0.1846"
"11.09","0.872612","0.1848333","11.09","6.521543","0.1847667"
"11.1","0.9091695","0.185","11.1","6.610552","0.1849667"
"11.11","0.9465218","0.1851333","11.11","6.701151","0.1851333"
"11.12","0.9822845","0.1853","11.12","6.79493","0.1852667"
"11.13","1.013279","0.1854667","11.13","6.893476","0.1854667"
"11.14","1.037916","0.1856333","11.14","6.99838","0.1856"
"11.15","1.058578","0.1858","11.15","7.101695","0.1857667"
"11.16","1.078447","0.1859667","11.16","7.200241","0.1859333"
"11.17","1.09911","0.1861667","11.17","7.294814","0.1860667"
"11.18","1.125336","0.1863","11.18","7.387002","0.1862667"
"11.19","1.161893","0.1864667","11.19","7.474422","0.1864333"
"11.2","1.211961","0.1866333","11.2","7.559458","0.1866"
"11.21","1.267592","0.1868333","11.21","7.654826","0.1868"
"11.22","1.312892","0.187","11.22","7.763704","0.1869667"
"11.23","1.349449","0.1871333","11.23","7.878145","0.1871333"
"11.24","1.383623","0.1873333","11.24","7.990201","0.1872667"
"11.25","1.420975","0.1875","11.25","8.095901","0.1874667"
"11.26","1.458327","0.1876667","11.26","8.194447","0.1876333"
"11.27","1.496474","0.1878333","11.27","8.288224","0.1877667"
"11.28","1.5378","0.188","11.28","8.378029","0.1879333"
"11.29","1.584689","0.1881667","11.29","8.467038","0.1881"
"11.3","1.636346","0.1883","11.3","8.558433","0.1882667"
"11.31","1.687209","0.1884333","11.31","8.651416","0.1884333"
"11.32","1.737277","0.1886","11.32","8.747578","0.1886"
"11.33","1.784166","0.1888","11.33","8.839767","0.1888"
"11.34","1.825492","0.1889667","11.34","8.928776","0.1889667"
"11.35","1.862049","0.1891333","11.35","9.022553","0.1891333"
"11.36","1.900196","0.1893","11.36","9.123485","0.1893"
"11.37","1.943906","0.1894667","11.37","9.224415","0.1894667"
"11.38","1.992385","0.1896333","11.38","9.320577","0.1896333"
"11.39","2.048016","0.1898","11.39","9.411971","0.1898"
"11.4","2.106826","0.1899667","11.4","9.507339","0.1899333"
"11.41","2.162457","0.1901667","11.41","9.610653","0.1901333"
"11.42","2.218882","0.1903333","11.42","9.713967","0.1903"
"11.43","2.272129","0.1904667","11.43","9.811719","0.1904333"
"11.44","2.322992","0.1906333","11.44","9.903113","0.1906"
"11.45","2.37306","0.1907667","11.45","9.993712","0.1907667"
"11.46","2.425512","0.1909667","11.46","10.08272","0.1909333"
"11.47","2.482732","0.1911","11.47","10.16458","0.1911333"
"11.48","2.539158","0.1912667","11.48","10.24405","0.1912667"
"11.49","2.595584","0.1914333","11.49","10.33465","0.1914333"
"11.5","2.652804","0.1916333","11.5","10.43876","0.1916333"
"11.51","2.710819","0.1918","11.51","10.54605","0.1918"
"11.52","2.772808","0.1919667","11.52","10.6446","0.1919333"
"11.53","2.839565","0.1921333","11.53","10.73837","0.1921333"
"11.54","2.907912","0.1923","11.54","10.83533","0.1923333"
"11.55","2.97149","0.1924333","11.55","10.93467","0.1925"
"11.56","3.031095","0.1926","11.56","11.0356","0.1926667"
"11.57","3.090699","0.1927667","11.57","11.14051","0.1928"
"11.58","3.155072","0.1929333","11.58","11.24541","0.1929667"
"11.59","3.224214","0.1931333","11.59","11.33998","0.1931333"
"11.6","3.298124","0.1933","11.6","11.42502","0.1933"
"11.61","3.372033","0.1935","11.61","11.51005","0.1934333"
"11.62","3.446738","0.1936667","11.62","11.59986","0.1936333"
"11.63","3.523032","0.1938333","11.63","11.69284","0.1938"
"11.64","3.602505","0.194","11.64","11.77867","0.1939667"
"11.65","3.676414","0.1941667","11.65","11.8653","0.1941667"
"11.66","3.742377","0.1942667","11.66","11.96146","0.1943333"
"11.67","3.805161","0.1944333","11.67","12.06319","0.1945"
"11.68","3.873507","0.1946","11.68","12.16332","0.1946333"
"11.69","3.945033","0.1947667","11.69","12.26266","0.1948"
"11.7","4.016558","0.1949667","11.7","12.36598","0.1949667"
"11.71","4.087289","0.1951667","11.71","12.46134","0.1951"
"11.72","4.162788","0.1953333","11.72","12.53843","0.1952667"
"11.73","4.239082","0.1955","11.73","12.61155","0.1954333"
"11.74","4.318555","0.1956667","11.74","12.69341","0.1956"
"11.75","4.398823","0.1958","11.75","12.78162","0.1958"
"11.76","4.479885","0.1959667","11.76","12.8754","0.1959333"
"11.77","4.555384","0.1961333","11.77","12.96759","0.1961333"
"11.78","4.624526","0.1963","11.78","13.05898","0.1963"
"11.79","4.697641","0.1964667","11.79","13.14878","0.1964667"
"11.8","4.780293","0.1966333","11.8","13.24177","0.1966333"
"11.81","4.869302","0.1968","11.81","13.33237","0.1968"
"11.82","4.956722","0.197","11.82","13.4182","0.1969667"
"11.83","5.041758","0.1971333","11.83","13.49926","0.1971333"
"11.84","5.128384","0.1973","11.84","13.58589","0.1973"
"11.85","5.218188","0.1974667","11.85","13.67887","0.1974667"
"11.86","5.307992","0.1976333","11.86","13.76708","0.1976333"
"11.87","5.395412","0.1978","11.87","13.84338","0.1978"
"11.88","5.479654","0.1979667","11.88","13.9149","0.1979333"
"11.89","5.56469","0.1981667","11.89","13.98802","0.1981"
"11.9","5.65211","0.1983333","11.9","14.0659","0.1982667"
"11.91","5.745888","0.1985","11.91","14.13504","0.1984333"
"11.92","5.845229","0.1987","11.92","14.1875","0.1986"
"11.93","5.943775","0.1988333","11.93","14.23279","0.1987667"
"11.94","6.039937","0.1989667","11.94","14.2765","0.1989333"
"11.95","6.132126","0.1991333","11.95","14.31624","0.1991333"
"11.96","6.225904","0.1993","11.96","14.33611","0.1993"
"11.97","6.319682","0.1994667","11.97","14.3067","0.1994667"
"11.98","6.415844","0.1996333","11.98","14.15491","0.1996333"
"11.99","6.510417","0.1998","11.99","13.76311","0.1998"
"12","6.602605","0.2","12","13.10746","0.2"
"12.01","6.696383","0.2001333","12.01","12.34531","0.2001667"
"12.02","6.796519","0.2003333","12.02","11.67933","0.2003333"
"12.03","6.902218","0.2004667","12.03","11.14289","0.2004667"
"12.04","7.006327","0.2006333","12.04","10.62711","0.2006333"
"12.05","7.104079","0.2008","12.05","10.0414","0.2008"
"12.06","7.196268","0.2009667","12.06","9.427071","0.2009333"
"12.07","7.294814","0.2011333","12.07","8.915265","0.2011"
"12.08","7.405281","0.2012667","12.08","8.588632","0.2012667"
"12.09","7.52608","0.2014667","12.09","8.428891","0.2014667"
"12.1","7.646084","0.2016333","12.1","8.37326","0.2016"
"12.11","7.76132","0.2018","12.11","8.370876","0.2017667"
"12.12","7.870992","0.2019667","12.12","8.403461","0.2019667"
"12.13","7.976691","0.2021333","12.13","8.458297","0.2021333"
"12.14","8.090337","0.2023","12.14","8.525054","0.2023"
"12.15","8.212726","0.2024667","12.15","8.604527","0.2024667"
"12.16","8.340676","0.2026333","12.16","8.694331","0.2026333"
"12.17","8.463065","0.2028","12.17","8.790493","0.2028"
"12.18","8.581479","0.2029667","12.18","8.889039","0.203"
"12.19","8.691947","0.2031333","12.19","8.985202","0.2031667"
"12.2","8.79844","0.2033","12.2","9.078185","0.2033333"
"12.21","8.909702","0.2035","12.21","9.16322","0.2035"
"12.22","9.029706","0.2036667","12.22","9.245078","0.2036667"
"12.23","9.156068","0.2038","12.23","9.330113","0.2038333"
"12.24","9.28243","0.2039667","12.24","9.424686","0.204"
"12.25","9.411971","0.2041333","12.25","9.530385","0.2041333"
"12.26","9.543101","0.2042667","12.26","9.637673","0.2043"
"12.27","9.674232","0.2044333","12.27","9.740193","0.2044667"
"12.28","9.802182","0.2046","12.28","9.837151","0.2046333"
"12.29","9.92616","0.2047667","12.29","9.934108","0.2048"
"12.3","10.04775","0.2049333","12.3","10.02948","0.205"
"12.31","10.16299","0.2051333","12.31","10.11928","0.2051667"
"12.32","10.28061","0.2053","12.32","10.21306","0.2053"
"12.33","10.41015","0.2054667","12.33","10.31955","0.2055"
"12.34","10.55479","0.2056333","12.34","10.43638","0.2056333"
"12.35","10.70738","0.2058","12.35","10.55241","0.2057667"
"12.36","10.86314","0.2059333","12.36","10.66287","0.2059333"
"12.37","11.01017","0.2061","12.37","10.76937","0.2061"
"12.38","11.14448","0.2063","12.38","10.87427","0.2063"
"12.39","11.2764","0.2064667","12.39","10.9752","0.2064667"
"12.4","11.42422","0.2066333","12.4","11.07216","0.2066667"
"12.41","11.58158","0.2068","12.41","11.1707","0.2068333"
"12.42","11.74212","0.2069667","12.42","11.27799","0.2069667"
"12.43","11.89709","0.2071333","12.43","11.3972","0.2071333"
"12.44","12.0465","0.2072667","12.44","11.51959","0.2073"
"12.45","12.19193","0.2074333","12.45","11.63801","0.2074667"
"12.46","12.33816","0.2076","12.46","11.74609","0.2076333"
"12.47","12.48519","0.2078","12.47","11.84702","0.2077667"
"12.48","12.63221","0.208","12.48","11.94318","0.2079333"
"12.49","12.78798","0.2081333","12.49","12.03696","0.2081"
"12.5","12.95328","0.2083","12.5","12.13153","0.2083"
"12.51","13.12335","0.2084667","12.51","12.23008","0.2084667"
"12.52","13.29025","0.2086333","12.52","12.3318","0.2086"
"12.53","13.44919","0.2088333","12.53","12.43512","0.2088"
"12.54","13.60496","0.2089667","12.54","12.54241","0.2089667"
"12.55","13.76073","0.2091333","12.55","12.65208","0.2091"
"12.56","13.91729","0.2093","12.56","12.76493","0.2093"
"12.57","14.07703","0.2094667","12.57","12.87778","0.2094667"
"12.58","14.24074","0.2096333","12.58","12.98984","0.2096333"
"12.59","14.40604","0.2098","12.59","13.10031","0.2098"
"12.6","14.56658","0.2099667","12.6","13.20998","0.2099667"
"12.61","14.71917","0.2101333","12.61","13.32045","0.2101333"
"12.62","14.8646","0.2103","12.62","13.43091","0.2103"
"12.63","15.01322","0.2104667","12.63","13.53661","0.2104667"
"12.64","15.1674","0.2106","12.64","13.63675","0.2106333"
"12.65","15.32555","0.2108","12.65","13.73529","0.2108"
"12.66","15.48847","0.2109667","12.66","13.8394","0.2109667"
"12.67","15.6498","0.2111333","12.67","13.94828","0.2111333"
"12.68","15.80795","0.2113","12.68","14.05478","0.2113"
"12.69","15.96848","0.2114667","12.69","14.16445","0.2114667"
"12.7","16.13537","0.2116333","12.7","14.2765","0.2116333"
"12.71","16.30465","0.2118","12.71","14.39174","0.2118"
"12.72","16.46996","0.2119667","12.72","14.50618","0.2119667"
"12.73","16.62811","0.2121333","12.73","14.61585","0.2121333"
"12.74","16.78069","0.2123","12.74","14.72632","0.2123"
"12.75","16.92772","0.2124333","12.75","14.83758","0.2124667"
"12.76","17.07395","0.2126","12.76","14.94487","0.2126333"
"12.77","17.22733","0.2127667","12.77","15.04501","0.2128"
"12.78","17.38628","0.2129333","12.78","15.14276","0.2129667"
"12.79","17.54443","0.2131333","12.79","15.24289","0.2131333"
"12.8","17.69781","0.2132667","12.8","15.33985","0.2132667"
"12.81","17.84484","0.2134667","12.81","15.43522","0.2134333"
"12.82","17.98789","0.2136333","12.82","15.53376","0.2136"
"12.83","18.12776","0.2138","12.83","15.63311","0.2138"
"12.84","18.2716","0.214","12.84","15.7253","0.2139333"
"12.85","18.42499","0.2141333","12.85","15.80715","0.2141"
"12.86","18.5887","0.2143","12.86","15.88742","0.2143"
"12.87","18.75798","0.2144667","12.87","15.97722","0.2144667"
"12.88","18.92328","0.2146333","12.88","16.07418","0.2146"
"12.89","19.07746","0.2148","12.89","16.16478","0.2148"
"12.9","19.2221","0.2149667","12.9","16.24107","0.2149667"
"12.91","19.36356","0.2151","12.91","16.30783","0.2151333"
"12.92","19.50184","0.2152667","12.92","16.3722","0.2152667"
"12.93","19.63933","0.2154333","12.93","16.43896","0.2154667"
"12.94","19.77523","0.2156","12.94","16.50492","0.2156333"
"12.95","19.91272","0.2158","12.95","16.55817","0.2158"
"12.96","20.05657","0.2159333","12.96","16.58599","0.2159667"
"12.97","20.202","0.2161333","12.97","16.59234","0.2161333"
"12.98","20.34982","0.2162667","12.98","16.59711","0.2162667"
"12.99","20.49685","0.2164333","12.99","16.61539","0.2164667"
"13","20.64387","0.2166","13","16.65433","0.2166333"
"13.01","20.78692","0.2168","13.01","16.71553","0.2168"
"13.02","20.92441","0.217","13.02","16.79659","0.2169667"
"13.03","21.06428","0.2171333","13.03","16.89037","0.2171333"
"13.04","21.20892","0.2173","13.04","16.98494","0.2172667"
"13.05","21.35754","0.2174667","13.05","17.07792","0.2174667"
"13.06","21.50694","0.2176333","13.06","17.17249","0.2176333"
"13.07","21.65635","0.2178","13.07","17.27819","0.2177667"
"13.08","21.80099","0.2179333","13.08","17.38866","0.2179333"
"13.09","21.94007","0.2181333","13.09","17.50072","0.2181333"
"13.1","22.072","0.2183","13.1","17.61278","0.2183"
"13.11","22.19757","0.2184333","13.11","17.72722","0.2184667"
"13.12","22.32075","0.2186","13.12","17.83768","0.2186667"
"13.13","22.44314","0.2187667","13.13","17.94656","0.2188"
"13.14","22.5687","0.2189333","13.14","18.061","0.2189667"
"13.15","22.69506","0.2191","13.15","18.18419","0.2191333"
"13.16","22.82381","0.2192667","13.16","18.30657","0.2193"
"13.17","22.95732","0.2194333","13.17","18.4234","0.2194667"
"13.18","23.0972","0.2196333","13.18","18.53546","0.2196667"
"13.19","23.23707","0.2198","13.19","18.64274","0.2198"
"13.2","23.37456","0.2199333","13.2","18.74685","0.2199667"
"13.21","23.51284","0.2201","13.21","18.85653","0.2201333"
"13.22","23.65669","0.2202667","13.22","18.97335","0.2203"
"13.23","23.79894","0.2204333","13.23","19.09256","0.2204667"
"13.24","23.93007","0.2206","13.24","19.20064","0.2206"
"13.25","24.05564","0.2207667","13.25","19.2976","0.2207667"
"13.26","24.18677","0.2209333","13.26","19.39138","0.2209667"
"13.27","24.3338","0.2211","13.27","19.48992","0.2211333"
"13.28","24.48956","0.2213","13.28","19.58927","0.2213"
"13.29","24.63897","0.2214333","13.29","19.6902","0.2214667"
"13.3","24.77725","0.2216","13.3","19.79272","0.2216333"
"13.31","24.90679","0.2217667","13.31","19.89921","0.2218"
"13.32","25.03077","0.2219333","13.32","20.01127","0.2219667"
"13.33","25.15713","0.2221333","13.33","20.11856","0.2221333"
"13.34","25.28191","0.2223","13.34","20.21472","0.2223"
"13.35","25.4035","0.2224333","13.35","20.30532","0.2224667"
"13.36","25.5243","0.2226","13.36","20.40148","0.2226333"
"13.37","25.65066","0.2228","13.37","20.50479","0.2228"
"13.38","25.78338","0.2229667","13.38","20.61049","0.2229667"
"13.39","25.91928","0.2231333","13.39","20.7146","0.2231"
"13.4","26.05279","0.2233","13.4","20.80997","0.2232667"
"13.41","26.18313","0.2234667","13.41","20.90295","0.2234333"
"13.42","26.30949","0.2236333","13.42","20.99276","0.2236"
"13.43","26.43506","0.2238","13.43","21.07779","0.2237667"
"13.44","26.55983","0.2239667","13.44","21.15647","0.2239333"
"13.45","26.68063","0.2241667","13.45","21.23197","0.2241"
"13.46","26.79586","0.2243","13.46","21.31383","0.2242667"
"13.47","26.91428","0.2244667","13.47","21.40204","0.2244333"
"13.48","27.04064","0.2246333","13.48","21.49582","0.2246"
"13.49","27.17177","0.2248","13.49","21.58721","0.2247667"
"13.5","27.29336","0.2249667","13.5","21.67225","0.2249333"
"13.51","27.40145","0.2251333","13.51","21.75252","0.2251333"
"13.52","27.50715","0.2252667","13.52","21.83278","0.2253333"
"13.53","27.61761","0.2254333","13.53","21.91702","0.2255"
"13.54","27.73364","0.2256333","13.54","22.00921","0.2256667"
"13.55","27.84491","0.2258","13.55","22.1014","0.2258"
"13.56","27.95935","0.2259667","13.56","22.19041","0.226"
"13.57","28.08253","0.2261667","13.57","22.27942","0.2261667"
"13.58","28.21525","0.2263","13.58","22.36764","0.2263"
"13.59","28.34479","0.2264667","13.59","22.44949","0.2264667"
"13.6","28.47274","0.2266333","13.6","22.52261","0.2266"
"13.61","28.59751","0.2268","13.61","22.58539","0.2267333"
"13.62","28.71354","0.2269667","13.62","22.64341","0.2269333"
"13.63","28.81686","0.2271333","13.63","22.69745","0.2271"
"13.64","28.9162","0.2273","13.64","22.74752","0.2272667"
"13.65","29.02746","0.2274667","13.65","22.78884","0.2274333"
"13.66","29.15382","0.2276333","13.66","22.82778","0.2276333"
"13.67","29.28813","0.2278","13.67","22.88183","0.2277667"
"13.68","29.42085","0.2279667","13.68","22.95971","0.2279333"
"13.69","29.53927","0.2281333","13.69","23.04474","0.2281333"
"13.7","29.64497","0.2283","13.7","23.11786","0.2282667"
"13.71","29.74828","0.2284667","13.71","23.17985","0.2284667"
"13.72","29.85636","0.2286","13.72","23.24184","0.2286333"
"13.73","29.9716","0.2288","13.73","23.30383","0.2287667"
"13.74","30.09001","0.2289667","13.74","23.3523","0.2289667"
"13.75","30.20922","0.2291333","13.75","23.38648","0.2291"
"13.76","30.32446","0.2293","13.76","23.41986","0.2292667"
"13.77","30.44128","0.2294667","13.77","23.45562","0.2294"
"13.78","30.5589","0.2296","13.78","23.48661","0.2295667"
"13.79","30.67335","0.2297667","13.79","23.50092","0.2297667"
"13.8","30.77825","0.2299333","13.8","23.50012","0.2299333"
"13.81","30.87362","0.2301","13.81","23.47946","0.2301333"
"13.82","30.96739","0.2302667","13.82","23.40635","0.2303"
"13.83","31.06753","0.2304333","13.83","23.25773","0.2304333"
"13.84","31.17641","0.2306","13.84","23.067","0.2306"
"13.85","31.29085","0.2307667","13.85","22.90487","0.2308"
"13.86","31.40926","0.2309333","13.86","22.81507","0.231"
"13.87","31.52847","0.2311","13.87","22.78884","0.2311667"
"13.88","31.64848","0.2312667","13.88","22.80315","0.2313333"
"13.89","31.76371","0.2314667","13.89","22.85163","0.2315"
"13.9","31.87736","0.2316333","13.9","22.92713","0.2316667"
"13.91","31.99657","0.2318","13.91","23.01693","0.2318333"
"13.92","32.12293","0.232","13.92","23.10912","0.232"
"13.93","32.25406","0.2321667","13.93","23.20528","0.2321667"
"13.94","32.37883","0.2323","13.94","23.30542","0.2323"
"13.95","32.49725","0.2324667","13.95","23.40237","0.2324667"
"13.96","32.6101","0.2326","13.96","23.49695","0.2326333"
"13.97","32.72216","0.2327667","13.97","23.60185","0.2328"
"13.98","32.82785","0.2329667","13.98","23.71708","0.2329667"
"13.99","32.92243","0.2331333","13.99","23.83153","0.2331333"
"14","33.00905","0.2332667","14","23.94597","0.2332667"
"14.01","33.10283","0.2334667","14.01","24.0771","0.2334667"
"14.02","33.2133","0.2336333","14.02","24.22651","0.2336333"
"14.03","33.3333","0.2338","14.03","24.37274","0.2338"
"14.04","33.45251","0.2339667","14.04","24.49433","0.2339667"
"14.05","33.56695","0.2341","14.05","24.59526","0.2341333"
"14.06","33.67742","0.2343","14.06","24.70255","0.2342667"
"14.07","33.78471","0.2344667","14.07","24.82255","0.2344333"
"14.08","33.88802","0.2346","14.08","24.94335","0.2346"
"14.09","33.98895","0.2347667","14.09","25.05461","0.2347667"
"14.1","34.09227","0.2349333","14.1","25.15952","0.2349667"
"14.11","34.19797","0.2351333","14.11","25.27157","0.2351333"
"14.12","34.30128","0.2352667","14.12","25.39396","0.2353"
"14.13","34.40221","0.2354333","14.13","25.52032","0.2354667"
"14.14","34.50791","0.2356333","14.14","25.63477","0.2356333"
"14.15","34.61917","0.2358","14.15","25.73331","0.2358"
"14.16","34.73203","0.236","14.16","25.82471","0.2359333"
"14.17","34.84647","0.2361667","14.17","25.91451","0.2361"
"14.18","34.96329","0.2363","14.18","26.00352","0.2363"
"14.19","35.08329","0.2364333","14.19","26.07981","0.2364667"
"14.2","35.20568","0.2366333","14.2","26.15134","0.2366333"
"14.21","35.32171","0.2368","14.21","26.23638","0.2368"
"14.22","35.42026","0.2369667","14.22","26.3389","0.2369333"
"14.23","35.5037","0.2371333","14.23","26.44857","0.2371333"
"14.24","35.58556","0.2373333","14.24","26.5495","0.2373"
"14.25","35.67537","0.2375","14.25","26.63215","0.2374667"
"14.26","35.77232","0.2376667","14.26","26.70368","0.2376667"
"14.27","35.86848","0.2378333","14.27","26.78633","0.2378"
"14.28","35.96942","0.238","14.28","26.89044","0.2379333"
"14.29","36.08147","0.2381333","14.29","27.00965","0.2381333"
"14.3","36.19909","0.2383333","14.3","27.12806","0.2383"
"14.31","36.31512","0.2384667","14.31","27.24012","0.2384667"
"14.32","36.41923","0.2386333","14.32","27.35058","0.2386333"
"14.33","36.51778","0.2388","14.33","27.45946","0.2387667"
"14.34","36.62109","0.2389667","14.34","27.56437","0.2389667"
"14.35","36.73315","0.2391333","14.35","27.66291","0.2391333"
"14.36","36.83885","0.2393","14.36","27.77735","0.2392667"
"14.37","36.93263","0.2394667","14.37","27.91087","0.2394667"
"14.38","37.02402","0.2396667","14.38","28.04915","0.2396333"
"14.39","37.12495","0.2398","14.39","28.17233","0.2397667"
"14.4","37.23383","0.2399667","14.4","28.28518","0.2399333"
"14.41","37.34271","0.2401333","14.41","28.40598","0.2401"
"14.42","37.45158","0.2403333","14.42","28.5395","0.2402667"
"14.43","37.56602","0.2405","14.43","28.66586","0.2404667"
"14.44","37.67808","0.2406333","14.44","28.77792","0.2406333"
"14.45","37.7814","0.2408","14.45","28.89236","0.2408"
"14.46","37.87756","0.241","14.46","29.02349","0.2409667"
"14.47","37.97452","0.2411667","14.47","29.16416","0.2411"
"14.48","38.07465","0.2413","14.48","29.30164","0.2412667"
"14.49","38.17638","0.2414667","14.49","29.43277","0.2414333"
"14.5","38.28208","0.2416333","14.5","29.56231","0.2416333"
"14.51","38.38539","0.2418","14.51","29.68709","0.2418"
"14.52","38.48155","0.242","14.52","29.8055","0.2419333"
"14.53","38.57533","0.2421667","14.53","29.92471","0.2421333"
"14.54","38.67626","0.2423333","14.54","30.05107","0.2423"
"14.55","38.78276","0.2424667","14.55","30.17982","0.2424333"
"14.56","38.88925","0.2426","14.56","30.30618","0.2426"
"14.57","38.99495","0.2427667","14.57","30.43254","0.2427667"
"14.58","39.09588","0.2429333","14.58","30.56049","0.2429333"
"14.59","39.18807","0.2431333","14.59","30.68527","0.2431"
"14.6","39.27469","0.2433","14.6","30.80209","0.2432667"
"14.61","39.36768","0.2435","14.61","30.91494","0.2434333"
"14.62","39.47258","0.2436667","14.62","31.03097","0.2436"
"14.63","39.58941","0.2438333","14.63","31.15336","0.2438"
"14.64","39.71338","0.244","14.64","31.27734","0.2439333"
"14.65","39.84054","0.2441667","14.65","31.39893","0.2441"
"14.66","39.95975","0.2443","14.66","31.52291","0.2443"
"14.67","40.06068","0.2444667","14.67","31.65007","0.2444667"
"14.68","40.14651","0.2446333","14.68","31.77166","0.2446"
"14.69","40.22916","0.2447667","14.69","31.88531","0.2447667"
"14.7","40.3142","0.2449333","14.7","32.00452","0.2449333"
"14.71","40.40003","0.2451","14.71","32.13326","0.2451"
"14.72","40.48665","0.2452667","14.72","32.25883","0.2452667"
"14.73","40.58123","0.2454333","14.73","32.36612","0.2454333"
"14.74","40.68216","0.2456333","14.74","32.46466","0.2456333"
"14.75","40.78468","0.2458","14.75","32.56798","0.2458"
"14.76","40.88402","0.2459667","14.76","32.67686","0.2459667"
"14.77","40.98733","0.2461333","14.77","32.78176","0.2461333"
"14.78","41.097","0.2463","14.78","32.87792","0.2463"
"14.79","41.21621","0.2464667","14.79","32.97647","0.2464667"
"14.8","41.34099","0.2466667","14.8","33.07502","0.2466333"
"14.81","41.46258","0.2468","14.81","33.16005","0.2468"
"14.82","41.57464","0.2469667","14.82","33.22442","0.2469333"
"14.83","41.68193","0.2471333","14.83","33.2729","0.2471"
"14.84","41.78286","0.2473","14.84","33.31661","0.2473"
"14.85","41.87266","0.2474667","14.85","33.35158","0.2474667"
"14.86","41.95134","0.2476333","14.86","33.38575","0.2476333"
"14.87","42.0332","0.2478","14.87","33.43423","0.2478"
"14.88","42.12539","0.2479667","14.88","33.51132","0.2479667"
"14.89","42.22552","0.2481333","14.89","33.60748","0.2481333"
"14.9","42.32724","0.2483","14.9","33.70921","0.2483"
"14.91","42.43295","0.2484667","14.91","33.81252","0.2484667"
"14.92","42.54659","0.2486667","14.92","33.91822","0.2486333"
"14.93","42.65785","0.2488333","14.93","34.02948","0.2487667"
"14.94","42.76117","0.249","14.94","34.14075","0.2489333"
"14.95","42.85892","0.2491667","14.95","34.25677","0.2491"
"14.96","42.96064","0.2493333","14.96","34.37917","0.2492667"
"14.97","43.07111","0.2494667","14.97","34.5103","0.2494333"
"14.98","43.18078","0.2496333","14.98","34.6454","0.2496"
"14.99","43.27933","0.2498","14.99","34.77812","0.2497667"
"15","43.36834","0.25","15","34.90607","0.2499333"
"15.01","43.45576","0.2501667","15.01","35.03323","0.2501"
"15.02","43.54795","0.2503333","15.02","35.16436","0.2502667"
"15.03","43.65047","0.2505","15.03","35.30582","0.2504667"
"15.04","43.75696","0.2506667","15.04","35.45046","0.2506"
"15.05","43.86028","0.2508","15.05","35.5943","0.2507667"
"15.06","43.95406","0.2509667","15.06","35.73338","0.2509667"
"15.07","44.04545","0.2511333","15.07","35.87325","0.2511333"
"15.08","44.13525","0.2513","15.08","36.01472","0.2512667"
"15.09","44.22029","0.2514667","15.09","36.15697","0.2514333"
"15.1","44.30294","0.2516667","15.1","36.29684","0.2516"
"15.11","44.39036","0.2518333","15.11","36.43195","0.2517667"
"15.12","44.48891","0.252","15.12","36.5591","0.2519333"
"15.13","44.5946","0.2521667","15.13","36.6807","0.2521"
"15.14","44.70666","0.2523333","15.14","36.80388","0.2522667"
"15.15","44.82269","0.2524667","15.15","36.93104","0.2524333"
"15.16","44.93634","0.2526333","15.16","37.06137","0.2526"
"15.17","45.03965","0.2528","15.17","37.19012","0.2527667"
"15.18","45.13025","0.253","15.18","37.31887","0.2529333"
"15.19","45.2137","0.2531667","15.19","37.4492","0.2531333"
"15.2","45.29635","0.2533333","15.2","37.57556","0.2533"
"15.21","45.39172","0.2535","15.21","37.69715","0.2534667"
"15.22","45.5006","0.2536667","15.22","37.82034","0.2536334"
"15.23","45.61106","0.2538","15.23","37.94432","0.2537667"
"15.24","45.71438","0.254","15.24","38.0667","0.2539667"
"15.25","45.80975","0.2541333","15.25","38.1883","0.2541"
"15.26","45.90352","0.2543","15.26","38.31625","0.2542667"
"15.27","45.99889","0.2544667","15.27","38.44738","0.2544333"
"15.28","46.09426","0.2546667","15.28","38.57374","0.2546"
"15.29","46.18247","0.2548333","15.29","38.68977","0.2547667"
"15.3","46.2691","0.2549667","15.3","38.80262","0.2549333"
"15.31","46.36288","0.2551333","15.31","38.92024","0.2551"
"15.32","46.47255","0.2553","15.32","39.04184","0.2552333"
"15.33","46.5862","0.2554667","15.33","39.16264","0.2554334"
"15.34","46.69587","0.2556333","15.34","39.28502","0.2556"
"15.35","46.79601","0.2558","15.35","39.41059","0.2557667"
"15.36","46.89137","0.2559667","15.36","39.53536","0.2559"
"15.37","46.99469","0.2561333","15.37","39.66491","0.2560667"
"15.38","47.10197","0.2563","15.38","39.80319","0.2562333"
"15.39","47.20529","0.2564667","15.39","39.94544","0.2564333"
"15.4","47.30145","0.2566333","15.4","40.07657","0.2566"
"15.41","47.39285","0.2568","15.41","40.20055","0.2568"
"15.42","47.48106","0.2569667","15.42","40.32691","0.2569333"
"15.43","47.57245","0.2571333","15.43","40.46361","0.2571"
"15.44","47.671","0.2573","15.44","40.60666","0.2572667"
"15.45","47.77431","0.2574667","15.45","40.75527","0.2574667"
"15.46","47.88399","0.2576333","15.46","40.90627","0.2576333"
"15.47","48.00081","0.2578","15.47","41.05886","0.2578"
"15.48","48.11208","0.258","15.48","41.20906","0.2579333"
"15.49","48.21062","0.2581667","15.49","41.35211","0.2581"
"15.5","48.30201","0.2583","15.5","41.49358","0.2583"
"15.51","48.40453","0.2584667","15.51","41.63186","0.2584667"
"15.52","48.51977","0.2586333","15.52","41.76696","0.2586"
"15.53","48.63024","0.2587667","15.53","41.90047","0.2587667"
"15.54","48.72243","0.2589667","15.54","42.04035","0.2589333"
"15.55","48.80269","0.2591333","15.55","42.18419","0.2591333"
"15.56","48.8917","0.2593","15.56","42.32883","0.2592333"
"15.57","48.99263","0.2594667","15.57","42.4695","0.2594667"
"15.58","49.09833","0.2596333","15.58","42.60938","0.2596333"
"15.59","49.208","0.2598","15.59","42.74686","0.2598"
"15.6","49.32086","0.2599667","15.6","42.88435","0.2599667"
"15.61","49.42894","0.2601333","15.61","43.02661","0.2601333"
"15.62","49.52987","0.2603","15.62","43.17601","0.2603"
"15.63","49.62842","0.2604667","15.63","43.32304","0.2604667"
"15.64","49.72855","0.2606333","15.64","43.4653","0.2606"
"15.65","49.82948","0.2608","15.65","43.60278","0.2607667"
"15.66","49.92803","0.2609667","15.66","43.73391","0.2609333"
"15.67","50.02658","0.2611333","15.67","43.85789","0.2611"
"15.68","50.12433","0.2613333","15.68","43.97869","0.2613"
"15.69","50.22526","0.2614667","15.69","44.10028","0.2614667"
"15.7","50.33175","0.2616333","15.7","44.22744","0.2616333"
"15.71","50.44063","0.2618","15.71","44.36255","0.2618"
"15.72","50.54792","0.2619667","15.72","44.50401","0.2619333"
"15.73","50.65123","0.2621333","15.73","44.64626","0.2621333"
"15.74","50.74739","0.2623","15.74","44.77978","0.2623"
"15.75","50.84356","0.2624667","15.75","44.90535","0.2624667"
"15.76","50.94528","0.2626333","15.76","45.03171","0.2626333"
"15.77","51.05336","0.2628","15.77","45.17158","0.2628333"
"15.78","51.16701","0.263","15.78","45.31701","0.2629667"
"15.79","51.27509","0.2631667","15.79","45.46086","0.2631333"
"15.8","51.3792","0.2633334","15.8","45.59676","0.2633"
"15.81","51.48172","0.2635","15.81","45.73027","0.2634667"
"15.82","51.58742","0.2636333","15.82","45.85822","0.2636333"
"15.83","51.69709","0.2638","15.83","45.97346","0.2637667"
"15.84","51.80359","0.2639667","15.84","46.07677","0.2639"
"15.85","51.90452","0.2641333","15.85","46.17453","0.2641"
"15.86","51.99989","0.2643","15.86","46.27148","0.2642667"
"15.87","52.09048","0.2644667","15.87","46.36765","0.2644333"
"15.88","52.18108","0.2646333","15.88","46.4646","0.2646"
"15.89","52.27168","0.2648","15.89","46.57348","0.2647667"
"15.9","52.36705","0.2649667","15.9","46.69349","0.2649333"
"15.91","52.4656","0.2651334","15.91","46.8262","0.2651334"
"15.92","52.56971","0.2653","15.92","46.96131","0.2653"
"15.93","52.67699","0.2654667","15.93","47.09323","0.2654667"
"15.94","52.78111","0.2656333","15.94","47.22277","0.2656333"
"15.95","52.88203","0.2658","15.95","47.34755","0.2657667"
"15.96","52.98694","0.2659667","15.96","47.47152","0.2659333"
"15.97","53.09741","0.2661333","15.97","47.58835","0.2661"
"15.98","53.2047","0.2663333","15.98","47.69405","0.2663"
"15.99","53.30324","0.2665","15.99","47.79259","0.2664333"
"16","53.40258","0.2666667","16","47.89829","0.2666333"
"16.01","53.51067","0.2668333","16.01","48.0175","0.2668"
"16.02","53.62272","0.267","16.02","48.14545","0.2669333"
"16.03","53.7308","0.2671667","16.03","48.27261","0.2671"
"16.04","53.83332","0.2673333","16.04","48.39579","0.2673"
"16.05","53.93903","0.2675","16.05","48.51103","0.2674667"
"16.06","54.05108","0.2676333","16.06","48.61434","0.2676333"
"16.07","54.16473","0.2678","16.07","48.71209","0.2677667"
"16.08","54.27678","0.2679667","16.08","48.81541","0.2679333"
"16.09","54.37533","0.2681667","16.09","48.93462","0.2681"
"16.1","54.45798","0.2683","16.1","49.06098","0.2683"
"16.11","54.53666","0.2684667","16.11","49.18337","0.2684333"
"16.12","54.62726","0.2686333","16.12","49.29781","0.2686"
"16.13","54.73058","0.2688","16.13","49.41304","0.2687667"
"16.14","54.83627","0.2689667","16.14","49.52987","0.2689667"
"16.15","54.9372","0.2691","16.15","49.64828","0.2691"
"16.16","55.03416","0.2692667","16.16","49.76273","0.2692333"
"16.17","55.13191","0.2694667","16.17","49.87558","0.2694333"
"16.18","55.22887","0.2696333","16.18","49.9924","0.2696333"
"16.19","55.32742","0.2698333","16.19","50.11161","0.2697667"
"16.2","55.42914","0.2699667","16.2","50.2332","0.2699"
"16.21","55.5404","0.2701333","16.21","50.3548","0.2701"
"16.22","55.65802","0.2703333","16.22","50.47242","0.2702667"
"16.23","55.78597","0.2704667","16.23","50.57732","0.2704333"
"16.24","55.90995","0.2706333","16.24","50.67587","0.2706"
"16.25","56.02042","0.2708","16.25","50.77918","0.2708"
"16.26","56.11976","0.271","16.26","50.89442","0.2709333"
"16.27","56.21592","0.2711333","16.27","51.01204","0.2711"
"16.28","56.31208","0.2712667","16.28","51.12886","0.2713"
"16.29","56.4154","0.2714333","16.29","51.24171","0.2714333"
"16.3","56.52984","0.2716","16.3","51.35536","0.2716333"
"16.31","56.64428","0.2717667","16.31","51.4706","0.2718"
"16.32","56.74521","0.2719333","16.32","51.58583","0.2719667"
"16.33","56.83899","0.2721334","16.33","51.70504","0.2721334"
"16.34","56.93356","0.2723","16.34","51.82187","0.2723"
"16.35","57.03449","0.2724667","16.35","51.92757","0.2724333"
"16.36","57.14257","0.2726333","16.36","52.02373","0.2726"
"16.37","57.26178","0.2728333","16.37","52.11989","0.2727333"
"16.38","57.38497","0.2729667","16.38","52.22321","0.2729333"
"16.39","57.5002","0.2731333","16.39","52.32573","0.2731"
"16.4","57.60749","0.2733","16.4","52.41792","0.2732667"
"16.41","57.71558","0.2734667","16.41","52.50056","0.2734667"
"16.42","57.82604","0.2736667","16.42","52.5856","0.2736667"
"16.43","57.93412","0.2738","16.43","52.68653","0.2738"
"16.44","58.03664","0.2739667","16.44","52.80097","0.2739667"
"16.45","58.13758","0.2741333","16.45","52.92018","0.2741333"
"16.46","58.24168","0.2743","16.46","53.03542","0.2743"
"16.47","58.3442","0.2744667","16.47","53.14032","0.2744667"
"16.48","58.44275","0.2746333","16.48","53.23331","0.2746333"
"16.49","58.53971","0.2748","16.49","53.32232","0.2748"
"16.5","58.63428","0.2749333","16.5","53.41451","0.275"
"16.51","58.73044","0.2751","16.51","53.51543","0.2751333"
"16.52","58.82899","0.2752667","16.52","53.62272","0.2753"
"16.53","58.92356","0.2754667","16.53","53.7324","0.2754667"
"16.54","59.01178","0.2756","16.54","53.84684","0.2756333"
"16.55","59.0992","0.2757667","16.55","53.96684","0.2757667"
"16.56","59.19854","0.2759333","16.56","54.08605","0.2759333"
"16.57","59.3106","0.2761333","16.57","54.19175","0.2761333"
"16.58","59.41629","0.2762667","16.58","54.28632","0.2763"
"16.59","59.51245","0.2764333","16.59","54.37772","0.2764333"
"16.6","59.6118","0.2766","16.6","54.47467","0.2766"
"16.61","59.72544","0.2767667","16.61","54.58355","0.2768"
"16.62","59.84147","0.2769333","16.62","54.69481","0.2769333"
"16.63","59.95115","0.2771333","16.63","54.80846","0.2771333"
"16.64","60.05446","0.2772667","16.64","54.92369","0.2773"
"16.65","60.15301","0.2774667","16.65","55.0429","0.2774667"
"16.66","60.25314","0.2776333","16.66","55.16927","0.2776333"
"16.67","60.35646","0.2778333","16.67","55.2996","0.2778333"
"16.68","60.46931","0.278","16.68","55.42199","0.278"
"16.69","60.58455","0.2781333","16.69","55.5404","0.2781333"
"16.7","60.70137","0.2783","16.7","55.66199","0.2783"
"16.71","60.81979","0.2785","16.71","55.79392","0.2784667"
"16.72","60.93105","0.2786667","16.72","55.92902","0.2786333"
"16.73","61.02959","0.2788333","16.73","56.05221","0.2788"
"16.74","61.12337","0.279","16.74","56.1587","0.2789667"
"16.75","61.22192","0.2792","16.75","56.26599","0.2791333"
"16.76","61.33159","0.2793667","16.76","56.38123","0.2792667"
"16.77","61.44921","0.2795","16.77","56.50043","0.2794667"
"16.78","61.56842","0.2796667","16.78","56.61488","0.2796333"
"16.79","61.67889","0.2798","16.79","56.72534","0.2798"
"16.8","61.77664","0.2799667","16.8","56.83978","0.2799667"
"16.81","61.85929","0.2801667","16.81","56.9582","0.2801333"
"16.82","61.9332","0.2803333","16.82","57.07582","0.2803"
"16.83","62.00393","0.2804667","16.83","57.19503","0.2804667"
"16.84","62.0842","0.2806333","16.84","57.31742","0.2806333"
"16.85","62.18274","0.2808","16.85","57.44298","0.2808"
"16.86","62.29083","0.281","16.86","57.56934","0.2809667"
"16.87","62.39414","0.2811333","16.87","57.69571","0.2811333"
"16.88","62.4911","0.2813","16.88","57.81889","0.2813"
"16.89","62.596","0.2814667","16.89","57.9381","0.2814667"
"16.9","62.71045","0.2816333","16.9","58.05175","0.2816333"
"16.91","62.82091","0.2818","16.91","58.16142","0.2818"
"16.92","62.91946","0.2819667","16.92","58.2695","0.2819667"
"16.93","63.01165","0.2821333","16.93","58.38315","0.2821"
"16.94","63.1086","0.2823333","16.94","58.50951","0.2822667"
"16.95","63.21112","0.2825","16.95","58.647","0.2824667"
"16.96","63.31205","0.2826667","16.96","58.78289","0.2826"
"16.97","63.4114","0.2828333","16.97","58.90926","0.2828"
"16.98","63.51948","0.283","16.98","59.02449","0.2829667"
"16.99","63.63789","0.2831667","16.99","59.14529","0.2831333"
"17","63.7579","0.2833333","17","59.27245","0.2833"
"17.01","63.87234","0.2835","17.01","59.40278","0.2834667"
"17.02","63.97803","0.2836334","17.02","59.53391","0.2836334"
"17.03","64.08612","0.2838","17.03","59.66346","0.2838"
"17.04","64.19579","0.2839333","17.04","59.78346","0.2839333"
"17.05","64.29195","0.2841333","17.05","59.89869","0.2841333"
"17.06","64.37064","0.2843","17.06","60.01711","0.2843"
"17.07","64.44772","0.2844667","17.07","60.14347","0.2844667"
"17.08","64.53355","0.2846333","17.08","60.27937","0.2846333"
"17.09","64.63369","0.2848","17.09","60.41924","0.2848"
"17.1","64.74018","0.2849667","17.1","60.55832","0.2849333"
"17.11","64.84985","0.2851333","17.11","60.68547","0.2851"
"17.12","64.95794","0.2853333","17.12","60.80151","0.2852667"
"17.13","65.06761","0.2854667","17.13","60.91039","0.2854333"
"17.14","65.17966","0.2856333","17.14","61.02085","0.2856"
"17.15","65.28616","0.2858","17.15","61.14165","0.2858"
"17.16","65.3847","0.2859667","17.16","61.27278","0.2859667"
"17.17","65.47212","0.2861333","17.17","61.41186","0.2861333"
"17.18","65.55875","0.2863","17.18","61.55491","0.2863333"
"17.19","65.65571","0.2864667","17.19","61.69875","0.2864667"
"17.2","65.763","0.2866333","17.2","61.84101","0.2866333"
"17.21","65.87347","0.2868","17.21","61.98168","0.2868"
"17.22","65.98075","0.2869667","17.22","62.11678","0.2869667"
"17.23","66.0793","0.2871333","17.23","62.24553","0.2871333"
"17.24","66.16672","0.2873","17.24","62.36871","0.2873"
"17.25","66.25096","0.2875","17.25","62.48395","0.2874667"
"17.26","66.34077","0.2876667","17.26","62.59203","0.2876667"
"17.27","66.44408","0.2878","17.27","62.69932","0.2878333"
"17.28","66.56091","0.2879667","17.28","62.81376","0.288"
"17.29","66.68329","0.2881333","17.29","62.93535","0.2881333"
"17.3","66.80489","0.2883","17.3","63.05059","0.2883"
"17.31","66.9082","0.2884667","17.31","63.14675","0.2884667"
"17.32","66.98767","0.2886333","17.32","63.22463","0.2886333"
"17.33","67.06317","0.2888","17.33","63.29377","0.2888"
"17.34","67.149","0.2889667","17.34","63.3653","0.289"
"17.35","67.24437","0.2891333","17.35","63.4408","0.2891333"
"17.36","67.33656","0.2893","17.36","63.51948","0.2893"
"17.37","67.42875","0.2894667","17.37","63.59657","0.2894667"
"17.38","67.5273","0.2896","17.38","63.67286","0.2896333"
"17.39","67.63061","0.2898","17.39","63.74121","0.2898"
"17.4","67.73551","0.2899667","17.4","63.79366","0.2899333"
"17.41","67.83247","0.2901333","17.41","63.82863","0.2901"
"17.42","67.92704","0.2903","17.42","63.85883","0.2902667"
"17.43","68.0248","0.2904667","17.43","63.8922","0.2904333"
"17.44","68.13129","0.2906334","17.44","63.92558","0.2906334"
"17.45","68.24573","0.2908","17.45","63.95658","0.2908"
"17.46","68.3554","0.2909667","17.46","63.98519","0.2909667"
"17.47","68.45633","0.2911333","17.47","64.0138","0.2911333"
"17.48","68.54852","0.2912667","17.48","64.04002","0.2913"
"17.49","68.64071","0.2914333","17.49","64.06307","0.2914667"
"17.5","68.73449","0.2916","17.5","64.0885","0.2916333"
"17.51","68.8243","0.2917667","17.51","64.11711","0.2918"
"17.52","68.90456","0.2919333","17.52","64.14493","0.292"
"17.53","68.98244","0.2921333","17.53","64.17274","0.2921667"
"17.54","69.06747","0.2923333","17.54","64.20692","0.2923"
"17.55","69.16602","0.2924667","17.55","64.24666","0.2924667"
"17.56","69.28046","0.2926333","17.56","64.28957","0.2926333"
"17.57","69.40365","0.2928","17.57","64.33328","0.2928"
"17.58","69.52604","0.293","17.58","64.37699","0.2929333"
"17.59","69.64207","0.2931667","17.59","64.42229","0.2931333"
"17.6","69.75253","0.2933","17.6","64.46441","0.2933"
"17.61","69.85664","0.2934667","17.61","64.49858","0.2934667"
"17.62","69.95678","0.2936333","17.62","64.52879","0.2936333"
"17.63","70.04659","0.2938","17.63","64.56931","0.2938"
"17.64","70.12765","0.2939667","17.64","64.62971","0.2939667"
"17.65","70.2095","0.2941333","17.65","64.70203","0.2941333"
"17.66","70.29454","0.2943","17.66","64.76879","0.2943"
"17.67","70.38354","0.2944667","17.67","64.82919","0.2944333"
"17.68","70.47097","0.2946333","17.68","64.88879","0.2946"
"17.69","70.56236","0.2948","17.69","64.94999","0.2948"
"17.7","70.65932","0.2949667","17.7","65.008","0.2949333"
"17.71","70.76661","0.2951333","17.71","65.06761","0.2951333"
"17.72","70.87549","0.2952667","17.72","65.1288","0.2953"
"17.73","70.97642","0.2954667","17.73","65.19159","0.2954667"
"17.74","71.06702","0.2956333","17.74","65.25358","0.2956333"
"17.75","71.15285","0.2958","17.75","65.31318","0.2958"
"17.76","71.23788","0.2959667","17.76","65.37994","0.2959667"
"17.77","71.32689","0.2961333","17.77","65.45464","0.2961333"
"17.78","71.42305","0.2962667","17.78","65.53094","0.2963"
"17.79","71.52239","0.2964667","17.79","65.60644","0.2964667"
"17.8","71.62332","0.2966333","17.8","65.67637","0.2966"
"17.81","71.72187","0.2968","17.81","65.74154","0.2967667"
"17.82","71.81406","0.2969667","17.82","65.79797","0.2969333"
"17.83","71.90546","0.2971333","17.83","65.85042","0.2971"
"17.84","72.00082","0.2973","17.84","65.90048","0.2972667"
"17.85","72.0938","0.2974667","17.85","65.94579","0.2974333"
"17.86","72.1844","0.2976333","17.86","65.99188","0.2976333"
"17.87","72.27262","0.2978","17.87","66.04513","0.2978"
"17.88","72.35925","0.2979333","17.88","66.11189","0.2979667"
"17.89","72.44826","0.2981333","17.89","66.19135","0.2981"
"17.9","72.53647","0.2983","17.9","66.28434","0.2982667"
"17.91","72.62389","0.2984667","17.91","66.38209","0.2984333"
"17.92","72.70813","0.2986333","17.92","66.47587","0.2986"
"17.93","72.79237","0.2988","17.93","66.55852","0.2988"
"17.94","72.8782","0.2989667","17.94","66.63958","0.2989667"
"17.95","72.96324","0.2991","17.95","66.73177","0.2991333"
"17.96","73.04987","0.2993","17.96","66.84621","0.2993"
"17.97","73.13887","0.2994667","17.97","66.97893","0.2994667"
"17.98","73.23186","0.2996","17.98","67.11244","0.2996333"
"17.99","73.32961","0.2997667","17.99","67.23801","0.2998"
"18","73.42657","0.2999333","18","67.35564","0.2999333"
"18.01","73.51637","0.3001","18.01","67.47643","0.3001333"
"18.02","73.59902","0.3002667","18.02","67.60518","0.3003"
"18.03","73.67929","0.3004667","18.03","67.73551","0.3004667"
"18.04","73.76194","0.3006333","18.04","67.86028","0.3006333"
"18.05","73.85016","0.3008","18.05","67.98188","0.3008"
"18.06","73.94314","0.3009667","18.06","68.10586","0.3009667"
"18.07","74.03692","0.3011333","18.07","68.22984","0.3011333"
"18.08","74.1291","0.3013","18.08","68.35302","0.3013"
"18.09","74.22209","0.3014667","18.09","68.4754","0.3014667"
"18.1","74.31825","0.3016333","18.1","68.59621","0.3016667"
"18.11","74.41521","0.3018","18.11","68.71303","0.3018"
"18.12","74.50501","0.3019333","18.12","68.83065","0.3019667"
"18.13","74.58528","0.3021334","18.13","68.95701","0.3021334"
"18.14","74.65681","0.3023","18.14","69.0945","0.3023"
"18.15","74.72913","0.3024667","18.15","69.23278","0.3024667"
"18.16","74.80303","0.3026333","18.16","69.36232","0.3026333"
"18.17","74.88409","0.3027667","18.17","69.47517","0.3028"
"18.18","74.96754","0.3029333","18.18","69.58326","0.3029667"
"18.19","75.04861","0.3031","18.19","69.69611","0.3031333"
"18.2","75.1249","0.3032667","18.2","69.81532","0.3032667"
"18.21","75.1996","0.3034667","18.21","69.93691","0.3034667"
"18.22","75.27351","0.3036","18.22","70.05294","0.3036"
"18.23","75.35299","0.3037667","18.23","70.15944","0.3038"
"18.24","75.43882","0.3039333","18.24","70.26275","0.3039667"
"18.25","75.52863","0.3041","18.25","70.37401","0.3041333"
"18.26","75.61525","0.3042667","18.26","70.4964","0.3043"
"18.27","75.69154","0.3044333","18.27","70.62912","0.3044667"
"18.28","75.76466","0.3046","18.28","70.75945","0.3046333"
"18.29","75.833","0.3047667","18.29","70.87946","0.3048"
"18.3","75.89738","0.3049333","18.3","70.99628","0.305"
"18.31","75.96016","0.3051","18.31","71.12265","0.3051333"
"18.32","76.03089","0.3052667","18.32","71.25139","0.3053"
"18.33","76.11037","0.3054667","18.33","71.37775","0.3054667"
"18.34","76.19302","0.3056","18.34","71.49934","0.3056333"
"18.35","76.27328","0.3058","18.35","71.61776","0.3058"
"18.36","76.34719","0.3059333","18.36","71.733","0.3059333"
"18.37","76.4211","0.3061333","18.37","71.85062","0.3061333"
"18.38","76.50137","0.3063","18.38","71.97221","0.3063"
"18.39","76.58084","0.3064667","18.39","72.09301","0.3064333"
"18.4","76.65872","0.3066333","18.4","72.2146","0.3065667"
"18.41","76.73661","0.3068","18.41","72.34176","0.3067667"
"18.42","76.81528","0.3069667","18.42","72.46892","0.3069333"
"18.43","76.8884","0.3071333","18.43","72.58733","0.3071"
"18.44","76.95119","0.3073","18.44","72.70575","0.3073"
"18.45","77.01556","0.3074667","18.45","72.83449","0.3074667"
"18.46","77.08152","0.3076333","18.46","72.98072","0.3076333"
"18.47","77.14828","0.3078","18.47","73.14205","0.3078"
"18.48","77.21185","0.308","18.48","73.3161","0.3079333"
"18.49","77.27385","0.3081667","18.49","73.49491","0.3081333"
"18.5","77.33583","0.3083","18.5","73.66657","0.3083"
"18.51","77.40259","0.3084667","18.51","73.82552","0.3084667"
"18.52","77.47571","0.3086333","18.52","73.98208","0.3086333"
"18.53","77.54723","0.3088333","18.53","74.14659","0.3088"
"18.54","77.6132","0.309","18.54","74.31825","0.3089667"
"18.55","77.67121","0.3091334","18.55","74.48594","0.3091334"
"18.56","77.72684","0.3093","18.56","74.64647","0.3092667"
"18.57","77.78803","0.3094667","18.57","74.80303","0.3094667"
"18.58","77.85081","0.3096333","18.58","74.96436","0.3096667"
"18.59","77.90724","0.3098","18.59","75.13126","0.3098"
"18.6","77.94857","0.3099667","18.6","75.30054","0.3099333"
"18.61","77.98513","0.3101667","18.61","75.47379","0.3101333"
"18.62","78.02486","0.3103333","18.62","75.65657","0.3103"
"18.63","78.07334","0.3104667","18.63","75.8338","0.3104333"
"18.64","78.13454","0.3106333","18.64","75.99672","0.3106"
"18.65","78.20527","0.3108","18.65","76.15169","0.3108"
"18.66","78.27679","0.3109667","18.66","76.31302","0.3109667"
"18.67","78.33958","0.3111667","18.67","76.48468","0.3111333"
"18.68","78.396","0.3113","18.68","76.66111","0.3112667"
"18.69","78.44925","0.3114667","18.69","76.83754","0.3114333"
"18.7","78.50568","0.3116333","18.7","77.01794","0.3115667"
"18.71","78.56528","0.3118","18.71","77.19675","0.3117667"
"18.72","78.62329","0.3119333","18.72","77.36842","0.3119333"
"18.73","78.67416","0.3121","18.73","77.52895","0.3121333"
"18.74","78.72263","0.3123","18.74","77.6879","0.3123"
"18.75","78.77191","0.3124667","18.75","77.85718","0.3124667"
"18.76","78.81562","0.3126","18.76","78.04473","0.3126"
"18.77","78.85695","0.3127667","18.77","78.23944","0.3128"
"18.78","78.90145","0.3129667","18.78","78.4278","0.3129667"
"18.79","78.95867","0.3131333","18.79","78.60979","0.3131333"
"18.8","79.01987","0.3132667","18.8","78.79099","0.3132667"
"18.81","79.07311","0.3134667","18.81","78.97615","0.3134667"
"18.82","79.12318","0.3136333","18.82","79.15815","0.3136333"
"18.83","79.17404","0.3138","18.83","79.33298","0.3137667"
"18.84","79.22729","0.3139667","18.84","79.50624","0.3139333"
"18.85","79.28133","0.3141333","18.85","79.68505","0.3141333"
"18.86","79.33298","0.3143","18.86","79.86864","0.3142667"
"18.87","79.3918","0.3144667","18.87","80.04824","0.3144667"
"18.88","79.45379","0.3146333","18.88","80.22308","0.3146667"
"18.89","79.5118","0.3148","18.89","80.39951","0.3148333"
"18.9","79.56107","0.3149667","18.9","80.57197","0.3149667"
"18.91","79.60081","0.3151333","18.91","80.74045","0.3151333"
"18.92","79.63737","0.3153","18.92","80.90655","0.3153"
"18.93","79.67233","0.3154333","18.93","81.07662","0.3154667"
"18.94","79.70412","0.3156333","18.94","81.24828","0.3156333"
"18.95","79.73194","0.3157667","18.95","81.41518","0.3158333"
"18.96","79.7542","0.3159333","18.96","81.57333","0.316"
"18.97","79.77327","0.3161","18.97","81.7283","0.3161667"
"18.98","79.7979","0.3163","18.98","81.88883","0.3163"
"18.99","79.83049","0.3164667","18.99","82.06447","0.3164667"
"19","79.86227","0.3166333","19","82.24249","0.3166333"
"19.01","79.89645","0.3168","19.01","82.41177","0.3167667"
"19.02","79.93619","0.3169667","19.02","82.56833","0.3169333"
"19.03","79.98466","0.3171333","19.03","82.71933","0.3170667"
"19.04","80.03235","0.3173","19.04","82.86874","0.3172333"
"19.05","80.06891","0.3174667","19.05","83.01337","0.3174"
"19.06","80.09673","0.3176333","19.06","83.15007","0.3176"
"19.07","80.12453","0.3178","19.07","83.28517","0.3177667"
"19.08","80.15156","0.3179667","19.08","83.42981","0.3179334"
"19.09","80.17381","0.3181333","19.09","83.59274","0.3181333"
"19.1","80.19447","0.3183","19.1","83.77473","0.3183"
"19.11","80.2199","0.3184667","19.11","83.96546","0.3184667"
"19.12","80.24613","0.3186333","19.12","84.15778","0.3186333"
"19.13","80.27235","0.3188334","19.13","84.35091","0.3188"
"19.14","80.29858","0.3189333","19.14","84.548","0.3189667"
"19.15","80.33117","0.3191","19.15","84.74112","0.3191333"
"19.16","80.37249","0.3192667","19.16","84.92628","0.3193"
"19.17","80.40428","0.3194667","19.17","85.10033","0.3195"
"19.18","80.41302","0.3196333","19.18","85.26564","0.3196667"
"19.19","80.40905","0.3198","19.19","85.42696","0.3198"
"19.2","80.41938","0.3199667","19.2","85.59465","0.3199667"
"19.21","80.44958","0.3201333","19.21","85.77505","0.3201333"
"19.22","80.48376","0.3203","19.22","85.95864","0.3203"
"19.23","80.50998","0.3204667","19.23","86.13268","0.3204333"
"19.24","80.52985","0.3206333","19.24","86.28687","0.3206"
"19.25","80.54575","0.3208333","19.25","86.42912","0.3207667"
"19.26","80.56005","0.321","19.26","86.56899","0.3209333"
"19.27","80.57197","0.3211667","19.27","86.71602","0.3211"
"19.28","80.58548","0.3213333","19.28","86.8694","0.3213"
"19.29","80.60058","0.3214667","19.29","87.02755","0.3214667"
"19.3","80.61091","0.3216333","19.3","87.19047","0.3216"
"19.31","80.6125","0.3218333","19.31","87.35657","0.3218"
"19.32","80.59422","0.322","19.32","87.52664","0.3219667"
"19.33","80.55687","0.3221667","19.33","87.6983","0.3221333"
"19.34","80.51157","0.3223667","19.34","87.86837","0.3222667"
"19.35","80.4766","0.3225","19.35","88.03606","0.3224667"
"19.36","80.45276","0.3226667","19.36","88.20296","0.3226333"
"19.37","80.42017","0.3228333","19.37","88.36588","0.3228"
"19.38","80.35978","0.323","19.38","88.52243","0.3229667"
"19.39","80.26123","0.3231667","19.39","88.68059","0.3231333"
"19.4","80.13725","0.3233","19.4","88.84589","0.3233"
"19.41","80.00215","0.3234667","19.41","89.01517","0.3234667"
"19.42","79.87102","0.3236333","19.42","89.18206","0.3236333"
"19.43","79.74306","0.3238","19.43","89.34339","0.3237667"
"19.44","79.61989","0.3239667","19.44","89.50313","0.3239333"
"19.45","79.50385","0.3241333","19.45","89.66208","0.3241333"
"19.46","79.39021","0.3243","19.46","89.82102","0.3243"
"19.47","79.28371","0.3244667","19.47","89.98076","0.3244667"
"19.48","79.17802","0.3246333","19.48","90.1413","0.3246333"
"19.49","79.07709","0.3248333","19.49","90.29786","0.3247667"
"19.5","78.97933","0.325","19.5","90.45442","0.3249667"
"19.51","78.88556","0.3251333","19.51","90.61655","0.3251"
"19.52","78.79495","0.3253333","19.52","90.78344","0.3252667"
"19.53","78.70595","0.3255","19.53","90.94954","0.3254333"
"19.54","78.61694","0.3256333","19.54","91.11246","0.3256"
"19.55","78.52713","0.3258","19.55","91.26663","0.3257667"
"19.56","78.43494","0.3259667","19.56","91.41445","0.3259333"
"19.57","78.34116","0.3261333","19.57","91.55989","0.3261"
"19.58","78.245","0.3263","19.58","91.71565","0.3262667"
"19.59","78.14884","0.3264667","19.59","91.88731","0.3264333"
"19.6","78.05427","0.3266333","19.6","92.05977","0.3266"
"19.61","77.96288","0.3268","19.61","92.22666","0.3268"
"19.62","77.87704","0.3269667","19.62","92.38322","0.3269667"
"19.63","77.7928","0.3271333","19.63","92.5374","0.3271333"
"19.64","77.70538","0.3273333","19.64","92.69714","0.3272667"
"19.65","77.62035","0.3275","19.65","92.86562","0.3274333"
"19.66","77.54564","0.3276667","19.66","93.04126","0.3276"
"19.67","77.49239","0.3278333","19.67","93.20895","0.3277667"
"19.68","77.4463","0.3279667","19.68","93.35915","0.3279333"
"19.69","77.3867","0.3281333","19.69","93.49823","0.3281333"
"19.7","77.30802","0.3283","19.7","93.64526","0.3283"
"19.71","77.21424","0.3284667","19.71","93.81532","0.3284667"
"19.72","77.11172","0.3286667","19.72","93.99891","0.3286"
"19.73","76.99648","0.3288333","19.73","94.17534","0.3287667"
"19.74","76.87966","0.3289667","19.74","94.34064","0.3289333"
"19.75","76.77634","0.3291333","19.75","94.49721","0.3291333"
"19.76","76.69131","0.3293","19.76","94.64185","0.3293"
"19.77","76.60468","0.3294667","19.77","94.77853","0.3294667"
"19.78","76.50137","0.3296667","19.78","94.92079","0.3296333"
"19.79","76.38454","0.3298","19.79","95.07735","0.3297667"
"19.8","76.2709","0.33","19.8","95.24425","0.3299333"
"19.81","76.16122","0.3301333","19.81","95.4024","0.3301"
"19.82","76.05315","0.3303","19.82","95.54465","0.3303"
"19.83","75.9395","0.3304667","19.83","95.67181","0.3304667"
"19.84","75.81949","0.3306333","19.84","95.79738","0.3306"
"19.85","75.69392","0.3308","19.85","95.93328","0.3308"
"19.86","75.56757","0.331","19.86","96.08269","0.3309333"
"19.87","75.44359","0.3311333","19.87","96.23846","0.3311"
"19.88","75.31961","0.3313","19.88","96.39024","0.3312667"
"19.89","75.19324","0.3314667","19.89","96.53807","0.3314333"
"19.9","75.06689","0.3316333","19.9","96.67873","0.3316"
"19.91","74.94291","0.3318","19.91","96.81145","0.3317667"
"19.92","74.82131","0.3319667","19.92","96.93781","0.3319333"
"19.93","74.70608","0.3321333","19.93","97.06418","0.3321333"
"19.94","74.59641","0.3323","19.94","97.1969","0.3322667"
"19.95","74.49388","0.3324667","19.95","97.33438","0.3324333"
"19.96","74.39851","0.3326333","19.96","97.4679","0.3326"
"19.97","74.30235","0.3328","19.97","97.59824","0.3327667"
"19.98","74.19904","0.3329667","19.98","97.72301","0.3329333"
"19.99","74.09414","0.3331667","19.99","97.8446","0.3331"
"20","73.99241","0.3333333","20","97.96619","0.3332667"
"20.01","73.89943","0.3335","20.01","98.09256","0.3334333"
"20.02","73.81837","0.3336667","20.02","98.21415","0.3336"
"20.03","73.7524","0.3338333","20.03","98.32541","0.3338"
"20.04","73.69916","0.334","20.04","98.42475","0.3339333"
"20.05","73.64035","0.3341667","20.05","98.5233","0.3341333"
"20.06","73.57041","0.3343333","20.06","98.62662","0.3343"
"20.07","73.48856","0.3345","20.07","98.73628","0.3344667"
"20.08","73.39954","0.3346667","20.08","98.84437","0.3346334"
"20.09","73.30497","0.3348333","20.09","98.94371","0.3348"
"20.1","73.20802","0.3349667","20.1","99.0351","0.3349667"
"20.11","73.10947","0.3351333","20.11","99.12888","0.3351333"
"20.12","73.01807","0.3353333","20.12","99.22743","0.3353"
"20.13","72.93701","0.3355","20.13","99.31882","0.3354333"
"20.14","72.86151","0.3356333","20.14","99.38876","0.3356"
"20.15","72.79078","0.3358333","20.15","99.43962","0.3357667"
"20.16","72.71925","0.336","20.16","99.48412","0.3359333"
"20.17","72.64137","0.3361667","20.17","99.52545","0.3361"
"20.18","72.56429","0.3363","20.18","99.56995","0.3362667"
"20.19","72.49435","0.3364667","20.19","99.62003","0.3364667"
"20.2","72.42441","0.3366333","20.2","99.67963","0.3366"
"20.21","72.34732","0.3368","20.21","99.74638","0.3367667"
"20.22","72.26467","0.337","20.22","99.82268","0.3369333"
"20.23","72.18758","0.3371667","20.23","99.90454","0.3371"
"20.24","72.11129","0.3373334","20.24","99.9856","0.3372667"
"20.25","72.02705","0.3374667","20.25","100.0539","0.3374333"
"20.26","71.94201","0.3376667","20.26","100.1072","0.3376"
"20.27","71.86572","0.3378","20.27","100.1565","0.3377667"
"20.28","71.79022","0.3379667","20.28","100.2161","0.3379333"
"20.29","71.69803","0.3381333","20.29","100.2908","0.3380667"
"20.3","71.58677","0.3383333","20.3","100.375","0.3382667"
"20.31","71.47153","0.3384667","20.31","100.4561","0.3384333"
"20.32","71.35868","0.3386333","20.32","100.534","0.3386"
"20.33","71.24503","0.3388","20.33","100.6134","0.3387667"
"20.34","71.12901","0.3389667","20.34","100.6866","0.3389667"
"20.35","70.99947","0.3391333","20.35","100.673","0.3391"
"20.36","70.85244","0.3393","20.36","100.2391","0.3392667"
"20.37","70.68475","0.3394667","20.37","98.91987","0.3394333"
"20.38","70.49004","0.3396333","20.38","96.7892","0.3396"
"20.39","70.27388","0.3398","20.39","94.67841","0.3397667"
"20.4","70.05056","0.3399667","20.4","93.29716","0.3399333"
"20.41","69.83041","0.3401667","20.41","92.62164","0.3401"
"20.42","69.62141","0.3403333","20.42","92.30376","0.3402667"
"20.43","69.41319","0.3404667","20.43","92.14243","0.3404333"
"20.44","69.19702","0.3406667","20.44","92.06851","0.3405667"
"20.45","68.96814","0.3408","20.45","92.04626","0.3407667"
"20.46","68.72972","0.3409667","20.46","92.05818","0.3409333"
"20.47","68.48177","0.3411333","20.47","92.09395","0.3411"
"20.48","68.2203","0.3413","20.48","92.14957","0.3413"
"20.49","67.94771","0.3414667","20.49","92.22905","0.3414667"
"20.5","67.67829","0.3416333","20.5","92.32442","0.3416333"
"20.51","67.41921","0.3418","20.51","92.43647","0.3418"
"20.52","67.17444","0.3419667","20.52","92.56204","0.3419667"
"20.53","66.93761","0.3421667","20.53","92.69794","0.3421333"
"20.54","66.70078","0.3423333","20.54","92.83304","0.3423333"
"20.55","66.46236","0.3424667","20.55","92.96338","0.3424667"
"20.56","66.2303","0.3426333","20.56","93.08736","0.3426333"
"20.57","65.99506","0.3428","20.57","93.21133","0.3428"
"20.58","65.72803","0.3429667","20.58","93.33292","0.3429667"
"20.59","65.37994","0.3431333","20.59","93.44339","0.3431333"
"20.6","64.91661","0.3433333","20.6","93.54671","0.3432667"
"20.61","64.35792","0.3434667","20.61","93.65956","0.3434334"
"20.62","63.78571","0.3436667","20.62","93.79149","0.3436"
"20.63","63.2755","0.3438333","20.63","93.93056","0.3437667"
"20.64","62.8376","0.344","20.64","94.06248","0.3439333"
"20.65","62.46328","0.3441667","20.65","94.1825","0.3441"
"20.66","62.14698","0.3443334","20.66","94.30647","0.3442667"
"20.67","61.89267","0.3444667","20.67","94.44078","0.3444333"
"20.68","61.68525","0.3446333","20.68","94.57668","0.3446333"
"20.69","61.50246","0.3448","20.69","94.70781","0.3448"
"20.7","61.33954","0.3449667","20.7","94.83575","0.3449667"
"20.71","61.20443","0.3451","20.71","94.96689","0.3451"
"20.72","61.0892","0.3452667","20.72","95.10676","0.3452667"
"20.73","60.99224","0.3454667","20.73","95.25617","0.3454667"
"20.74","60.91197","0.3456333","20.74","95.40002","0.3456333"
"20.75","60.85078","0.3458","20.75","95.53114","0.3458"
"20.76","60.81184","0.3459667","20.76","95.6583","0.3459667"
"20.77","60.79276","0.3461334","20.77","95.79261","0.3461334"
"20.78","60.78561","0.3463","20.78","95.93726","0.3463"
"20.79","60.78561","0.3464667","20.79","96.08031","0.3464667"
"20.8","60.78641","0.3466333","20.8","96.21779","0.3466"
"20.81","60.78879","0.3468","20.81","96.34892","0.3467667"
"20.82","60.79992","0.3469667","20.82","96.47926","0.3469333"
"20.83","60.82694","0.3471333","20.83","96.60483","0.3470667"
"20.84","60.85952","0.3473333","20.84","96.71767","0.3472667"
"20.85","60.87859","0.3474667","20.85","96.8202","0.3474333"
"20.86","60.88177","0.3476333","20.86","96.91954","0.3476333"
"20.87","60.88654","0.3477667","20.87","97.03001","0.3478"
"20.88","60.90562","0.3479334","20.88","97.15636","0.3479334"
"20.89","60.92787","0.3481333","20.89","97.29067","0.3481333"
"20.9","60.93343","0.3483","20.9","97.41545","0.3483"
"20.91","60.93343","0.3484667","20.91","97.53227","0.3484333"
"20.92","60.94853","0.3486667","20.92","97.64751","0.3486"
"20.93","60.98747","0.3488333","20.93","97.76195","0.3487667"
"20.94","61.04469","0.349","20.94","97.87003","0.3489"
"20.95","61.10509","0.3491667","20.95","97.96619","0.3491333"
"20.96","61.15834","0.3493333","20.96","98.056","0.3492667"
"20.97","61.19728","0.3494667","20.97","98.1466","0.3494"
"20.98","61.22271","0.3496333","20.98","98.24355","0.3496"
"20.99","61.23861","0.3498","20.99","98.34687","0.3497667"
"21","61.25371","0.3499667","21","98.45018","0.3499333"
"21.01","61.26801","0.3501667","21.01","98.54475","0.3501"
"21.02","61.28629","0.3503","21.02","98.63774","0.3502667"
"21.03","61.31172","0.3504667","21.03","98.73628","0.3504667"
"21.04","61.34828","0.3506667","21.04","98.83722","0.3506333"
"21.05","61.39119","0.3508333","21.05","98.93338","0.3508"
"21.06","61.43252","0.351","21.06","99.02795","0.3509667"
"21.07","61.46828","0.3512","21.07","99.13206","0.3511333"
"21.08","61.50643","0.3513333","21.08","99.24412","0.3512667"
"21.09","61.54776","0.3514667","21.09","99.34663","0.3514333"
"21.1","61.5867","0.3516667","21.1","99.4269","0.3516333"
"21.11","61.61451","0.3518333","21.11","99.48969","0.3518"
"21.12","61.62405","0.352","21.12","99.54611","0.3519333"
"21.13","61.62564","0.3521333","21.13","99.60254","0.3521"
"21.14","61.62803","0.3522667","21.14","99.67327","0.3522667"
"21.15","61.63756","0.3524667","21.15","99.75751","0.3524333"
"21.16","61.6471","0.3526","21.16","99.84335","0.3526"
"21.17","61.65266","0.3527667","21.17","99.92043","0.3528"
"21.18","61.65504","0.3529667","21.18","99.99117","0.3529667"
"21.19","61.65981","0.3531334","21.19","100.0627","0.3531334"
"21.2","61.66935","0.3533","21.2","100.143","0.3532667"
"21.21","61.6924","0.3534667","21.21","100.2304","0.3534333"
"21.22","61.73213","0.3536333","21.22","100.3178","0.3536333"
"21.23","61.78379","0.3538","21.23","100.3957","0.3537667"
"21.24","61.83307","0.354","21.24","100.4624","0.3539333"
"21.25","61.87121","0.3541667","21.25","100.5308","0.3541333"
"21.26","61.89902","0.3543","21.26","100.6095","0.3542667"
"21.27","61.92446","0.3544667","21.27","100.6961","0.3544333"
"21.28","61.95386","0.3546333","21.28","100.7771","0.3546"
"21.29","61.98168","0.3548","21.29","100.8542","0.3548"
"21.3","61.99598","0.3549667","21.3","100.917","0.3549667"
"21.31","62.00154","0.3551333","21.31","100.9401","0.3551333"
"21.32","62.01188","0.3553","21.32","100.8829","0.3553"
"21.33","62.03651","0.3554667","21.33","100.7422","0.3554667"
"21.34","62.06433","0.3556333","21.34","100.5705","0.3556"
"21.35","62.08499","0.3558","21.35","100.4227","0.3557667"
"21.36","62.10248","0.3559667","21.36","100.3114","0.3559667"
"21.37","62.12791","0.3561333","21.37","100.2304","0.3561333"
"21.38","62.15811","0.3563","21.38","100.1779","0.3562667"
"21.39","62.18592","0.3564667","21.39","100.1525","0.3564333"
"21.4","62.20658","0.3566","21.4","100.1453","0.3566333"
"21.41","62.21771","0.3568333","21.41","100.1485","0.3568"
"21.42","62.22248","0.3569667","21.42","100.1596","0.3569667"
"21.43","62.2344","0.3571333","21.43","100.1771","0.3571333"
"21.44","62.25983","0.3573","21.44","100.2081","0.3573"
"21.45","62.29083","0.3574667","21.45","100.2534","0.3574667"
"21.46","62.31387","0.3576333","21.46","100.3035","0.3576333"
"21.47","62.32341","0.3578","21.47","100.3528","0.3578"
"21.48","62.31864","0.358","21.48","100.4028","0.358"
"21.49","62.3091","0.3581667","21.49","100.4561","0.3581333"
"21.5","62.29877","0.3583","21.5","100.5125","0.3583"
"21.51","62.29877","0.3584667","21.51","100.5745","0.3584667"
"21.52","62.30672","0.3586","21.52","100.6389","0.3586"
"21.53","62.3091","0.3587667","21.53","100.6993","0.3588"
"21.54","62.2956","0.3589333","21.54","100.7493","0.3589667"
"21.55","62.2654","0.3591333","21.55","100.7994","0.3591333"
"21.56","62.22407","0.3593","21.56","100.8662","0.3593333"
"21.57","62.18274","0.3594667","21.57","100.9576","0.3595"
"21.58","62.15175","0.3596333","21.58","101.0672","0.3596667"
"21.59","62.13983","0.3598","21.59","101.1825","0.3598333"
"21.6","62.13983","0.3599333","21.6","101.2858","0.3599667"
"21.61","62.13824","0.3601","21.61","101.3732","0.3601"
"21.62","62.13268","0.3602667","21.62","101.4551","0.3602667"
"21.63","62.12155","0.3604667","21.63","101.5409","0.3604333"
"21.64","62.10566","0.3606333","21.64","101.6212","0.3606333"
"21.65","62.08181","0.3608333","21.65","101.6903","0.3608"
"21.66","62.05559","0.3609667","21.66","101.7634","0.3609667"
"21.67","62.04128","0.3611333","21.67","101.858","0.3611333"
"21.68","62.04367","0.3613333","21.68","101.9788","0.3612667"
"21.69","62.05797","0.3615","21.69","102.1099","0.3614667"
"21.7","62.07148","0.3616667","21.7","102.2355","0.3616"
"21.71","62.07307","0.3618333","21.71","102.3459","0.3618"
"21.72","62.06672","0.3620333","21.72","102.4429","0.3619667"
"21.73","62.05956","0.3622","21.73","102.5311","0.3621333"
"21.74","62.0532","0.3623333","21.74","102.6209","0.3623"
"21.75","62.04367","0.3625333","21.75","102.7226","0.3624667"
"21.76","62.02936","0.3626667","21.76","102.8442","0.3626333"
"21.77","62.00711","0.3628334","21.77","102.973","0.3628"
"21.78","61.9785","0.3629667","21.78","103.0922","0.3629667"
"21.79","61.94035","0.3631333","21.79","103.2058","0.3631"
"21.8","61.89505","0.3632667","21.8","103.3187","0.3633"
"21.81","61.83942","0.3634333","21.81","103.4315","0.3634667"
"21.82","61.77505","0.3636333","21.82","103.5388","0.3636333"
"21.83","61.71147","0.3638","21.83","103.6421","0.3638"
"21.84","61.65981","0.3639667","21.84","103.755","0.3639667"
"21.85","61.62882","0.3641333","21.85","103.8806","0.3641333"
"21.86","61.62326","0.3643","21.86","104.0077","0.3643"
"21.87","61.62882","0.3644667","21.87","104.1269","0.3644667"
"21.88","61.6312","0.3646334","21.88","104.239","0.3646"
"21.89","61.62326","0.3648333","21.89","104.3463","0.3647667"
"21.9","61.60736","0.365","21.9","104.4472","0.3649333"
"21.91","61.59544","0.3651333","21.91","104.5434","0.3651"
"21.92","61.58511","0.3653","21.92","104.634","0.3652667"
"21.93","61.56921","0.3654667","21.93","104.7182","0.3654333"
"21.94","61.53663","0.3656333","21.94","104.7993","0.3656333"
"21.95","61.48577","0.3658","21.95","104.8835","0.3658"
"21.96","61.43252","0.3659667","21.96","104.9805","0.3659333"
"21.97","61.38484","0.3661333","21.97","105.0941","0.3661333"
"21.98","61.34113","0.3663333","21.98","105.2117","0.3663"
"21.99","61.30298","0.3664667","21.99","105.3238","0.3664667"
"22","61.27755","0.3666333","22","105.4279","0.3666333"
"22.01","61.26324","0.3668","22.01","105.5336","0.3668"
"22.02","61.24337","0.3669667","22.02","105.6409","0.3669667"
"22.03","61.20602","0.3671333","22.03","105.7506","0.3671333"
"22.04","61.15596","0.3673","22.04","105.865","0.3673"
"22.05","61.10986","0.3674667","22.05","105.9826","0.3674667"
"22.06","61.0733","0.3676333","22.06","106.0971","0.3676333"
"22.07","61.03675","0.3677667","22.07","106.2051","0.3678"
"22.08","60.99542","0.3679333","22.08","106.3069","0.3679333"
"22.09","60.95409","0.3681","22.09","106.4046","0.3681"
"22.1","60.91754","0.3683","22.1","106.4968","0.3682667"
"22.11","60.88177","0.3684667","22.11","106.5834","0.3684667"
"22.12","60.84521","0.3686333","22.12","106.6621","0.3686333"
"22.13","60.81581","0.3688","22.13","106.7416","0.3688"
"22.14","60.79912","0.369","22.14","106.8322","0.3689667"
"22.15","60.79038","0.3691667","22.15","106.9403","0.3691333"
"22.16","60.78402","0.3693","22.16","107.0587","0.3693333"
"22.17","60.78164","0.3694667","22.17","107.1763","0.3694667"
"22.18","60.77925","0.3696333","22.18","107.2907","0.3696333"
"22.19","60.76813","0.3698","22.19","107.4004","0.3698"
"22.2","60.74429","0.3699333","22.2","107.5045","0.3699667"
"22.21","60.71568","0.3701","22.21","107.5983","0.3701333"
"22.22","60.69183","0.3703","22.22","107.6825","0.3703"
"22.23","60.67117","0.3704667","22.23","107.7628","0.3704667"
"22.24","60.64336","0.3706333","22.24","107.8486","0.3706333"
"22.25","60.61475","0.3708","22.25","107.9377","0.3708"
"22.26","60.59726","0.371","22.26","108.0219","0.3709667"
"22.27","60.59329","0.3712","22.27","108.1006","0.3711333"
"22.28","60.60044","0.3713333","22.28","108.1793","0.3713333"
"22.29","60.61872","0.3714667","22.29","108.2619","0.3715"
"22.3","60.65051","0.3716334","22.3","108.3501","0.3716667"
"22.31","60.68707","0.3718","22.31","108.4447","0.3718"
"22.32","60.70137","0.372","22.32","108.5409","0.3719667"
"22.33","60.68071","0.3721333","22.33","108.6283","0.3721333"
"22.34","60.64653","0.3723","22.34","108.7046","0.3723"
"22.35","60.63302","0.3724667","22.35","108.7721","0.3724667"
"22.36","60.64177","0.3726333","22.36","108.8301","0.3726333"
"22.37","60.65289","0.3728","22.37","108.8826","0.3728"
"22.38","60.65289","0.3729333","22.38","108.9358","0.3729667"
"22.39","60.64177","0.3731333","22.39","108.9946","0.3731333"
"22.4","60.62031","0.3732667","22.4","109.059","0.3732667"
"22.41","60.59408","0.3734667","22.41","109.1282","0.3734667"
"22.42","60.57739","0.3736333","22.42","109.1997","0.3736333"
"22.43","60.58137","0.3738","22.43","109.2752","0.3738"
"22.44","60.59964","0.3739667","22.44","109.3515","0.3739667"
"22.45","60.61156","0.3741333","22.45","109.4309","0.3741333"
"22.46","60.61156","0.3742667","22.46","109.5096","0.3743"
"22.47","60.60998","0.3744667","22.47","109.5812","0.3744667"
"22.48","60.61872","0.3746333","22.48","109.6384","0.3746333"
"22.49","60.63223","0.3748","22.49","109.6908","0.3748"
"22.5","60.64097","0.3749667","22.5","109.7473","0.3749667"
"22.51","60.6513","0.3751333","22.51","109.8053","0.3751333"
"22.52","60.67594","0.3753","22.52","109.8625","0.3753"
"22.53","60.70614","0.3754667","22.53","109.9221","0.3754667"
"22.54","60.73634","0.3756333","22.54","109.9865","0.3756333"
"22.55","60.75859","0.3758","22.55","110.0492","0.3758"
"22.56","60.76813","0.3759333","22.56","110.1081","0.3759667"
"22.57","60.76813","0.3761333","22.57","110.1565","0.3761333"
"22.58","60.76813","0.3763","22.58","110.1994","0.3763"
"22.59","60.77846","0.3764667","22.59","110.2455","0.3764667"
"22.6","60.79912","0.3766333","22.6","110.298","0.3766333"
"22.61","60.82455","0.3768","22.61","110.3544","0.3768"
"22.62","60.85475","0.377","22.62","110.4109","0.3769667"
"22.63","60.89131","0.3771333","22.63","110.4657","0.3771333"
"22.64","60.92389","0.3773","22.64","110.5142","0.3773"
"22.65","60.95092","0.3774667","22.65","110.5579","0.3774667"
"22.66","60.96919","0.3776333","22.66","110.5976","0.3776333"
"22.67","60.9835","0.3778","22.67","110.6318","0.3778"
"22.68","60.99463","0.3779667","22.68","110.6596","0.3779333"
"22.69","61.00814","0.3781333","22.69","110.6858","0.3781"
"22.7","61.02721","0.3783","22.7","110.7144","0.3782667"
"22.71","61.05185","0.3784667","22.71","110.743","0.3784333"
"22.72","61.07728","0.3786334","22.72","110.7669","0.3786"
"22.73","61.10271","0.3788","22.73","110.7947","0.3788"
"22.74","61.12973","0.3789667","22.74","110.8305","0.3789667"
"22.75","61.15834","0.3791333","22.75","110.8678","0.3791333"
"22.76","61.18377","0.3793","22.76","110.902","0.3793"
"22.77","61.21079","0.3794667","22.77","110.929","0.3794667"
"22.78","61.23781","0.3796333","22.78","110.9441","0.3796333"
"22.79","61.26165","0.3798","22.79","110.9481","0.3798"
"22.8","61.27993","0.3799333","22.8","110.9457","0.38"
"22.81","61.29503","0.3801","22.81","110.9386","0.3801333"
"22.82","61.30536","0.3802667","22.82","110.9314","0.3803"
"22.83","61.3157","0.3804667","22.83","110.9298","0.3804667"
"22.84","61.32285","0.3806333","22.84","110.9322","0.3806333"
"22.85","61.33239","0.3807667","22.85","110.9266","0.3807667"
"22.86","61.35305","0.3809667","22.86","110.906","0.3809667"
"22.87","61.38007","0.3811333","22.87","110.875","0.3811333"
"22.88","61.40153","0.3813","22.88","110.8328","0.3812667"
"22.89","61.41265","0.3814667","22.89","110.774","0.3814333"
"22.9","61.41901","0.3816333","22.9","110.7097","0.3816"
"22.91","61.42616","0.3818","22.91","110.6493","0.3817667"
"22.92","61.43332","0.3819667","22.92","110.5952","0.3819333"
"22.93","61.44047","0.3821","22.93","110.5444","0.3821"
"22.94","61.44762","0.3822667","22.94","110.4999","0.3822667"
"22.95","61.44762","0.3824333","22.95","110.4689","0.3824333"
"22.96","61.42696","0.3826","22.96","110.4482","0.3826"
"22.97","61.38325","0.3827667","22.97","110.4275","0.3828"
"22.98","61.33","0.3829667","22.98","110.4061","0.3829667"
"22.99","61.27993","0.3831334","22.99","110.3902","0.3831334"
"23","61.23622","0.3833","23","110.3854","0.3833"
"23.01","61.19251","0.3835","23.01","110.3902","0.3834667"
"23.02","61.14642","0.3836333","23.02","110.4013","0.3836333"
"23.03","61.09317","0.3838","23.03","110.4069","0.3838"
"23.04","61.02483","0.3839667","23.04","110.3997","0.3839667"
"23.05","60.93502","0.3841333","23.05","110.3814","0.3841333"
"23.06","60.81422","0.3843","23.06","110.3655","0.3843"
"23.07","60.67117","0.3844667","23.07","110.36","0.3844667"
"23.08","60.52176","0.3846667","23.08","110.356","0.3846333"
"23.09","60.38666","0.3848","23.09","110.3512","0.3848"
"23.1","60.27858","0.3849667","23.1","110.3465","0.3849667"
"23.11","60.19195","0.3851","23.11","110.3401","0.3851333"
"23.12","60.1085","0.3852667","23.12","110.3266","0.3853"
"23.13","60.01075","0.3854333","23.13","110.3163","0.3855"
"23.14","59.89869","0.3856","23.14","110.3163","0.3856333"
"23.15","59.78505","0.3857667","23.15","110.3282","0.3858"
"23.16","59.68015","0.3859333","23.16","110.3465","0.386"
"23.17","59.59272","0.3861","23.17","110.3624","0.3861333"
"23.18","59.52597","0.3862667","23.18","110.3695","0.3863"
"23.19","59.47192","0.3864667","23.19","110.3679","0.3864667"
"23.2","59.42345","0.3866333","23.2","110.3648","0.3866333"
"23.21","59.38212","0.3868","23.21","110.36","0.3867667"
"23.22","59.34954","0.3869333","23.22","110.3512","0.3869333"
"23.23","59.32887","0.3871","23.23","110.3417","0.3871"
"23.24","59.31298","0.3872667","23.24","110.3354","0.3873"
"23.25","59.28755","0.3874667","23.25","110.333","0.3874667"
"23.26","59.24622","0.3876333","23.26","110.3354","0.3876333"
"23.27","59.19139","0.3878","23.27","110.352","0.3878"
"23.28","59.13894","0.3879333","23.28","110.3902","0.3879667"
"23.29","59.10476","0.3881333","23.29","110.4363","0.3881"
"23.3","59.08648","0.3883","23.3","110.4752","0.3883"
"23.31","59.07138","0.3884667","23.31","110.503","0.3884667"
"23.32","59.04675","0.3886333","23.32","110.5285","0.3886333"
"23.33","59.01734","0.3888","23.33","110.5539","0.3888"
"23.34","58.99112","0.3889667","23.34","110.5833","0.3889667"
"23.35","58.96409","0.3891333","23.35","110.6222","0.3891333"
"23.36","58.93469","0.3893","23.36","110.6707","0.3893"
"23.37","58.9029","0.3894667","23.37","110.7192","0.3894667"
"23.38","58.87508","0.3896333","23.38","110.7621","0.3896333"
"23.39","58.85124","0.3898","23.39","110.7971","0.3897667"
"23.4","58.83138","0.3899667","23.4","110.8281","0.3899333"
"23.41","58.81469","0.3901667","23.41","110.8583","0.3901"
"23.42","58.80753","0.3903333","23.42","110.8877","0.3902667"
"23.43","58.80833","0.3904667","23.43","110.9139","0.3904333"
"23.44","58.81945","0.3906667","23.44","110.9417","0.3906"
"23.45","58.83535","0.3908333","23.45","110.9799","0.3907667"
"23.46","58.84488","0.391","23.46","111.0172","0.3909"
"23.47","58.83853","0.3911333","23.47","111.0514","0.3910667"
"23.48","58.81945","0.3913","23.48","111.084","0.3912667"
"23.49","58.79402","0.3914667","23.49","111.1182","0.3914333"
"23.5","58.77097","0.3916667","23.5","111.1499","0.3916333"
"23.51","58.75031","0.3918333","23.51","111.1841","0.3918"
"23.52","58.72806","0.392","23.52","111.2302","0.3919667"
"23.53","58.70978","0.3921333","23.53","111.2898","0.3921333"
"23.54","58.69865","0.3922667","23.54","111.3494","0.3923"
"23.55","58.69627","0.3924667","23.55","111.4019","0.3924667"
"23.56","58.68912","0.3926333","23.56","111.448","0.3926333"
"23.57","58.65971","0.3928","23.57","111.4917","0.3928"
"23.58","58.61362","0.3929667","23.58","111.5314","0.3929667"
"23.59","58.57627","0.3931667","23.59","111.56","0.3931333"
"23.6","58.56673","0.3933333","23.6","111.5767","0.3933"
"23.61","58.57944","0.3935","23.61","111.5934","0.3934667"
"23.62","58.59693","0.3936667","23.62","111.6157","0.3936333"
"23.63","58.61362","0.3938","23.63","111.6411","0.3938"
"23.64","58.63349","0.3939333","23.64","111.6665","0.3939667"
"23.65","58.64779","0.3941333","23.65","111.6864","0.3941"
"23.66","58.647","0.3943","23.66","111.6999","0.3943"
"23.67","58.62236","0.3944667","23.67","111.7118","0.3944667"
"23.68","58.58819","0.3946","23.68","111.7309","0.3946"
"23.69","58.56435","0.3947667","23.69","111.7603","0.3947667"
"23.7","58.56037","0.3949333","23.7","111.7897","0.3949333"
"23.71","58.56752","0.3951","23.71","111.8112","0.3951"
"23.72","58.57229","0.3952667","23.72","111.8199","0.3952667"
"23.73","58.57627","0.3954333","23.73","111.8159","0.3954333"
"23.74","58.58183","0.3956333","23.74","111.8104","0.3956"
"23.75","58.59534","0.3958","23.75","111.8128","0.3957667"
"23.76","58.61123","0.3959667","23.76","111.8334","0.3959667"
"23.77","58.62872","0.3961","23.77","111.8652","0.3961333"
"23.78","58.64461","0.3962667","23.78","111.8978","0.3962667"
"23.79","58.65653","0.3964667","23.79","111.9224","0.3964333"
"23.8","58.66607","0.3966333","23.8","111.9399","0.3965667"
"23.81","58.67084","0.3968","23.81","111.9463","0.3967667"
"23.82","58.67481","0.397","23.82","111.9367","0.3969667"
"23.83","58.68594","0.3971334","23.83","111.9137","0.3971334"
"23.84","58.7074","0.3973","23.84","111.8843","0.3973333"
"23.85","58.73759","0.3974667","23.85","111.8652","0.3975"
"23.86","58.76303","0.3976","23.86","111.8636","0.3976333"
"23.87","58.77097","0.3977667","23.87","111.8755","0.3978"
"23.88","58.75826","0.3979333","23.88","111.8843","0.3979667"
"23.89","58.73521","0.3981","23.89","111.8732","0.3981333"
"23.9","58.71375","0.3983","23.9","111.839","0.3983333"
"23.91","58.69865","0.3984667","23.91","111.7873","0.3984667"
"23.92","58.69548","0.3986333","23.92","111.7309","0.3986333"
"23.93","58.70898","0.3988333","23.93","111.6824","0.3987667"
"23.94","58.7368","0.399","23.94","111.6403","0.3989334"
"23.95","58.77336","0.3991333","23.95","111.5926","0.3991333"
"23.96","58.80992","0.3993","23.96","111.537","0.3993"
"23.97","58.83853","0.3994333","23.97","111.475","0.3994667"
"23.98","58.84886","0.3996333","23.98","111.4122","0.3996333"
"23.99","58.82899","0.3998","23.99","111.3582","0.3998"
"24","58.78766","0.3999667","24","111.3121","0.3999333"
"24.01","58.74634","0.4001333","24.01","111.2692","0.4001"
"24.02","58.72806","0.4003","24.02","111.2231","0.4002667"
"24.03","58.73919","0.4004667","24.03","111.1682","0.4004667"
"24.04","58.76462","0.4006333","24.04","111.1039","0.4006333"
"24.05","58.78528","0.4008","24.05","111.0331","0.4008"
"24.06","58.79402","0.4009333","24.06","110.9727","0.4009667"
"24.07","58.79958","0.4011","24.07","110.9386","0.4011333"
"24.08","58.80753","0.4013","24.08","110.929","0.4013"
"24.09","58.81469","0.4014667","24.09","110.9274","0.4014333"
"24.1","58.81071","0.4016334","24.1","110.9234","0.4016334"
"24.11","58.79879","0.4018","24.11","110.9139","0.4018"
"24.12","58.79164","0.4019333","24.12","110.9004","0.4019667"
"24.13","58.7972","0.4021","24.13","110.8909","0.4021333"
"24.14","58.80833","0.4023","24.14","110.8972","0.4023"
"24.15","58.8131","0.4024667","24.15","110.9203","0.4024667"
"24.16","58.80594","0.4026333","24.16","110.9529","0.4026"
"24.17","58.78925","0.4027667","24.17","110.9886","0.4028"
"24.18","58.77336","0.4029667","24.18","111.0212","0.4029667"
"24.19","58.76462","0.4031333","24.19","111.0506","0.4031333"
"24.2","58.75826","0.4033333","24.2","111.0816","0.4033"
"24.21","58.75031","0.4035","24.21","111.1221","0.4034667"
"24.22","58.74475","0.4036333","24.22","111.1698","0.4036"
"24.23","58.74793","0.4038","24.23","111.2191","0.4037667"
"24.24","58.74475","0.4039667","24.24","111.2652","0.4039333"
"24.25","58.73044","0.4041667","24.25","111.3081","0.4041333"
"24.26","58.70104","0.4043","24.26","111.3494","0.4043"
"24.27","58.66607","0.4044667","24.27","111.3884","0.4044667"
"24.28","58.63905","0.4046333","24.28","111.4281","0.4046"
"24.29","58.61998","0.4048","24.29","111.4718","0.4048"
"24.3","58.59454","0.4049667","24.3","111.5187","0.4049667"
"24.31","58.55799","0.4051667","24.31","111.5656","0.4051333"
"24.32","58.51984","0.4053333","24.32","111.6157","0.4052667"
"24.33","58.49441","0.4055","24.33","111.6713","0.4054333"
"24.34","58.48169","0.4056333","24.34","111.7349","0.4056"
"24.35","58.47057","0.4058","24.35","111.7969","0.4057667"
"24.36","58.45467","0.4059667","24.36","111.8445","0.4059334"
"24.37","58.43401","0.4061333","24.37","111.8795","0.4061"
"24.38","58.40381","0.4063333","24.38","111.9121","0.4063"
"24.39","58.3601","0.4064667","24.39","111.9439","0.4064333"
"24.4","58.31003","0.4066667","24.4","111.9852","0.4066"
"24.41","58.26473","0.4068334","24.41","112.044","0.4068"
"24.42","58.23215","0.407","24.42","112.1163","0.407"
"24.43","58.2091","0.4071667","24.43","112.191","0.4071333"
"24.44","58.19082","0.4073","24.44","112.2586","0.4073"
"24.45","58.17096","0.4074667","24.45","112.3293","0.4074667"
"24.46","58.15029","0.4076333","24.46","112.4096","0.4076333"
"24.47","58.1193","0.4078","24.47","112.4875","0.4078"
"24.48","58.05969","0.4079667","24.48","112.5447","0.4079667"
"24.49","57.97942","0.4081333","24.49","112.586","0.4081333"
"24.5","57.89677","0.4083","24.5","112.6258","0.4083"
"24.51","57.82684","0.4084667","24.51","112.6639","0.4084667"
"24.52","57.7728","0.4086334","24.52","112.6917","0.4086"
"24.53","57.72591","0.4088","24.53","112.7108","0.4087667"
"24.54","57.67743","0.409","24.54","112.7338","0.4089333"
"24.55","57.6218","0.4091667","24.55","112.7648","0.4091"
"24.56","57.55822","0.4093667","24.56","112.7934","0.4092667"
"24.57","57.49146","0.4095334","24.57","112.8093","0.4094333"
"24.58","57.42709","0.4097","24.58","112.8109","0.4096"
"24.59","57.3651","0.4098333","24.59","112.8133","0.4097667"
"24.6","57.30152","0.41","24.6","112.8229","0.4099333"
"24.61","57.2292","0.4101667","24.61","112.834","0.4101"
"24.62","57.14019","0.4103333","24.62","112.8403","0.4102667"
"24.63","57.02813","0.4104667","24.63","112.8499","0.4104667"
"24.64","56.89939","0.4106667","24.64","112.8705","0.4106"
"24.65","56.77541","0.4108","24.65","112.8999","0.4108"
"24.66","56.66971","0.4109667","24.66","112.9278","0.4109667"
"24.67","56.57594","0.4111333","24.67","112.946","0.4111333"
"24.68","56.48375","0.4113","24.68","112.9619","0.4112667"
"24.69","56.39156","0.4114667","24.69","112.977","0.4114333"
"24.7","56.30652","0.4116333","24.7","112.985","0.4116"
"24.71","56.24294","0.4118","24.71","112.9786","0.4118"
"24.72","56.20241","0.412","24.72","112.9627","0.4119333"
"24.73","56.17459","0.4121667","24.73","112.946","0.4121333"
"24.74","56.14678","0.4123333","24.74","112.9325","0.4123"
"24.75","56.12612","0.4124667","24.75","112.9254","0.4124667"
"24.76","56.11976","0.4126333","24.76","112.9301","0.4126333"
"24.77","56.12612","0.4128","24.77","112.9436","0.4127667"
"24.78","56.12532","0.4129667","24.78","112.954","0.4129333"
"24.79","56.10148","0.4131333","24.79","112.958","0.4131"
"24.8","56.06413","0.4133","24.8","112.954","0.4132667"
"24.81","56.03154","0.4134667","24.81","112.9468","0.4134333"
"24.82","56.01645","0.4136333","24.82","112.9389","0.4136"
"24.83","56.01804","0.4138","24.83","112.9333","0.4137667"
"24.84","56.01883","0.4139667","24.84","112.9333","0.4139667"
"24.85","56.01168","0.4141","24.85","112.9333","0.4141333"
"24.86","56.00055","0.4143","24.86","112.9333","0.4143"
"24.87","55.99737","0.4144667","24.87","112.9333","0.4144667"
"24.88","55.99737","0.4146333","24.88","112.9397","0.4146333"
"24.89","55.99817","0.4148","24.89","112.9508","0.4148"
"24.9","56.00691","0.4149667","24.9","112.9643","0.4149667"
"24.91","56.02757","0.4151333","24.91","112.9723","0.4151333"
"24.92","56.05459","0.4153","24.92","112.9746","0.4152667"
"24.93","56.07605","0.4154667","24.93","112.9723","0.4154333"
"24.94","56.084","0.4156334","24.94","112.9627","0.4156"
"24.95","56.07843","0.4158","24.95","112.9413","0.4157667"
"24.96","56.07526","0.4159667","24.96","112.9119","0.4159333"
"24.97","56.08479","0.4161333","24.97","112.8872","0.4161333"
"24.98","56.10069","0.4163333","24.98","112.8777","0.4162667"
"24.99","56.11658","0.4165","24.99","112.8817","0.4164667"
"25","56.13089","0.4166667","25","112.896","0.4166"
"25.01","56.14678","0.4168333","25.01","112.9182","0.4167667"
"25.02","56.16109","0.417","25.02","112.9421","0.4169333"
"25.03","56.17459","0.4171333","25.03","112.9667","0.4171"
"25.04","56.18811","0.4173","25.04","112.9826","0.4172667"
"25.05","56.19923","0.4175","25.05","112.9874","0.4174334"
"25.06","56.19764","0.4176667","25.06","112.9858","0.4176333"
"25.07","56.19049","0.4178","25.07","112.985","0.4178"
"25.08","56.18731","0.4179667","25.08","112.9921","0.4179667"
"25.09","56.19685","0.4181667","25.09","113.0152","0.4181333"
"25.1","56.21354","0.4183334","25.1","113.0573","0.4182667"
"25.11","56.22308","0.4184667","25.11","113.1066","0.4184333"
"25.12","56.22228","0.4186333","25.12","113.1455","0.4186"
"25.13","56.21831","0.4188","25.13","113.1638","0.4187667"
"25.14","56.21592","0.419","25.14","113.1662","0.4189333"
"25.15","56.21592","0.4191667","25.15","113.1606","0.4191"
"25.16","56.21513","0.4193333","25.16","113.155","0.4192667"
"25.17","56.21513","0.4195","25.17","113.1463","0.4194333"
"25.18","56.22308","0.4196667","25.18","113.132","0.4196"
"25.19","56.24135","0.4198333","25.19","113.1097","0.4197667"
"25.2","56.25963","0.42","25.2","113.0843","0.4199333"
"25.21","56.26758","0.4201667","25.21","113.066","0.4201334"
"25.22","56.25963","0.4203","25.22","113.0565","0.4202667"
"25.23","56.23897","0.4204667","25.23","113.0525","0.4204667"
"25.24","56.21513","0.4206667","25.24","113.0589","0.4206333"
"25.25","56.19208","0.4208333","25.25","113.0795","0.4208"
"25.26","56.17698","0.421","25.26","113.109","0.4209667"
"25.27","56.16665","0.4211333","25.27","113.1399","0.4211"
"25.28","56.1587","0.4213","25.28","113.1741","0.4212667"
"25.29","56.15393","0.4214667","25.29","113.2051","0.4214333"
"25.3","56.14598","0.4216333","25.3","113.2282","0.4216"
"25.31","56.13009","0.4218","25.31","113.2464","0.4217333"
"25.32","56.10545","0.4219667","25.32","113.2584","0.4219"
"25.33","56.07843","0.4221333","25.33","113.2607","0.4221"
"25.34","56.05698","0.4223","25.34","113.2544","0.4222667"
"25.35","56.04267","0.4224667","25.35","113.2584","0.4224333"
"25.36","56.03393","0.4226333","25.36","113.2878","0.4226"
"25.37","56.02519","0.4228","25.37","113.3458","0.4227667"
"25.38","56.01406","0.4229667","25.38","113.4197","0.4229333"
"25.39","56.00373","0.4231333","25.39","113.4944","0.4231"
"25.4","55.99499","0.4233","25.4","113.5572","0.4232667"
"25.41","55.98783","0.4234667","25.41","113.6144","0.4234667"
"25.42","55.97432","0.4236333","25.42","113.6716","0.4236333"
"25.43","55.95446","0.4238","25.43","113.7352","0.4237667"
"25.44","55.93777","0.4239667","25.44","113.8075","0.4239333"
"25.45","55.92902","0.4241333","25.45","113.8894","0.4241"
"25.46","55.92346","0.4243","25.46","113.9681","0.4242667"
"25.47","55.90836","0.4244667","25.47","114.0324","0.4244334"
"25.48","55.87975","0.4246333","25.48","114.0873","0.4246"
"25.49","55.83763","0.4248","25.49","114.1437","0.4247667"
"25.5","55.782","0.425","25.5","114.2065","0.4249333"
"25.51","55.71604","0.4251667","25.51","114.2772","0.4251"
"25.52","55.64928","0.4253334","25.52","114.3551","0.4253"
"25.53","55.58491","0.4255","25.53","114.4385","0.4254667"
"25.54","55.52292","0.4256667","25.54","114.5252","0.4256333"
"25.55","55.45855","0.4258","25.55","114.6142","0.4258"
"25.56","55.38305","0.4259667","25.56","114.7103","0.4259667"
"25.57","55.29801","0.4261333","25.57","114.8121","0.4261333"
"25.58","55.21457","0.4263","25.58","114.913","0.4263"
"25.59","55.13668","0.4264667","25.59","115.0052","0.4264667"
"25.6","55.06356","0.4266333","25.6","115.0902","0.4266333"
"25.61","54.98727","0.4268","25.61","115.1745","0.4268"
"25.62","54.91177","0.4269667","25.62","115.2619","0.4269667"
"25.63","54.85058","0.4271334","25.63","115.3469","0.4271334"
"25.64","54.80687","0.4273333","25.64","115.4216","0.4273"
"25.65","54.77667","0.4274667","25.65","115.4884","0.4274667"
"25.66","54.74726","0.4276333","25.66","115.5615","0.4276333"
"25.67","54.7123","0.4278","25.67","115.6449","0.4278"
"25.68","54.66938","0.428","25.68","115.7292","0.4279667"
"25.69","54.62964","0.4281667","25.69","115.8031","0.4281333"
"25.7","54.59945","0.4283","25.7","115.8738","0.4282667"
"25.71","54.57719","0.4284667","25.71","115.9493","0.4284667"
"25.72","54.55415","0.4286333","25.72","116.0328","0.4286"
"25.73","54.52394","0.4288","25.73","116.1178","0.4287667"
"25.74","54.48262","0.4289667","25.74","116.1981","0.4289334"
"25.75","54.43255","0.4291333","25.75","116.2759","0.4291"
"25.76","54.38487","0.4293","25.76","116.3554","0.4292667"
"25.77","54.35944","0.4294667","25.77","116.4325","0.4294333"
"25.78","54.3499","0.4296333","25.78","116.5128","0.4296"
"25.79","54.334","0.4298","25.79","116.6034","0.4297667"
"25.8","54.3046","0.43","25.8","116.7027","0.4299333"
"25.81","54.28076","0.4301333","25.81","116.8036","0.4301333"
"25.82","54.27917","0.4303333","25.82","116.8998","0.4303"
"25.83","54.2887","0.4304667","25.83","116.9944","0.4304333"
"25.84","54.28632","0.4306333","25.84","117.0921","0.4306"
"25.85","54.26804","0.4308333","25.85","117.1883","0.4307667"
"25.86","54.25135","0.4309667","25.86","117.2789","0.4309333"
"25.87","54.24182","0.4311333","25.87","117.3663","0.4311333"
"25.88","54.23546","0.4313","25.88","117.4545","0.4313"
"25.89","54.22831","0.4314333","25.89","117.5427","0.4314667"
"25.9","54.21479","0.4316333","25.9","117.6413","0.4316333"
"25.91","54.19572","0.4318","25.91","117.7533","0.4318"
"25.92","54.17585","0.4319667","25.92","117.8678","0.4319333"
"25.93","54.15916","0.4321333","25.93","117.9711","0.4321"
"25.94","54.15042","0.4323","25.94","118.0625","0.4322667"
"25.95","54.15916","0.4324667","25.95","118.1451","0.4324667"
"25.96","54.17585","0.4326667","25.96","118.2167","0.4326333"
"25.97","54.19334","0.4328","25.97","118.2818","0.4328"
"25.98","54.20605","0.4329667","25.98","118.3573","0.4329333"
"25.99","54.214","0.4331333","25.99","118.4559","0.4331333"
"26","54.21479","0.4333333","26","118.5703","0.4332667"
"26.01","54.21241","0.4335","26.01","118.6784","0.4334667"
"26.02","54.21479","0.4336667","26.02","118.7658","0.4336"
"26.03","54.22831","0.4338","26.03","118.8413","0.4337667"
"26.04","54.24659","0.4339667","26.04","118.9184","0.4339333"
"26.05","54.26089","0.4341334","26.05","118.9987","0.4341"
"26.06","54.26804","0.4343","26.06","119.0702","0.4342667"
"26.07","54.27043","0.4344667","26.07","119.1306","0.4344333"
"26.08","54.27043","0.4346667","26.08","119.195","0.4346"
"26.09","54.27599","0.4348333","26.09","119.2816","0.4348"
"26.1","54.29109","0.435","26.1","119.3865","0.4349333"
"26.11","54.32208","0.4351333","26.11","119.4978","0.4351333"
"26.12","54.35864","0.4353","26.12","119.6003","0.4352667"
"26.13","54.38725","0.4354667","26.13","119.6837","0.4354333"
"26.14","54.40076","0.4356333","26.14","119.7584","0.4356"
"26.15","54.40474","0.4358","26.15","119.8324","0.4358"
"26.16","54.4095","0.4359334","26.16","119.9102","0.4359334"
"26.17","54.41904","0.4361333","26.17","119.9841","0.4361333"
"26.18","54.43017","0.4363","26.18","120.0549","0.4363"
"26.19","54.43494","0.4364667","26.19","120.1344","0.4364667"
"26.2","54.4397","0.4366333","26.2","120.2289","0.4366333"
"26.21","54.46037","0.4368","26.21","120.3259","0.4367667"
"26.22","54.5009","0.4369667","26.22","120.4085","0.4369"
"26.23","54.53984","0.4371333","26.23","120.4729","0.4370667"
"26.24","54.56289","0.4373","26.24","120.5246","0.4372333"
"26.25","54.57242","0.4374667","26.25","120.5643","0.4374"
"26.26","54.57957","0.4376333","26.26","120.5969","0.4376"
"26.27","54.59388","0.4378","26.27","120.6334","0.4377667"
"26.28","54.61454","0.4379333","26.28","120.6835","0.4379333"
"26.29","54.63759","0.4381","26.29","120.755","0.4381"
"26.3","54.66143","0.4383","26.3","120.8401","0.4382667"
"26.31","54.68448","0.4384667","26.31","120.9307","0.4384667"
"26.32","54.70276","0.4386667","26.32","121.0181","0.4386334"
"26.33","54.71945","0.4388333","26.33","121.0984","0.4388"
"26.34","54.74488","0.439","26.34","121.1715","0.439"
"26.35","54.77905","0.4391667","26.35","121.2462","0.4391333"
"26.36","54.81561","0.4393333","26.36","121.3288","0.4393"
"26.37","54.84502","0.4394667","26.37","121.4155","0.4394667"
"26.38","54.86886","0.4396667","26.38","121.4941","0.4396333"
"26.39","54.88952","0.4398","26.39","121.5577","0.4398"
"26.4","54.90303","0.4399333","26.4","121.6086","0.4399333"
"26.41","54.90541","0.4401333","26.41","121.6499","0.4401"
"26.42","54.89826","0.4403","26.42","121.6888","0.4403"
"26.43","54.88237","0.4404667","26.43","121.7341","0.4404667"
"26.44","54.86171","0.4406333","26.44","121.785","0.4406333"
"26.45","54.84978","0.4408","26.45","121.8398","0.4408"
"26.46","54.85694","0.4409667","26.46","121.9002","0.4409667"
"26.47","54.88078","0.4411","26.47","121.9702","0.4411334"
"26.48","54.91018","0.4413","26.48","122.0369","0.4413333"
"26.49","54.92767","0.4414667","26.49","122.0942","0.4415"
"26.5","54.93085","0.4416667","26.5","122.1466","0.4416667"
"26.51","54.93562","0.4418","26.51","122.203","0.4418"
"26.52","54.95787","0.4419667","26.52","122.2714","0.4419667"
"26.53","54.98965","0.4421333","26.53","122.3421","0.4421"
"26.54","55.01826","0.4423333","26.54","122.393","0.4422667"
"26.55","55.03416","0.4424667","26.55","122.42","0.4424"
"26.56","55.03814","0.4426333","26.56","122.4343","0.4426"
"26.57","55.03814","0.4427667","26.57","122.4478","0.4427667"
"26.58","55.03337","0.4429334","26.58","122.4589","0.4429667"
"26.59","55.01747","0.4431333","26.59","122.4756","0.4431333"
"26.6","54.99284","0.4433","26.6","122.5217","0.4433"
"26.61","54.96979","0.4434667","26.61","122.5996","0.4434667"
"26.62","54.96025","0.4436333","26.62","122.6918","0.4436"
"26.63","54.96025","0.4438","26.63","122.7713","0.4437667"
"26.64","54.96502","0.444","26.64","122.8285","0.4439333"
"26.65","54.96502","0.4441667","26.65","122.865","0.4441333"
"26.66","54.96025","0.4443333","26.66","122.8881","0.4443"
"26.67","54.95548","0.4445","26.67","122.9088","0.4444667"
"26.68","54.95548","0.4446667","26.68","122.9374","0.4446333"
"26.69","54.95628","0.4448333","26.69","122.9819","0.4448"
"26.7","54.95151","0.4449333","26.7","123.0335","0.4449667"
"26.71","54.94038","0.4451333","26.71","123.0884","0.4451333"
"26.72","54.92528","0.4453","26.72","123.1321","0.4453333"
"26.73","54.90462","0.4454667","26.73","123.1496","0.4454667"
"26.74","54.87601","0.4456667","26.74","123.1432","0.4456334"
"26.75","54.84978","0.4458333","26.75","123.1392","0.4457667"
"26.76","54.84502","0.4459667","26.76","123.1472","0.4459333"
"26.77","54.86647","0.4461333","26.77","123.1496","0.4461333"
"26.78","54.89826","0.4463333","26.78","123.1249","0.4463"
"26.79","54.91257","0.4465","26.79","123.0749","0.4464333"
"26.8","54.90144","0.4466667","26.8","123.028","0.4466"
"26.81","54.88475","0.4468333","26.81","122.997","0.4468"
"26.82","54.88475","0.447","26.82","122.9763","0.4469333"
"26.83","54.89906","0.4471333","26.83","122.9477","0.4471333"
"26.84","54.90144","0.4473","26.84","122.9111","0.4472667"
"26.85","54.88237","0.4474667","26.85","122.8746","0.4474667"
"26.86","54.85455","0.4476667","26.86","122.8444","0.4476333"
"26.87","54.83627","0.4478","26.87","122.8213","0.4478"
"26.88","54.82991","0.4479667","26.88","122.8054","0.4479667"
"26.89","54.8315","0.4481333","26.89","122.7903","0.4481333"
"26.9","54.8323","0.4483334","26.9","122.7713","0.4482667"
"26.91","54.83627","0.4485","26.91","122.7482","0.4484667"
"26.92","54.83945","0.4486333","26.92","122.7204","0.4486333"
"26.93","54.84581","0.4487667","26.93","122.6846","0.4488"
"26.94","54.85773","0.4489667","26.94","122.6457","0.4489667"
"26.95","54.86886","0.4491333","26.95","122.6131","0.4491333"
"26.96","54.86012","0.4493","26.96","122.5948","0.4492667"
"26.97","54.8315","0.4494667","26.97","122.5829","0.4494333"
"26.98","54.80449","0.4496333","26.98","122.5607","0.4496333"
"26.99","54.79972","0.4498","26.99","122.5233","0.4498"
"27","54.81164","0.4499667","27","122.4732","0.4499667"
"27.01","54.82435","0.4501333","27.01","122.42","0.4501333"
"27.02","54.82674","0.4503","27.02","122.3715","0.4502667"
"27.03","54.81879","0.4504667","27.03","122.3326","0.4504333"
"27.04","54.80369","0.4506333","27.04","122.3016","0.4506"
"27.05","54.79018","0.4508","27.05","122.273","0.4507667"
"27.06","54.78382","0.451","27.06","122.2364","0.4509667"
"27.07","54.78303","0.4511667","27.07","122.1903","0.4511333"
"27.08","54.78382","0.4513","27.08","122.145","0.4513"
"27.09","54.78621","0.4514667","27.09","122.1132","0.4514667"
"27.1","54.78541","0.4516667","27.1","122.0989","0.4516333"
"27.11","54.77269","0.4518","27.11","122.0894","0.4518"
"27.12","54.75203","0.4519667","27.12","122.0719","0.4519333"
"27.13","54.73137","0.4521333","27.13","122.0401","0.4521"
"27.14","54.71945","0.4523","27.14","122.0012","0.4523"
"27.15","54.7123","0.4524667","27.15","121.9686","0.4524667"
"27.16","54.69878","0.4526334","27.16","121.9408","0.4526334"
"27.17","54.68209","0.4528","27.17","121.9153","0.4528"
"27.18","54.66859","0.4529667","27.18","121.8971","0.4529667"
"27.19","54.667","0.4531333","27.19","121.8875","0.4531333"
"27.2","54.67097","0.4533","27.2","121.8724","0.4533"
"27.21","54.67574","0.4534667","27.21","121.8446","0.4534667"
"27.22","54.67892","0.4536333","27.22","121.8104","0.4536333"
"27.23","54.68448","0.4538","27.23","121.7786","0.4538"
"27.24","54.69402","0.4539667","27.24","121.7484","0.4539667"
"27.25","54.7123","0.4541333","27.25","121.7159","0.4541333"
"27.26","54.73534","0.4543","27.26","121.6817","0.4543"
"27.27","54.75839","0.4544667","27.27","121.6396","0.4544667"
"27.28","54.77269","0.4546333","27.28","121.5871","0.4546333"
"27.29","54.77985","0.4548","27.29","121.537","0.4548"
"27.3","54.78144","0.4549667","27.3","121.4941","0.4549667"
"27.31","54.77985","0.4551333","27.31","121.4528","0.4551333"
"27.32","54.78541","0.4553","27.32","121.4091","0.4553"
"27.33","54.79733","0.4555","27.33","121.3678","0.4554667"
"27.34","54.81164","0.4556333","27.34","121.3368","0.4556333"
"27.35","54.82435","0.4558","27.35","121.3106","0.4558"
"27.36","54.83945","0.4559667","27.36","121.2867","0.4559667"
"27.37","54.86012","0.4561333","27.37","121.2565","0.4561333"
"27.38","54.87998","0.4563333","27.38","121.2184","0.4563"
"27.39","54.88952","0.4564667","27.39","121.1739","0.4564667"
"27.4","54.89429","0.4566333","27.4","121.1262","0.4566333"
"27.41","54.90303","0.4568","27.41","121.0833","0.4568333"
"27.42","54.91495","0.4569667","27.42","121.0467","0.4569667"
"27.43","54.92528","0.4571334","27.43","121.0205","0.4571334"
"27.44","54.92369","0.4573","27.44","120.9998","0.4572667"
"27.45","54.91972","0.4574667","27.45","120.9791","0.4574333"
"27.46","54.92528","0.4576333","27.46","120.9434","0.4576333"
"27.47","54.93482","0.4578","27.47","120.8941","0.4578"
"27.48","54.938","0.4579667","27.48","120.844","0.4579667"
"27.49","54.9372","0.4581333","27.49","120.8138","0.4581667"
"27.5","54.94038","0.4583","27.5","120.8067","0.4583333"
"27.51","54.9531","0.4584667","27.51","120.8138","0.4584667"
"27.52","54.97138","0.4586333","27.52","120.8297","0.4586333"
"27.53","54.98727","0.4588","27.53","120.8536","0.4587667"
"27.54","55.00158","0.4589667","27.54","120.8735","0.4589333"
"27.55","55.01826","0.4591333","27.55","120.8663","0.4591333"
"27.56","55.03814","0.4593","27.56","120.8329","0.4592667"
"27.57","55.05164","0.4594667","27.57","120.8003","0.4594333"
"27.58","55.0588","0.4596667","27.58","120.786","0.4596"
"27.59","55.05959","0.4598","27.59","120.7821","0.4597667"
"27.6","55.06436","0.4599667","27.6","120.7829","0.4599667"
"27.61","55.08025","0.4601333","27.61","120.7844","0.4601333"
"27.62","55.10569","0.4603","27.62","120.794","0.4603"
"27.63","55.12397","0.4604667","27.63","120.8123","0.4604667"
"27.64","55.12555","0.4606333","27.64","120.8305","0.4606333"
"27.65","55.11602","0.4608","27.65","120.844","0.4608"
"27.66","55.11443","0.4609667","27.66","120.8504","0.4609667"
"27.67","55.12953","0.4611","27.67","120.8512","0.4611"
"27.68","55.15099","0.4612667","27.68","120.8456","0.4613"
"27.69","55.1645","0.4614667","27.69","120.8329","0.4614667"
"27.7","55.16052","0.4616333","27.7","120.8218","0.4616333"
"27.71","55.15019","0.4618","27.71","120.8162","0.4618"
"27.72","55.1486","0.4619667","27.72","120.8146","0.4619333"
"27.73","55.16529","0.4621333","27.73","120.8146","0.4621333"
"27.74","55.20185","0.4623","27.74","120.8115","0.4623"
"27.75","55.24079","0.4624333","27.75","120.8051","0.4624667"
"27.76","55.26543","0.4626","27.76","120.7964","0.4626333"
"27.77","55.27179","0.4628","27.77","120.7892","0.4628333"
"27.78","55.26543","0.4629667","27.78","120.786","0.463"
"27.79","55.25827","0.4631333","27.79","120.7892","0.4631333"
"27.8","55.26384","0.4633","27.8","120.8003","0.4633333"
"27.81","55.29086","0.4634667","27.81","120.8162","0.4635"
"27.82","55.32582","0.4636333","27.82","120.8321","0.4636333"
"27.83","55.35443","0.4638","27.83","120.8417","0.4638"
"27.84","55.37351","0.4639333","27.84","120.8425","0.4639333"
"27.85","55.3902","0.4641","27.85","120.8297","0.4641"
"27.86","55.40609","0.4643","27.86","120.8011","0.4642667"
"27.87","55.41642","0.4644667","27.87","120.7654","0.4644333"
"27.88","55.41961","0.4646333","27.88","120.7336","0.4646"
"27.89","55.42199","0.4648","27.89","120.7137","0.4647667"
"27.9","55.43311","0.4649667","27.9","120.7089","0.4649333"
"27.91","55.45378","0.4651333","27.91","120.7153","0.4651333"
"27.92","55.47603","0.4653","27.92","120.7272","0.4653"
"27.93","55.49113","0.4654667","27.93","120.7447","0.4654667"
"27.94","55.50385","0.4656333","27.94","120.7622","0.4656"
"27.95","55.52213","0.4658","27.95","120.7757","0.4658"
"27.96","55.5404","0.466","27.96","120.7868","0.4659334"
"27.97","55.54835","0.4661667","27.97","120.8003","0.4661"
"27.98","55.55074","0.4663","27.98","120.8138","0.4663"
"27.99","55.56583","0.4664667","27.99","120.8282","0.4664667"
"28","55.59206","0.4666333","28","120.8464","0.4666333"
"28.01","55.61272","0.4668","28.01","120.8695","0.4668"
"28.02","55.61829","0.4669667","28.02","120.8917","0.4669667"
"28.03","55.60954","0.4671333","28.03","120.9108","0.4671333"
"28.04","55.59842","0.4673","28.04","120.9203","0.4673"
"28.05","55.58968","0.4674667","28.05","120.9267","0.4674667"
"28.06","55.59206","0.4676333","28.06","120.9378","0.4676667"
"28.07","55.60557","0.4678","28.07","120.9569","0.4678"
"28.08","55.63021","0.4679333","28.08","120.9791","0.4679667"
"28.09","55.65802","0.4681","28.09","121.0086","0.4681333"
"28.1","55.68504","0.4682667","28.1","121.0396","0.4683"
"28.11","55.7065","0.4684667","28.11","121.0594","0.4684334"
"28.12","55.72001","0.4686","28.12","121.0618","0.4686333"
"28.13","55.72717","0.4687667","28.13","121.0507","0.4688"
"28.14","55.73988","0.4689667","28.14","121.034","0.4689667"
"28.15","55.7677","0.4691333","28.15","121.0213","0.4691333"
"28.16","55.80425","0.4693","28.16","121.0237","0.4693"
"28.17","55.83763","0.4694667","28.17","121.0411","0.4694333"
"28.18","55.85988","0.4696333","28.18","121.0674","0.4696333"
"28.19","55.88214","0.4697667","28.19","121.0936","0.4698"
"28.2","55.90995","0.4699333","28.2","121.1103","0.4699333"
"28.21","55.93777","0.4701333","28.21","121.1063","0.4701"
"28.22","55.95207","0.4702667","28.22","121.092","0.4703"
"28.23","55.95366","0.4704333","28.23","121.0825","0.4704667"
"28.24","55.95843","0.4706","28.24","121.0833","0.4706333"
"28.25","55.97671","0.4708","28.25","121.0896","0.4707667"
"28.26","56.00214","0.4709667","28.26","121.092","0.4709667"
"28.27","56.02678","0.4711334","28.27","121.0896","0.4711"
"28.28","56.05062","0.4712667","28.28","121.0848","0.4712667"
"28.29","56.08002","0.4714333","28.29","121.0809","0.4714667"
"28.3","56.11658","0.4716333","28.3","121.0785","0.4716333"
"28.31","56.15075","0.4718","28.31","121.0705","0.4717667"
"28.32","56.1738","0.4719667","28.32","121.0594","0.4719333"
"28.33","56.19049","0.4721333","28.33","121.0507","0.4721333"
"28.34","56.21354","0.4723","28.34","121.0435","0.4723"
"28.35","56.2493","0.4724667","28.35","121.0372","0.4724667"
"28.36","56.29063","0.4726333","28.36","121.034","0.4726"
"28.37","56.32798","0.4728","28.37","121.0396","0.4728"
"28.38","56.35579","0.4729667","28.38","121.0554","0.4729667"
"28.39","56.37646","0.4731333","28.39","121.0729","0.4731"
"28.4","56.39394","0.4733","28.4","121.0801","0.4732667"
"28.41","56.40825","0.4735","28.41","121.0777","0.4734333"
"28.42","56.41778","0.4736667","28.42","121.0737","0.4736"
"28.43","56.42891","0.4738","28.43","121.0729","0.4738"
"28.44","56.45116","0.4739667","28.44","121.0753","0.4739667"
"28.45","56.48375","0.4741333","28.45","121.0801","0.4741333"
"28.46","56.51077","0.4743","28.46","121.0968","0.4743"
"28.47","56.51553","0.4744667","28.47","121.1262","0.4744667"
"28.48","56.50759","0.4746333","28.48","121.1564","0.4746333"
"28.49","56.50679","0.4748","28.49","121.181","0.4748"
"28.5","56.52825","0.4749667","28.5","121.2025","0.4749333"
"28.51","56.57117","0.4751333","28.51","121.2247","0.4751"
"28.52","56.61408","0.4753","28.52","121.2358","0.4752667"
"28.53","56.64428","0.4754667","28.53","121.2319","0.4754667"
"28.54","56.66256","0.4756334","28.54","121.22","0.4756334"
"28.55","56.67051","0.4758","28.55","121.2128","0.4758"
"28.56","56.68084","0.4759333","28.56","121.2207","0.476"
"28.57","56.69673","0.4761333","28.57","121.2462","0.4761333"
"28.58","56.71978","0.4763","28.58","121.278","0.4763"
"28.59","56.73885","0.4764667","28.59","121.3058","0.4764333"
"28.6","56.75395","0.4766333","28.6","121.3241","0.4766"
"28.61","56.76667","0.4768","28.61","121.328","0.4767333"
"28.62","56.79369","0.4769667","28.62","121.3082","0.4769333"
"28.63","56.83263","0.4771333","28.63","121.2708","0.4771333"
"28.64","56.86998","0.4773","28.64","121.2295","0.4773"
"28.65","56.89621","0.4774333","28.65","121.2088","0.4775"
"28.66","56.91528","0.4776","28.66","121.2223","0.4776667"
"28.67","56.93436","0.4778","28.67","121.2613","0.4778"
"28.68","56.94946","0.4779667","28.68","121.3034","0.4779667"
"28.69","56.95422","0.4781334","28.69","121.3328","0.4781"
"28.7","56.96376","0.4782667","28.7","121.3423","0.4782667"
"28.71","56.98681","0.4784667","28.71","121.3344","0.4784667"
"28.72","57.01621","0.4786","28.72","121.3121","0.4786"
"28.73","57.03688","0.4787667","28.73","121.2915","0.4787667"
"28.74","57.05516","0.4789667","28.74","121.2772","0.4789667"
"28.75","57.0782","0.4791333","28.75","121.2597","0.4791333"
"28.76","57.10363","0.4793","28.76","121.2335","0.4793"
"28.77","57.12668","0.4795","28.77","121.2048","0.4794667"
"28.78","57.15847","0.4796333","28.78","121.189","0.4796667"
"28.79","57.20615","0.4798","28.79","121.1858","0.4798"
"28.8","57.2602","0.4799667","28.8","121.1818","0.4799667"
"28.81","57.31265","0.4801","28.81","121.1635","0.4801333"
"28.82","57.35159","0.4803","28.82","121.1127","0.4803"
"28.83","57.37464","0.4804667","28.83","121.0046","0.4804667"
"28.84","57.38497","0.4806333","28.84","120.8138","0.4806333"
"28.85","57.39768","0.4808","28.85","120.5428","0.4808"
"28.86","57.42868","0.4809667","28.86","120.2043","0.4809333"
"28.87","57.47716","0.4811333","28.87","119.7998","0.4811333"
"28.88","57.53438","0.4813333","28.88","119.3428","0.4813"
"28.89","57.58603","0.4814667","28.89","118.8978","0.4814667"
"28.9","57.6218","0.4816","28.9","118.5409","0.4816333"
"28.91","57.64087","0.4817667","28.91","118.2953","0.4818"
"28.92","57.65359","0.4819667","28.92","118.1293","0.4819667"
"28.93","57.6663","0.4821333","28.93","117.9973","0.4821333"
"28.94","57.68458","0.4823","28.94","117.8734","0.4823333"
"28.95","57.71637","0.4824667","28.95","117.7541","0.4824667"
"28.96","57.76644","0.4826667","28.96","117.6405","0.4826334"
"28.97","57.82843","0.4828333","28.97","117.5348","0.4828"
"28.98","57.88882","0.483","28.98","117.4386","0.4829667"
"28.99","57.94764","0.4831333","28.99","117.3425","0.4831333"
"29","58.00088","0.4832667","29","117.2415","0.4833"
"29.01","58.04936","0.4834333","29.01","117.1335","0.4834667"
"29.02","58.08592","0.4836","29.02","117.0333","0.4836333"
"29.03","58.10817","0.4838","29.03","116.9507","0.4838"
"29.04","58.11374","0.4839667","29.04","116.8815","0.4839667"
"29.05","58.1193","0.4841333","29.05","116.81","0.4841333"
"29.06","58.14791","0.4843","29.06","116.7297","0.4843"
"29.07","58.2099","0.4844667","29.07","116.6479","0.4844667"
"29.08","58.29016","0.4846333","29.08","116.5787","0.4846667"
"29.09","58.36566","0.4847667","29.09","116.5215","0.4848333"
"29.1","58.42288","0.4849333","29.1","116.4707","0.485"
"29.11","58.46183","0.4851333","29.11","116.4222","0.4851667"
"29.12","58.48885","0.4853","29.12","116.3769","0.4853"
"29.13","58.51428","0.4854667","29.13","116.3332","0.4854667"
"29.14","58.55401","0.4856333","29.14","116.2831","0.4856333"
"29.15","58.61839","0.4858","29.15","116.2235","0.4857667"
"29.16","58.69071","0.4859667","29.16","116.1496","0.4859333"
"29.17","58.75031","0.4861333","29.17","116.0606","0.4861333"
"29.18","58.80117","0.4863","29.18","115.9684","0.4863"
"29.19","58.84886","0.4864333","29.19","115.8921","0.4864667"
"29.2","58.89336","0.4866","29.2","115.8357","0.4866"
"29.21","58.93628","0.4867667","29.21","115.7935","0.4867667"
"29.22","58.9784","0.4869334","29.22","115.7498","0.4869334"
"29.23","59.01654","0.4871333","29.23","115.6998","0.4871"
"29.24","59.04913","0.4872667","29.24","115.6489","0.4872667"
"29.25","59.08648","0.4874667","29.25","115.5917","0.4874333"
"29.26","59.13894","0.4876333","29.26","115.5186","0.4876"
"29.27","59.20251","0.4877667","29.27","115.4288","0.4877667"
"29.28","59.26688","0.4879333","29.28","115.3326","0.4879667"
"29.29","59.3249","0.4881","29.29","115.238","0.4881333"
"29.3","59.37735","0.4883","29.3","115.1403","0.4883"
"29.31","59.42345","0.4884667","29.31","115.0338","0.4884667"
"29.32","59.47351","0.4886667","29.32","114.9042","0.4886333"
"29.33","59.53074","0.4888333","29.33","114.7413","0.4888"
"29.34","59.59352","0.4889667","29.34","114.5363","0.4889667"
"29.35","59.66425","0.4891333","29.35","114.2844","0.4891333"
"29.36","59.73816","0.4893","29.36","113.9816","0.4893"
"29.37","59.80889","0.4894667","29.37","113.6112","0.4895"
"29.38","59.86531","0.4896334","29.38","113.1622","0.4896334"
"29.39","59.89552","0.4898333","29.39","112.6361","0.4898"
"29.4","59.90982","0.49","29.4","111.9995","0.4899667"
"29.41","59.93048","0.4901667","29.41","111.1404","0.4901333"
"29.42","59.98055","0.4903","29.42","109.8895","0.4903"
"29.43","60.05208","0.4904667","29.43","108.0521","0.4905"
"29.44","60.11804","0.4906333","29.44","104.7627","0.4906667"
"29.45","60.16254","0.4908","29.45","97.71983","0.4908333"
"29.46","60.18559","0.4909667","29.46","85.16947","0.491"
"29.47","60.19592","0.4911333","29.47","69.76048","0.4911333"
"29.48","60.20625","0.4913","29.48","57.34444","0.4913"
"29.49","60.23328","0.4914667","29.49","50.83482","0.4914667"
"29.5","60.28175","0.4916333","29.5","48.46414","0.4916333"
"29.51","60.33421","0.4918","29.51","47.59073","0.4918"
"29.52","60.37235","0.4919667","29.52","47.07495","0.4919667"
"29.53","60.39858","0.4921667","29.53","46.70302","0.4921333"
"29.54","60.42878","0.4923334","29.54","46.42725","0.4923"
"29.55","60.46931","0.4925","29.55","46.21665","0.4924333"
"29.56","60.5154","0.4926667","29.56","46.05611","0.4926"
"29.57","60.57103","0.4928","29.57","45.94326","0.4927667"
"29.58","60.63461","0.4929667","29.58","45.86538","0.4929333"
"29.59","60.69024","0.4931333","29.59","45.80975","0.4931"
"29.6","60.73157","0.4933","29.6","45.77081","0.4932667"
"29.61","60.757","0.4934667","29.61","45.74776","0.4934333"
"29.62","60.77687","0.4936667","29.62","45.73901","0.4936333"
"29.63","60.80389","0.4938","29.63","45.73822","0.4938"
"29.64","60.84521","0.4939667","29.64","45.74378","0.4939333"
"29.65","60.89608","0.4941334","29.65","45.76604","0.4941"
"29.66","60.94694","0.4942667","29.66","45.80577","0.4942667"
"29.67","60.98827","0.4944667","29.67","45.85822","0.4944333"
"29.68","61.01608","0.4946333","29.68","45.90829","0.4946"
"29.69","61.03675","0.4948","29.69","45.95677","0.4947667"
"29.7","61.05979","0.495","29.7","46.00684","0.4949333"
"29.71","61.10032","0.4951667","29.71","46.06009","0.4951"
"29.72","61.15754","0.4953","29.72","46.1181","0.4952667"
"29.73","61.2243","0.4954667","29.73","46.18406","0.4954333"
"29.74","61.28867","0.4956333","29.74","46.25559","0.4956"
"29.75","61.34431","0.4958","29.75","46.33029","0.4958"
"29.76","61.38245","0.4959667","29.76","46.405","0.4959333"
"29.77","61.39358","0.4961333","29.77","46.48447","0.4961"
"29.78","61.39358","0.4963","29.78","46.56236","0.4963"
"29.79","61.40311","0.4964667","29.79","46.63547","0.4964667"
"29.8","61.42855","0.4966334","29.8","46.70541","0.4966"
"29.81","61.46352","0.4968","29.81","46.77773","0.4968"
"29.82","61.50166","0.4969667","29.82","46.85402","0.4969667"
"29.83","61.53901","0.4971333","29.83","46.92952","0.4971333"
"29.84","61.57716","0.4973","29.84","47.00105","0.4973"
"29.85","61.61213","0.4975","29.85","47.07019","0.4974667"
"29.86","61.63995","0.4976667","29.86","47.13615","0.4976"
"29.87","61.66697","0.4978","29.87","47.19655","0.4977667"
"29.88","61.69637","0.4979667","29.88","47.249","0.4979333"
"29.89","61.72975","0.4981333","29.89","47.29748","0.4981"
"29.9","61.76392","0.4983","29.9","47.34755","0.4982667"
"29.91","61.78697","0.4985","29.91","47.40636","0.4984334"
"29.92","61.79969","0.4986667","29.92","47.47788","0.4986"
"29.93","61.80684","0.4988","29.93","47.55894","0.4988"
"29.94","61.82273","0.4989667","29.94","47.63921","0.4989667"
"29.95","61.85532","0.4991333","29.95","47.71153","0.4991333"
"29.96","61.89187","0.4993","29.96","47.78306","0.4992667"
"29.97","61.91571","0.4994667","29.97","47.85617","0.4994333"
"29.98","61.92605","0.4996667","29.98","47.92611","0.4996"
"29.99","61.93956","0.4998333","29.99","47.99684","0.4997667"
"30","61.96737","0.4999667","30","48.06995","0.4999333"
"30.01","62.01108","0.5001667","30.01","48.14069","0.5001333"
"30.02","62.06433","0.5003333","30.02","48.20983","0.5002667"
"30.03","62.11519","0.5005","30.03","48.27499","0.5004333"
"30.04","62.15175","0.5006667","30.04","48.34096","0.5006"
"30.05","62.17877","0.5008","30.05","48.4093","0.5008"
"30.06","62.20658","0.501","30.06","48.48083","0.5009333"
"30.07","62.23838","0.5011333","30.07","48.55235","0.5011"
"30.08","62.27016","0.5013334","30.08","48.6207","0.5012667"
"30.09","62.29877","0.5015","30.09","48.68984","0.5014667"
"30.1","62.32579","0.5016333","30.1","48.76296","0.5016333"
"30.11","62.3552","0.5018","30.11","48.83607","0.5018"
"30.12","62.39017","0.5019667","30.12","48.90919","0.5019333"
"30.13","62.42275","0.5021333","30.13","48.98627","0.5021"
"30.14","62.44898","0.5023","30.14","49.06813","0.5022666"
"30.15","62.4752","0.5024667","30.15","49.14363","0.5024334"
"30.16","62.50938","0.5026667","30.16","49.20324","0.5026"
"30.17","62.54752","0.5028334","30.17","49.25172","0.5027667"
"30.18","62.57852","0.503","30.18","49.30417","0.5029333"
"30.19","62.60951","0.5031334","30.19","49.36616","0.5031334"
"30.2","62.64528","0.5033333","30.2","49.43053","0.5032667"
"30.21","62.69057","0.5035","30.21","49.49093","0.5034333"
"30.22","62.73429","0.5036667","30.22","49.55292","0.5036"
"30.23","62.77482","0.5038334","30.23","49.62762","0.5037667"
"30.24","62.81694","0.504","30.24","49.71027","0.5039333"
"30.25","62.867","0.5041667","30.25","49.78816","0.5041"
"30.26","62.92025","0.5043333","30.26","49.85492","0.5042667"
"30.27","62.96635","0.5044667","30.27","49.91452","0.5044333"
"30.28","63.00449","0.5046334","30.28","49.97174","0.5046"
"30.29","63.03867","0.5048","30.29","50.02896","0.5047666"
"30.3","63.06887","0.5049667","30.3","50.08698","0.5049334"
"30.31","63.09589","0.5051333","30.31","50.14181","0.5051"
"30.32","63.1237","0.5053","30.32","50.19983","0.5052667"
"30.33","63.15867","0.5054667","30.33","50.2634","0.5054333"
"30.34","63.20238","0.5056334","30.34","50.32778","0.5056"
"30.35","63.25006","0.5058","30.35","50.38818","0.5057667"
"30.36","63.29696","0.5059667","30.36","50.45176","0.5059333"
"30.37","63.35099","0.5061333","30.37","50.52249","0.5061"
"30.38","63.41298","0.5063","30.38","50.59004","0.5062667"
"30.39","63.47815","0.5064667","30.39","50.64647","0.5064334"
"30.4","63.53934","0.5066333","30.4","50.69733","0.5066"
"30.41","63.59418","0.5068","30.41","50.74819","0.5067667"
"30.42","63.64346","0.507","30.42","50.80462","0.5069333"
"30.43","63.68796","0.5071334","30.43","50.86263","0.5071"
"30.44","63.72929","0.5073333","30.44","50.91826","0.5072667"
"30.45","63.77061","0.5074667","30.45","50.97469","0.5074334"
"30.46","63.81671","0.5076333","30.46","51.03509","0.5076333"
"30.47","63.86598","0.5078","30.47","51.09946","0.5078"
"30.48","63.90492","0.5079667","30.48","51.17019","0.5079667"
"30.49","63.92956","0.5081334","30.49","51.24728","0.5081334"
"30.5","63.94386","0.5083","30.5","51.32596","0.5083"
"30.51","63.96214","0.5084667","30.51","51.40225","0.5084667"
"30.52","63.99155","0.5086333","30.52","51.47775","0.5086333"
"30.53","64.02651","0.5088","30.53","51.55246","0.5088"
"30.54","64.05989","0.5089667","30.54","51.62001","0.5089667"
"30.55","64.09486","0.5091333","30.55","51.68359","0.5091333"
"30.56","64.13618","0.5093333","30.56","51.74557","0.5092667"
"30.57","64.1791","0.5095","30.57","51.80756","0.5094333"
"30.58","64.21248","0.5096667","30.58","51.86955","0.5096"
"30.59","64.23712","0.5098333","30.59","51.9228","0.5097667"
"30.6","64.25778","0.51","30.6","51.96571","0.5099334"
"30.61","64.28481","0.5101666","30.61","52.00227","0.5101"
"30.62","64.31261","0.5103334","30.62","52.04201","0.5102667"
"30.63","64.33805","0.5104667","30.63","52.09287","0.5104667"
"30.64","64.3611","0.5106333","30.64","52.15168","0.5106333"
"30.65","64.38653","0.5108","30.65","52.21208","0.5108"
"30.66","64.41354","0.5109667","30.66","52.27327","0.5109667"
"30.67","64.43501","0.5111333","30.67","52.32573","0.5111333"
"30.68","64.45964","0.5113333","30.68","52.36308","0.5113"
"30.69","64.48904","0.5115","30.69","52.38533","0.5114667"
"30.7","64.52402","0.5116667","30.7","52.39566","0.5116"
"30.71","64.56296","0.5118","30.71","52.40361","0.5117667"
"30.72","64.60905","0.5119666","30.72","52.4044","0.5119333"
"30.73","64.65514","0.5121334","30.73","52.39328","0.5121334"
"30.74","64.69647","0.5123","30.74","52.37262","0.5123"
"30.75","64.73462","0.5124667","30.75","52.36069","0.5124334"
"30.76","64.77197","0.5126333","30.76","52.36705","0.5126333"
"30.77","64.79979","0.5128","30.77","52.38533","0.5128"
"30.78","64.81966","0.513","30.78","52.40917","0.5129667"
"30.79","64.84667","0.5131667","30.79","52.43937","0.5131333"
"30.8","64.88641","0.5133333","30.8","52.47275","0.5132667"
"30.81","64.9325","0.5134667","30.81","52.49818","0.5134667"
"30.82","64.98099","0.5136333","30.82","52.51249","0.5136333"
"30.83","65.03264","0.5138","30.83","52.51964","0.5137666"
"30.84","65.07397","0.5139667","30.84","52.53077","0.5139334"
"30.85","65.09304","0.5141333","30.85","52.54666","0.5141333"
"30.86","65.0994","0.5143","30.86","52.55858","0.5143"
"30.87","65.10814","0.5144666","30.87","52.56335","0.5144666"
"30.88","65.12563","0.5146334","30.88","52.5713","0.5146334"
"30.89","65.14391","0.5148","30.89","52.58958","0.5148"
"30.9","65.16138","0.5149667","30.9","52.6158","0.5149667"
"30.91","65.17728","0.5151333","30.91","52.64282","0.5151"
"30.92","65.20271","0.5153","30.92","52.66428","0.5152667"
"30.93","65.23768","0.5154333","30.93","52.68018","0.5154"
"30.94","65.27821","0.5156333","30.94","52.68256","0.5155666"
"30.95","65.30682","0.5158","30.95","52.67064","0.5157667"
"30.96","65.32272","0.5159667","30.96","52.64918","0.5159333"
"30.97","65.33305","0.5161334","30.97","52.6309","0.5161"
"30.98","65.34974","0.5163333","30.98","52.63646","0.5162666"
"30.99","65.37675","0.5164667","30.99","52.67223","0.5164667"
"31","65.40457","0.5166667","31","52.7215","0.5166"
"31.01","65.42841","0.5168334","31.01","52.75806","0.5167667"
"31.02","65.45464","0.5169667","31.02","52.77793","0.5169333"
"31.03","65.48246","0.5171334","31.03","52.79462","0.5171"
"31.04","65.50868","0.5173","31.04","52.81528","0.5172667"
"31.05","65.52855","0.5174667","31.05","52.83356","0.5174667"
"31.06","65.53729","0.5176333","31.06","52.84786","0.5176333"
"31.07","65.53968","0.5178","31.07","52.86614","0.5178334"
"31.08","65.53809","0.5179334","31.08","52.90191","0.5179667"
"31.09","65.53809","0.5181333","31.09","52.94641","0.5181333"
"31.1","65.54047","0.5182667","31.1","52.9933","0.5183"
"31.11","65.54047","0.5184667","31.11","53.03304","0.5184333"
"31.12","65.53571","0.5186667","31.12","53.05767","0.5186334"
"31.13","65.53412","0.5188333","31.13","53.06562","0.5188"
"31.14","65.55001","0.519","31.14","53.07198","0.5189667"
"31.15","65.58816","0.5191333","31.15","53.0839","0.5191"
"31.16","65.6414","0.5193","31.16","53.08787","0.5192667"
"31.17","65.69386","0.5194667","31.17","53.0839","0.5194333"
"31.18","65.72326","0.5196334","31.18","53.08628","0.5196"
"31.19","65.72882","0.5198","31.19","53.10218","0.5198"
"31.2","65.72565","0.5199667","31.2","53.11728","0.5199333"
"31.21","65.72803","0.5201","31.21","53.11171","0.5201"
"31.22","65.74233","0.5202667","31.22","53.09105","0.5202667"
"31.23","65.75822","0.5204667","31.23","53.06721","0.5204667"
"31.24","65.76538","0.5206667","31.24","53.04257","0.5206"
"31.25","65.763","0.5208333","31.25","53.01873","0.5208"
"31.26","65.76697","0.521","31.26","53.00283","0.5209666"
"31.27","65.78764","0.5211334","31.27","52.99648","0.5211334"
"31.28","65.82498","0.5213333","31.28","52.99409","0.5212667"
"31.29","65.86313","0.5215","31.29","52.98455","0.5214334"
"31.3","65.88936","0.5216333","31.3","52.96389","0.5216"
"31.31","65.8989","0.5218","31.31","52.92813","0.5217667"
"31.32","65.89413","0.5219667","31.32","52.87488","0.5219333"
"31.33","65.8838","0.5221","31.33","52.797","0.5221334"
"31.34","65.87347","0.5222667","31.34","52.70481","0.5223"
"31.35","65.86631","0.5224667","31.35","52.6158","0.5224667"
"31.36","65.85677","0.5226","31.36","52.54189","0.5226"
"31.37","65.83691","0.5228","31.37","52.47831","0.5228"
"31.38","65.81625","0.5229667","31.38","52.39964","0.5229334"
"31.39","65.81148","0.5231333","31.39","52.29235","0.5231"
"31.4","65.83372","0.5232667","31.4","52.16122","0.5232667"
"31.41","65.8687","0.5234666","31.41","52.01657","0.5234333"
"31.42","65.90208","0.5236334","31.42","51.86955","0.5236"
"31.43","65.92274","0.5238","31.43","51.73365","0.5237667"
"31.44","65.93546","0.5239667","31.44","51.61444","0.5239334"
"31.45","65.95532","0.5241333","31.45","51.50795","0.5241"
"31.46","65.98314","0.5243","31.46","51.41258","0.5243"
"31.47","66.01572","0.5244667","31.47","51.33073","0.5244667"
"31.48","66.03876","0.5246667","31.48","51.26635","0.5246333"
"31.49","66.04751","0.5248333","31.49","51.20913","0.5248"
"31.5","66.05228","0.525","31.5","51.15668","0.5249667"
"31.51","66.07294","0.5251667","31.51","51.10979","0.5251667"
"31.52","66.11427","0.5253333","31.52","51.06847","0.5253"
"31.53","66.16274","0.5255","31.53","51.03032","0.5254667"
"31.54","66.19612","0.5256333","31.54","50.99297","0.5256333"
"31.55","66.1993","0.5258","31.55","50.95641","0.5258"
"31.56","66.18658","0.5259333","31.56","50.91588","0.5259666"
"31.57","66.1683","0.5261334","31.57","50.87217","0.5261334"
"31.58","66.14526","0.5262667","31.58","50.82369","0.5263333"
"31.59","66.12142","0.5264667","31.59","50.77362","0.5264667"
"31.6","66.10712","0.5266667","31.6","50.72196","0.5266333"
"31.61","66.1087","0.5268","31.61","50.66236","0.5268"
"31.62","66.1246","0.5269667","31.62","50.59004","0.5269333"
"31.63","66.15559","0.5271333","31.63","50.50659","0.5271"
"31.64","66.19612","0.5273333","31.64","50.41043","0.5272667"
"31.65","66.22394","0.5274667","31.65","50.30314","0.5274333"
"31.66","66.23586","0.5276334","31.66","50.18632","0.5276"
"31.67","66.24699","0.5278","31.67","50.0679","0.5277666"
"31.68","66.26367","0.528","31.68","49.95584","0.5279334"
"31.69","66.2748","0.5282","31.69","49.85253","0.5281333"
"31.7","66.27878","0.5283667","31.7","49.76114","0.5282667"
"31.71","66.2899","0.5285","31.71","49.68246","0.5284333"
"31.72","66.3201","0.5286667","31.72","49.61411","0.5286334"
"31.73","66.35984","0.5288333","31.73","49.54815","0.5288"
"31.74","66.38924","0.529","31.74","49.47901","0.5289667"
"31.75","66.38448","0.5291667","31.75","49.41066","0.5291333"
"31.76","66.3503","0.5293","31.76","49.35344","0.5293"
"31.77","66.30898","0.5294667","31.77","49.30735","0.5294667"
"31.78","66.27242","0.5296333","31.78","49.26125","0.5296667"
"31.79","66.23824","0.5298","31.79","49.21436","0.5298"
"31.8","66.20089","0.5299667","31.8","49.17542","0.5299667"
"31.81","66.16274","0.5301334","31.81","49.15476","0.5301334"
"31.82","66.13493","0.5303333","31.82","49.14443","0.5303"
"31.83","66.12301","0.5305","31.83","49.12853","0.5304667"
"31.84","66.11586","0.5306666","31.84","49.09595","0.5306333"
"31.85","66.10632","0.5308334","31.85","49.05462","0.5308"
"31.86","66.09042","0.531","31.86","49.01807","0.5309667"
"31.87","66.06499","0.5311667","31.87","48.98787","0.5311334"
"31.88","66.03082","0.5313333","31.88","48.96085","0.5313"
"31.89","65.99029","0.5314667","31.89","48.95131","0.5314667"
"31.9","65.94181","0.5316333","31.9","48.96879","0.5316333"
"31.91","65.87267","0.5318","31.91","49.00853","0.5318"
"31.92","65.78366","0.5319667","31.92","49.04509","0.5319667"
"31.93","65.68432","0.5321333","31.93","49.05383","0.5321333"
"31.94","65.57703","0.5323333","31.94","49.03157","0.5323"
"31.95","65.46974","0.5325","31.95","48.98787","0.5324667"
"31.96","65.37756","0.5326334","31.96","48.94416","0.5326334"
"31.97","65.3108","0.5328333","31.97","48.91396","0.5328"
"31.98","65.2655","0.5329667","31.98","48.90601","0.5329667"
"31.99","65.22655","0.5331333","31.99","48.92349","0.5331"
"32","65.19159","0.5333","32","48.95766","0.5332667"
"32.01","65.16615","0.5334333","32.01","48.97833","0.5334333"
"32.02","65.15185","0.5336","32.02","48.95608","0.5336"
"32.03","65.13914","0.5337667","32.03","48.89647","0.5337667"
"32.04","65.12483","0.5339333","32.04","48.82495","0.5339333"
"32.05","65.11132","0.5341","32.05","48.76693","0.5341333"
"32.06","65.10814","0.5342667","32.06","48.7264","0.5343"
"32.07","65.12086","0.5344334","32.07","48.71051","0.5344667"
"32.08","65.15503","0.5346333","32.08","48.73276","0.5346667"
"32.09","65.20113","0.5348","32.09","48.79077","0.5348"
"32.1","65.25596","0.535","32.1","48.85514","0.5349666"
"32.11","65.31715","0.5351667","32.11","48.88455","0.5351334"
"32.12","65.3847","0.5353333","32.12","48.8623","0.5353"
"32.13","65.45941","0.5355","32.13","48.80587","0.5354667"
"32.14","65.53332","0.5356333","32.14","48.7407","0.5356333"
"32.15","65.59928","0.5358","32.15","48.69938","0.5358"
"32.16","65.65253","0.5359667","32.16","48.68905","0.5359667"
"32.17","65.68988","0.5361333","32.17","48.70097","0.5361333"
"32.18","65.70498","0.5363333","32.18","48.72163","0.5362667"
"32.19","65.70975","0.5364667","32.19","48.7407","0.5364667"
"32.2","65.72803","0.5366333","32.2","48.73355","0.5366333"
"32.21","65.77174","0.5368","32.21","48.69143","0.5368"
"32.22","65.82896","0.537","32.22","48.62944","0.5369667"
"32.23","65.88141","0.5371667","32.23","48.58176","0.5371333"
"32.24","65.92513","0.5373333","32.24","48.56348","0.5373"
"32.25","65.96883","0.5375","32.25","48.56746","0.5374666"
"32.26","66.01731","0.5376667","32.26","48.57461","0.5376334"
"32.27","66.0634","0.5378333","32.27","48.57779","0.5378"
"32.28","66.10473","0.5379667","32.28","48.58017","0.5379667"
"32.29","66.14526","0.5381333","32.29","48.5754","0.5381333"
"32.3","66.18738","0.5383","32.3","48.54997","0.5383"
"32.31","66.22394","0.5384667","32.31","48.50149","0.5384667"
"32.32","66.2446","0.5386","32.32","48.44586","0.5386333"
"32.33","66.25175","0.5388","32.33","48.39659","0.5388"
"32.34","66.25891","0.5389667","32.34","48.36639","0.5389667"
"32.35","66.27162","0.5391333","32.35","48.36082","0.5391333"
"32.36","66.28593","0.5393","32.36","48.37115","0.5393"
"32.37","66.30262","0.5394667","32.37","48.37751","0.5394667"
"32.38","66.32726","0.5396333","32.38","48.35923","0.5396333"
"32.39","66.35507","0.5398","32.39","48.31314","0.5398"
"32.4","66.38765","0.5399667","32.4","48.23129","0.5399667"
"32.41","66.42342","0.5401334","32.41","48.11525","0.5401334"
"32.42","66.45998","0.5403","32.42","47.98095","0.5403"
"32.43","66.49255","0.5404333","32.43","47.85458","0.5404667"
"32.44","66.51958","0.5406","32.44","47.7473","0.5406333"
"32.45","66.53865","0.5408","32.45","47.65511","0.5408"
"32.46","66.55216","0.5409667","32.46","47.55894","0.5409667"
"32.47","66.56885","0.5411333","32.47","47.45563","0.5411333"
"32.48","66.60541","0.5413","32.48","47.34119","0.5413"
"32.49","66.66978","0.5414667","32.49","47.21642","0.5414667"
"32.5","66.74925","0.5416334","32.5","47.08767","0.5416334"
"32.51","66.82793","0.5418","32.51","46.97323","0.5418"
"32.52","66.89787","0.5419667","32.52","46.88581","0.5419667"
"32.53","66.94952","0.5421333","32.53","46.82223","0.5421333"
"32.54","66.9829","0.5423","32.54","46.77296","0.5423"
"32.55","67.01072","0.5424667","32.55","46.73878","0.5424667"
"32.56","67.05046","0.5426","32.56","46.71415","0.5426334"
"32.57","67.10768","0.5428","32.57","46.68633","0.5428"
"32.58","67.16966","0.5429667","32.58","46.64024","0.5429667"
"32.59","67.22609","0.5431333","32.59","46.57825","0.5431333"
"32.6","67.26503","0.5433","32.6","46.51706","0.5433"
"32.61","67.28808","0.5434667","32.61","46.47096","0.5434667"
"32.62","67.30875","0.5436333","32.62","46.4495","0.5436333"
"32.63","67.34132","0.5438","32.63","46.44791","0.5438"
"32.64","67.3914","0.5439667","32.64","46.45268","0.5439333"
"32.65","67.4518","0.5441334","32.65","46.45745","0.5441334"
"32.66","67.51617","0.5443","32.66","46.44791","0.5443"
"32.67","67.57021","0.5444334","32.67","46.41533","0.5444667"
"32.68","67.61153","0.5446","32.68","46.36129","0.5446333"
"32.69","67.64174","0.5447667","32.69","46.31281","0.5448"
"32.7","67.66319","0.5449333","32.7","46.28738","0.5449333"
"32.71","67.68624","0.5451","32.71","46.28658","0.5451334"
"32.72","67.71326","0.5452667","32.72","46.30089","0.5453"
"32.73","67.74505","0.5454667","32.73","46.31996","0.5454667"
"32.74","67.78001","0.5456333","32.74","46.33824","0.5456333"
"32.75","67.82134","0.5458","32.75","46.35175","0.5458"
"32.76","67.873","0.5459667","32.76","46.35811","0.5459334"
"32.77","67.9334","0.5461333","32.77","46.35413","0.5461"
"32.78","67.99777","0.5463","32.78","46.33744","0.5462667"
"32.79","68.05897","0.5464666","32.79","46.31758","0.5464333"
"32.8","68.10824","0.5466334","32.8","46.30327","0.5466"
"32.81","68.1448","0.5468","32.81","46.30725","0.5468"
"32.82","68.17818","0.5469667","32.82","46.33029","0.5469667"
"32.83","68.21394","0.5471333","32.83","46.36924","0.5471666"
"32.84","68.2497","0.5473","32.84","46.41771","0.5473334"
"32.85","68.27592","0.5474667","32.85","46.46699","0.5475"
"32.86","68.29818","0.5476333","32.86","46.51467","0.5476333"
"32.87","68.32043","0.5478","32.87","46.54884","0.5478"
"32.88","68.34189","0.5479667","32.88","46.56951","0.5479667"
"32.89","68.36732","0.5481333","32.89","46.58778","0.5481333"
"32.9","68.39673","0.5483","32.9","46.61798","0.5483"
"32.91","68.42375","0.5484667","32.91","46.66408","0.5484667"
"32.92","68.44918","0.5486","32.92","46.71415","0.5486333"
"32.93","68.47063","0.5488","32.93","46.75786","0.5488"
"32.94","68.48891","0.5489666","32.94","46.78567","0.549"
"32.95","68.50958","0.5491334","32.95","46.80316","0.5491334"
"32.96","68.53739","0.5493","32.96","46.81746","0.5493"
"32.97","68.57554","0.5494667","32.97","46.84448","0.5494667"
"32.98","68.61766","0.5496333","32.98","46.88899","0.5496333"
"32.99","68.6582","0.5498","32.99","46.93906","0.5498"
"33","68.69078","0.5499667","33","46.978","0.5499667"
"33.01","68.72018","0.5501333","33.01","47.00581","0.5501"
"33.02","68.7472","0.5503","33.02","47.02886","0.5503"
"33.03","68.76866","0.5504667","33.03","47.04952","0.5504333"
"33.04","68.7933","0.5506","33.04","47.06224","0.5506"
"33.05","68.82111","0.5507666","33.05","47.06303","0.5507666"
"33.06","68.85291","0.5509667","33.06","47.06303","0.5509334"
"33.07","68.88548","0.5511333","33.07","47.07177","0.5511"
"33.08","68.92442","0.5512667","33.08","47.09085","0.5512667"
"33.09","68.96893","0.5514666","33.09","47.11628","0.5514666"
"33.1","69.01344","0.5516334","33.1","47.1433","0.5516334"
"33.11","69.05476","0.5518","33.11","47.16635","0.5518"
"33.12","69.09927","0.5519667","33.12","47.17986","0.5519667"
"33.13","69.15411","0.5521333","33.13","47.18621","0.5521333"
"33.14","69.21848","0.5523","33.14","47.1894","0.5523"
"33.15","69.28682","0.5524333","33.15","47.19655","0.5524667"
"33.16","69.34722","0.5526","33.16","47.20767","0.5526333"
"33.17","69.3957","0.5527667","33.17","47.22595","0.5528333"
"33.18","69.42511","0.5529333","33.18","47.249","0.5529667"
"33.19","69.43782","0.5531","33.19","47.26728","0.5531334"
"33.2","69.44498","0.5532666","33.2","47.27602","0.5533"
"33.21","69.46326","0.5534334","33.21","47.27602","0.5534667"
"33.22","69.5022","0.5536","33.22","47.26966","0.5536333"
"33.23","69.5618","0.5538","33.23","47.25377","0.5538"
"33.24","69.63174","0.5539667","33.24","47.22993","0.5539333"
"33.25","69.70087","0.5541334","33.25","47.2029","0.5541334"
"33.26","69.76366","0.5543","33.26","47.18383","0.5542667"
"33.27","69.82406","0.5544667","33.27","47.17271","0.5544333"
"33.28","69.89002","0.5546333","33.28","47.16158","0.5546"
"33.29","69.9528","0.5548","33.29","47.14091","0.5548"
"33.3","70.00288","0.5549667","33.3","47.10913","0.5549667"
"33.31","70.04022","0.5551333","33.31","47.07257","0.5551333"
"33.32","70.07837","0.5553","33.32","47.04475","0.5553"
"33.33","70.12209","0.5554667","33.33","47.02886","0.5555"
"33.34","70.16817","0.5556334","33.34","47.0233","0.5556334"
"33.35","70.22142","0.5558","33.35","47.02091","0.5558"
"33.36","70.28024","0.5559667","33.36","47.01932","0.5559334"
"33.37","70.34064","0.5561333","33.37","47.01455","0.5560667"
"33.38","70.40024","0.5563","33.38","46.99786","0.5562333"
"33.39","70.46143","0.5564667","33.39","46.96369","0.5564333"
"33.4","70.51468","0.5566334","33.4","46.91601","0.5566"
"33.41","70.55759","0.5568","33.41","46.86753","0.5568"
"33.42","70.59653","0.5569667","33.42","46.83733","0.5569667"
"33.43","70.63786","0.5571333","33.43","46.83812","0.5571333"
"33.44","70.67999","0.5572667","33.44","46.86594","0.5573"
"33.45","70.71177","0.5574667","33.45","46.90488","0.5574667"
"33.46","70.73323","0.5576333","33.46","46.93429","0.5576333"
"33.47","70.75787","0.5578","33.47","46.95018","0.5578"
"33.48","70.79443","0.5579666","33.48","46.95654","0.5579666"
"33.49","70.83893","0.5581334","33.49","46.95892","0.5581334"
"33.5","70.88423","0.5583","33.5","46.95654","0.5583"
"33.51","70.92714","0.5584667","33.51","46.94621","0.5584334"
"33.52","70.97165","0.5586333","33.52","46.93826","0.5586333"
"33.53","71.02808","0.5588","33.53","46.94144","0.5588"
"33.54","71.09721","0.559","33.54","46.95733","0.5589333"
"33.55","71.16874","0.5591667","33.55","46.97402","0.5591"
"33.56","71.22437","0.5593333","33.56","46.98912","0.5592667"
"33.57","71.26331","0.5595","33.57","46.99389","0.5594667"
"33.58","71.29669","0.5596667","33.58","46.98277","0.5596333"
"33.59","71.33802","0.5598333","33.59","46.9621","0.5598"
"33.6","71.39047","0.56","33.6","46.94621","0.5599667"
"33.61","71.44451","0.5601333","33.61","46.94382","0.5601333"
"33.62","71.4922","0.5603","33.62","46.95336","0.5603"
"33.63","71.52637","0.5604666","33.63","46.97084","0.5604333"
"33.64","71.54306","0.5606","33.64","46.99628","0.5606"
"33.65","71.54227","0.5607667","33.65","47.02409","0.5607667"
"33.66","71.5359","0.5609667","33.66","47.04475","0.5609334"
"33.67","71.54067","0.5611333","33.67","47.04873","0.5611"
"33.68","71.56531","0.5612667","33.68","47.03919","0.5613"
"33.69","71.60982","0.5614667","33.69","47.02409","0.5614667"
"33.7","71.67339","0.5616","33.7","47.01853","0.5616333"
"33.71","71.74254","0.5617667","33.71","47.03124","0.5618"
"33.72","71.80611","0.5619667","33.72","47.06065","0.5619667"
"33.73","71.85698","0.5621333","33.73","47.09085","0.5621333"
"33.74","71.90704","0.5623","33.74","47.10674","0.5622666"
"33.75","71.96903","0.5624667","33.75","47.10833","0.5624334"
"33.76","72.04214","0.5626333","33.76","47.10913","0.5626"
"33.77","72.11129","0.5628","33.77","47.11072","0.5627667"
"33.78","72.16216","0.5629666","33.78","47.10197","0.5629333"
"33.79","72.2011","0.5631334","33.79","47.08131","0.5631334"
"33.8","72.23845","0.5633","33.8","47.06065","0.5632667"
"33.81","72.2766","0.5634667","33.81","47.05588","0.5634667"
"33.82","72.31315","0.5636","33.82","47.0678","0.5636"
"33.83","72.35209","0.5638","33.83","47.08608","0.5637667"
"33.84","72.39104","0.5639667","33.84","47.09721","0.5639333"
"33.85","72.42838","0.5641","33.85","47.10118","0.5641333"
"33.86","72.46733","0.5643","33.86","47.10595","0.5643"
"33.87","72.51501","0.5644333","33.87","47.11151","0.5644667"
"33.88","72.56985","0.5646","33.88","47.1131","0.5646333"
"33.89","72.62786","0.5648","33.89","47.11628","0.5648"
"33.9","72.68587","0.5649667","33.9","47.12741","0.5649667"
"33.91","72.74072","0.5651333","33.91","47.13853","0.5651333"
"33.92","72.78601","0.5653","33.92","47.14568","0.5652667"
"33.93","72.83052","0.5655","33.93","47.14966","0.5654667"
"33.94","72.89012","0.5656667","33.94","47.15284","0.5656334"
"33.95","72.96006","0.5658","33.95","47.15919","0.5658"
"33.96","73.02761","0.5659667","33.96","47.16158","0.5659667"
"33.97","73.09437","0.5661","33.97","47.1576","0.5661333"
"33.98","73.15794","0.5663","33.98","47.1433","0.5662667"
"33.99","73.20642","0.5664667","33.99","47.12184","0.5664667"
"34","73.23583","0.5666333","34","47.10118","0.5666667"
"34.01","73.26047","0.5668","34.01","47.0829","0.5668333"
"34.02","73.30259","0.567","34.02","47.0678","0.567"
"34.03","73.36219","0.5671334","34.03","47.06303","0.5671334"
"34.04","73.42657","0.5673","34.04","47.07019","0.5673"
"34.05","73.48776","0.5674667","34.05","47.07893","0.5674667"
"34.06","73.55452","0.5676333","34.06","47.07813","0.5676333"
"34.07","73.62366","0.5678","34.07","47.05827","0.5678"
"34.08","73.68167","0.568","34.08","47.01932","0.5679333"
"34.09","73.723","0.5681334","34.09","46.97402","0.5681"
"34.1","73.75479","0.5683","34.1","46.93667","0.5682333"
"34.11","73.78658","0.5684667","34.11","46.91203","0.5684"
"34.12","73.82155","0.5686","34.12","46.89137","0.5686"
"34.13","73.8597","0.5687333","34.13","46.86753","0.5687667"
"34.14","73.89387","0.5689334","34.14","46.83971","0.5689667"
"34.15","73.91771","0.5691333","34.15","46.81905","0.5691333"
"34.16","73.93837","0.5693","34.16","46.80793","0.5693"
"34.17","73.9638","0.5695","34.17","46.80316","0.5694667"
"34.18","74.00671","0.5696334","34.18","46.7968","0.5696334"
"34.19","74.06473","0.5698","34.19","46.78567","0.5698"
"34.2","74.13148","0.5699667","34.2","46.76898","0.5699667"
"34.21","74.19268","0.5701333","34.21","46.74117","0.5701333"
"34.22","74.24036","0.5703","34.22","46.70541","0.5703"
"34.23","74.26897","0.5704667","34.23","46.67044","0.5704667"
"34.24","74.28646","0.5706","34.24","46.6315","0.5706334"
"34.25","74.29997","0.5707667","34.25","46.59017","0.5708"
"34.26","74.32302","0.5709333","34.26","46.55123","0.5709667"
"34.27","74.35401","0.5711","34.27","46.51387","0.5711333"
"34.28","74.37388","0.5712667","34.28","46.47096","0.5712667"
"34.29","74.37388","0.5714667","34.29","46.42725","0.5714667"
"34.3","74.37229","0.5716333","34.3","46.3899","0.5716333"
"34.31","74.39057","0.5718","34.31","46.36288","0.5718"
"34.32","74.42951","0.5719666","34.32","46.34937","0.5719666"
"34.33","74.4772","0.5721334","34.33","46.3446","0.5721"
"34.34","74.5209","0.5723","34.34","46.33744","0.5722667"
"34.35","74.55746","0.5724667","34.35","46.32473","0.5724334"
"34.36","74.58528","0.5726666","34.36","46.31281","0.5726"
"34.37","74.60992","0.5728334","34.37","46.2993","0.5727667"
"34.38","74.63297","0.573","34.38","46.28658","0.5729333"
"34.39","74.65681","0.5731667","34.39","46.27387","0.5731333"
"34.4","74.68382","0.5733333","34.4","46.27387","0.5733"
"34.41","74.71323","0.5735","34.41","46.28897","0.5734667"
"34.42","74.74979","0.5736667","34.42","46.3144","0.5736333"
"34.43","74.78476","0.5738","34.43","46.34619","0.5738"
"34.44","74.81178","0.5739667","34.44","46.37877","0.5739334"
"34.45","74.8237","0.5741333","34.45","46.4042","0.5741"
"34.46","74.82608","0.5743","34.46","46.41612","0.5742667"
"34.47","74.82608","0.5745","34.47","46.42248","0.5744666"
"34.48","74.83244","0.5746667","34.48","46.42566","0.5746"
"34.49","74.84913","0.5748","34.49","46.43122","0.5748"
"34.5","74.87695","0.575","34.5","46.44156","0.5749667"
"34.51","74.90635","0.5751667","34.51","46.45745","0.5751"
"34.52","74.93098","0.5753","34.52","46.4797","0.5752667"
"34.53","74.94291","0.5755","34.53","46.50354","0.5754667"
"34.54","74.94529","0.5756333","34.54","46.52421","0.5756333"
"34.55","74.94529","0.5758","34.55","46.53692","0.5758"
"34.56","74.94291","0.5759667","34.56","46.55282","0.576"
"34.57","74.93417","0.5761","34.57","46.57825","0.5761333"
"34.58","74.91986","0.5763","34.58","46.60686","0.5763"
"34.59","74.8992","0.5764667","34.59","46.62911","0.5764334"
"34.6","74.87456","0.5766333","34.6","46.64342","0.5766"
"34.61","74.85548","0.5768","34.61","46.64977","0.5767667"
"34.62","74.85548","0.5769666","34.62","46.64977","0.5769333"
"34.63","74.87376","0.5771334","34.63","46.64103","0.5771"
"34.64","74.88728","0.5773333","34.64","46.63388","0.5773"
"34.65","74.88409","0.5774667","34.65","46.63388","0.5774667"
"34.66","74.87218","0.5776667","34.66","46.64024","0.5776"
"34.67","74.86105","0.5778","34.67","46.6458","0.5777667"
"34.68","74.85152","0.578","34.68","46.64977","0.5779333"
"34.69","74.83244","0.5781333","34.69","46.64739","0.5781333"
"34.7","74.80065","0.5783","34.7","46.64103","0.5782667"
"34.71","74.75535","0.5784667","34.71","46.63785","0.5784333"
"34.72","74.70052","0.5786667","34.72","46.64262","0.5786"
"34.73","74.63773","0.5788333","34.73","46.65216","0.5787666"
"34.74","74.57892","0.579","34.74","46.65454","0.5789334"
"34.75","74.53283","0.5791667","34.75","46.64739","0.5791"
"34.76","74.49627","0.5793334","34.76","46.63547","0.5792667"
"34.77","74.46051","0.5794667","34.77","46.62275","0.5794333"
"34.78","74.41521","0.5796667","34.78","46.61322","0.5796334"
"34.79","74.35719","0.5798333","34.79","46.61083","0.5798"
"34.8","74.27931","0.58","34.8","46.61481","0.5799667"
"34.81","74.18633","0.5801667","34.81","46.61798","0.5801333"
"34.82","74.08937","0.5803","34.82","46.62275","0.5803"
"34.83","73.99082","0.5804667","34.83","46.62673","0.5804667"
"34.84","73.88592","0.5806333","34.84","46.62196","0.5806333"
"34.85","73.76353","0.5808","34.85","46.60368","0.5808"
"34.86","73.61968","0.5809667","34.86","46.57825","0.5809333"
"34.87","73.46551","0.5811334","34.87","46.556","0.5811"
"34.88","73.31848","0.5813","34.88","46.53692","0.5812667"
"34.89","73.18497","0.5814667","34.89","46.51626","0.5814334"
"34.9","73.05463","0.5816333","34.9","46.48845","0.5816"
"34.91","72.92429","0.5818","34.91","46.46619","0.5817667"
"34.92","72.79952","0.5819667","34.92","46.45745","0.5819333"
"34.93","72.68349","0.5821334","34.93","46.45268","0.5821"
"34.94","72.57541","0.5823333","34.94","46.43917","0.5822667"
"34.95","72.4713","0.5824667","34.95","46.4201","0.5824667"
"34.96","72.37037","0.5826333","34.96","46.40261","0.5826"
"34.97","72.27898","0.5828","34.97","46.38593","0.5827667"
"34.98","72.2011","0.5829667","34.98","46.36049","0.5829334"
"34.99","72.13513","0.5831333","34.99","46.32155","0.5831"
"35","72.06996","0.5833","35","46.26672","0.5832667"
"35.01","72.00162","0.5834666","35.01","46.19837","0.5834333"
"35.02","71.93089","0.5836334","35.02","46.12843","0.5836"
"35.03","71.86095","0.5838","35.03","46.06724","0.5838"
"35.04","71.7934","0.5839667","35.04","46.01638","0.5839667"
"35.05","71.72903","0.5841333","35.05","45.97108","0.5841333"
"35.06","71.67101","0.5843","35.06","45.92975","0.5843"
"35.07","71.62253","0.5844667","35.07","45.90194","0.5844667"
"35.08","71.57723","0.5846667","35.08","45.88763","0.5846334"
"35.09","71.53114","0.5848333","35.09","45.86776","0.5848"
"35.1","71.48981","0.585","35.1","45.83359","0.5849667"
"35.11","71.46438","0.5851333","35.11","45.7867","0.5851333"
"35.12","71.44928","0.5853","35.12","45.7414","0.5852666"
"35.13","71.42146","0.5854667","35.13","45.71358","0.5854334"
"35.14","71.3698","0.5856333","35.14","45.70484","0.5856333"
"35.15","71.311","0.5858","35.15","45.70166","0.5857667"
"35.16","71.26729","0.586","35.16","45.69371","0.5859666"
"35.17","71.24503","0.5861667","35.17","45.69054","0.5861334"
"35.18","71.23312","0.5863333","35.18","45.69928","0.5862667"
"35.19","71.22596","0.5864667","35.19","45.71756","0.5864334"
"35.2","71.22198","0.5866666","35.2","45.73822","0.5866"
"35.21","71.21642","0.5868","35.21","45.75888","0.5867667"
"35.22","71.20132","0.5869667","35.22","45.77398","0.5869333"
"35.23","71.17748","0.5871333","35.23","45.78511","0.5871333"
"35.24","71.14967","0.5873","35.24","45.79862","0.5872667"
"35.25","71.12106","0.5875","35.25","45.82087","0.5874333"
"35.26","71.09483","0.5876333","35.26","45.84948","0.5876"
"35.27","71.07655","0.5878333","35.27","45.88048","0.5877666"
"35.28","71.07019","0.588","35.28","45.90829","0.5879334"
"35.29","71.07497","0.5881667","35.29","45.93372","0.5881"
"35.3","71.08609","0.5883334","35.3","45.95757","0.5882667"
"35.31","71.09563","0.5884666","35.31","45.98141","0.5884333"
"35.32","71.09721","0.5886334","35.32","46.00286","0.5886"
"35.33","71.09086","0.5888","35.33","46.0275","0.5887333"
"35.34","71.07735","0.5889667","35.34","46.05611","0.5889333"
"35.35","71.06304","0.5891333","35.35","46.08472","0.5891"
"35.36","71.05192","0.5893","35.36","46.10777","0.5892667"
"35.37","71.0535","0.5894667","35.37","46.1332","0.5894333"
"35.38","71.06304","0.5896333","35.38","46.16817","0.5896333"
"35.39","71.06702","0.5898","35.39","46.21188","0.5898"
"35.4","71.05827","0.5899667","35.4","46.25797","0.5899333"
"35.41","71.03602","0.5901334","35.41","46.30168","0.5901"
"35.42","71.00582","0.5903","35.42","46.33824","0.5903"
"35.43","70.97562","0.5904667","35.43","46.36526","0.5904334"
"35.44","70.95496","0.5906333","35.44","46.38116","0.5906"
"35.45","70.94542","0.5908","35.45","46.39785","0.5907667"
"35.46","70.94304","0.5909667","35.46","46.41851","0.5909333"
"35.47","70.94304","0.5911334","35.47","46.44315","0.5911334"
"35.48","70.94145","0.5913","35.48","46.46619","0.5912667"
"35.49","70.94781","0.5914667","35.49","46.49162","0.5914333"
"35.5","70.96926","0.5916333","35.5","46.52182","0.5916"
"35.51","70.99152","0.5918","35.51","46.55361","0.5918"
"35.52","70.99708","0.5919667","35.52","46.57586","0.5919667"
"35.53","70.99152","0.5921333","35.53","46.5862","0.5921333"
"35.54","70.98754","0.5923333","35.54","46.59255","0.5923"
"35.55","70.99231","0.5925","35.55","46.59255","0.5924667"
"35.56","71.00582","0.5926667","35.56","46.58302","0.5926"
"35.57","71.01933","0.5928","35.57","46.57109","0.5927667"
"35.58","71.02171","0.593","35.58","46.56474","0.5929334"
"35.59","71.01218","0.5931666","35.59","46.56474","0.5931"
"35.6","70.9947","0.5933334","35.6","46.56076","0.5932667"
"35.61","70.97324","0.5935","35.61","46.55282","0.5934667"
"35.62","70.94781","0.5936334","35.62","46.54646","0.5936334"
"35.63","70.92476","0.5938","35.63","46.54487","0.5938"
"35.64","70.9041","0.594","35.64","46.55123","0.5939667"
"35.65","70.88582","0.5941333","35.65","46.55838","0.5941333"
"35.66","70.86595","0.5943","35.66","46.55838","0.5943"
"35.67","70.84528","0.5944667","35.67","46.54725","0.5944667"
"35.68","70.82701","0.5946333","35.68","46.53295","0.5946"
"35.69","70.81111","0.5948","35.69","46.52182","0.5947667"
"35.7","70.79204","0.5949667","35.7","46.51467","0.5949333"
"35.71","70.76025","0.5951334","35.71","46.5099","0.5951"
"35.72","70.71733","0.5953","35.72","46.50275","0.5952667"
"35.73","70.67362","0.5954667","35.73","46.49162","0.5954667"
"35.74","70.63866","0.5956666","35.74","46.47493","0.5956666"
"35.75","70.61402","0.5958334","35.75","46.45665","0.5958"
"35.76","70.59495","0.5959667","35.76","46.44394","0.5959333"
"35.77","70.57825","0.5961334","35.77","46.44632","0.5961"
"35.78","70.55362","0.5963","35.78","46.45665","0.5962667"
"35.79","70.51945","0.5964667","35.79","46.45507","0.5964333"
"35.8","70.46938","0.5966333","35.8","46.43599","0.5966"
"35.81","70.40182","0.5968","35.81","46.40659","0.5967667"
"35.82","70.32871","0.5969667","35.82","46.38195","0.5969334"
"35.83","70.25798","0.5971333","35.83","46.37003","0.5971333"
"35.84","70.18487","0.5973","35.84","46.37003","0.5973333"
"35.85","70.11255","0.5974666","35.85","46.3748","0.5975"
"35.86","70.05135","0.5976334","35.86","46.38116","0.5976334"
"35.87","70.00526","0.5978","35.87","46.39466","0.5978"
"35.88","69.96393","0.5979667","35.88","46.4201","0.598"
"35.89","69.9234","0.5981666","35.89","46.44791","0.5981666"
"35.9","69.88763","0.5983","35.9","46.46222","0.5983334"
"35.91","69.84473","0.5984667","35.91","46.46222","0.5984667"
"35.92","69.79227","0.5986333","35.92","46.45745","0.5986"
"35.93","69.743","0.5988333","35.93","46.45507","0.5988"
"35.94","69.70247","0.599","35.94","46.45507","0.5989333"
"35.95","69.67307","0.5991667","35.95","46.45268","0.5991"
"35.96","69.65479","0.5993","35.96","46.44394","0.5992666"
"35.97","69.6516","0.5995","35.97","46.4344","0.5994334"
"35.98","69.6516","0.5996333","35.98","46.42248","0.5996"
"35.99","69.64922","0.5998","35.99","46.40818","0.5998"
"36","69.64445","0.5999666","36","46.39785","0.5999666"
"36.01","69.64048","0.6001667","36.01","46.4042","0.6001"
"36.02","69.63809","0.6003","36.02","46.42963","0.6002667"
"36.03","69.64207","0.6004667","36.03","46.46142","0.6004333"
"36.04","69.64763","0.6006667","36.04","46.48209","0.6006"
"36.05","69.6516","0.6008334","36.05","46.4805","0.6007667"
"36.06","69.6524","0.6010333","36.06","46.47573","0.6009667"
"36.07","69.65637","0.6011667","36.07","46.48685","0.6011333"
"36.08","69.67942","0.6013333","36.08","46.5099","0.6013"
"36.09","69.72551","0.6014667","36.09","46.52977","0.6014667"
"36.1","69.77319","0.6016667","36.1","46.54487","0.6016333"
"36.11","69.79942","0.6018","36.11","46.56236","0.6018"
"36.12","69.80101","0.6019667","36.12","46.58143","0.6019334"
"36.13","69.78989","0.6021333","36.13","46.60447","0.6021"
"36.14","69.77797","0.6023","36.14","46.62911","0.6022667"
"36.15","69.77558","0.6024667","36.15","46.645","0.6024333"
"36.16","69.78751","0.6026334","36.16","46.645","0.6026"
"36.17","69.81532","0.6028","36.17","46.63308","0.6028"
"36.18","69.84473","0.6029667","36.18","46.62037","0.6029667"
"36.19","69.87016","0.6031333","36.19","46.6156","0.6031333"
"36.2","69.89002","0.6032667","36.2","46.62037","0.6033"
"36.21","69.9083","0.6034667","36.21","46.63388","0.6034333"
"36.22","69.92499","0.6036333","36.22","46.64977","0.6036"
"36.23","69.93135","0.6038","36.23","46.65931","0.6037667"
"36.24","69.9234","0.6039667","36.24","46.66646","0.6039333"
"36.25","69.91545","0.6041334","36.25","46.67044","0.6041"
"36.26","69.91624","0.6043","36.26","46.66805","0.6042667"
"36.27","69.92499","0.6044667","36.27","46.65852","0.6044667"
"36.28","69.92658","0.6046333","36.28","46.64819","0.6046333"
"36.29","69.92022","0.6048334","36.29","46.645","0.6047667"
"36.3","69.91863","0.605","36.3","46.64819","0.6049333"
"36.31","69.92976","0.6051334","36.31","46.65852","0.6051334"
"36.32","69.94566","0.6053","36.32","46.66805","0.6052667"
"36.33","69.95042","0.6054667","36.33","46.67044","0.6054333"
"36.34","69.93452","0.6056333","36.34","46.66408","0.6056333"
"36.35","69.90274","0.6058","36.35","46.65852","0.6057667"
"36.36","69.8638","0.6059667","36.36","46.65375","0.6059334"
"36.37","69.82645","0.6061333","36.37","46.65216","0.6061"
"36.38","69.78989","0.6063","36.38","46.65931","0.6062667"
"36.39","69.7573","0.6065","36.39","46.67282","0.6064667"
"36.4","69.73425","0.6066667","36.4","46.67918","0.6066"
"36.41","69.71915","0.6068","36.41","46.67282","0.6068"
"36.42","69.70882","0.6069667","36.42","46.66328","0.6069667"
"36.43","69.69293","0.6071","36.43","46.65931","0.6071333"
"36.44","69.66591","0.6073","36.44","46.66328","0.6073"
"36.45","69.62697","0.6074667","36.45","46.67282","0.6074667"
"36.46","69.57849","0.6076334","36.46","46.68474","0.6076334"
"36.47","69.53001","0.6078","36.47","46.69746","0.6078"
"36.48","69.49822","0.6079333","36.48","46.70461","0.6079667"
"36.49","69.4863","0.6081333","36.49","46.70461","0.6081333"
"36.5","69.48153","0.6083","36.5","46.70302","0.6083"
"36.51","69.46405","0.6085","36.51","46.70222","0.6084667"
"36.52","69.441","0.6086667","36.52","46.69746","0.6086"
"36.53","69.42749","0.6088","36.53","46.68872","0.6087667"
"36.54","69.42908","0.6089666","36.54","46.68236","0.6089666"
"36.55","69.42908","0.6091334","36.55","46.68474","0.6091667"
"36.56","69.40604","0.6093","36.56","46.69269","0.6093333"
"36.57","69.35438","0.6094667","36.57","46.70938","0.6095"
"36.58","69.29","0.6096333","36.58","46.74355","0.6096666"
"36.59","69.23199","0.6097667","36.59","46.79441","0.6098"
"36.6","69.18828","0.6099333","36.6","46.83971","0.6099333"
"36.61","69.15013","0.6101","36.61","46.86038","0.6101"
"36.62","69.10562","0.6103","36.62","46.85799","0.6103"
"36.63","69.05238","0.6104667","36.63","46.84448","0.6104667"
"36.64","69.00708","0.6106333","36.64","46.827","0.6106333"
"36.65","68.98721","0.6108","36.65","46.81985","0.6108"
"36.66","68.98721","0.6109667","36.66","46.83177","0.6109667"
"36.67","68.98959","0.6111333","36.67","46.85879","0.6111333"
"36.68","68.98403","0.6113333","36.68","46.88819","0.6113333"
"36.69","68.96575","0.6115","36.69","46.91521","0.6115"
"36.7","68.94827","0.6116334","36.7","46.94064","0.6116334"
"36.71","68.93555","0.6118","36.71","46.97084","0.6118"
"36.72","68.91966","0.612","36.72","47.00343","0.6119667"
"36.73","68.90138","0.6121667","36.73","47.03124","0.6121333"
"36.74","68.87913","0.6123334","36.74","47.04396","0.6123"
"36.75","68.86085","0.6125","36.75","47.04396","0.6124667"
"36.76","68.84654","0.6126667","36.76","47.04237","0.6126667"
"36.77","68.83542","0.6128333","36.77","47.0535","0.6128"
"36.78","68.82349","0.613","36.78","47.07893","0.6129667"
"36.79","68.80602","0.6131333","36.79","47.11151","0.6131333"
"36.8","68.78694","0.6133333","36.8","47.13853","0.6133"
"36.81","68.76787","0.6135","36.81","47.14966","0.6134667"
"36.82","68.74959","0.6136333","36.82","47.1433","0.6136333"
"36.83","68.72893","0.6138","36.83","47.12741","0.6138"
"36.84","68.71144","0.6139666","36.84","47.1139","0.6139666"
"36.85","68.69793","0.6141667","36.85","47.10595","0.6141334"
"36.86","68.68442","0.6143","36.86","47.10357","0.6143"
"36.87","68.6725","0.6144667","36.87","47.10436","0.6144667"
"36.88","68.66773","0.6146333","36.88","47.10913","0.6146333"
"36.89","68.66693","0.6148334","36.89","47.11628","0.6148334"
"36.9","68.65422","0.6149667","36.9","47.12264","0.6149667"
"36.91","68.6264","0.6151","36.91","47.12502","0.6151333"
"36.92","68.59223","0.6153","36.92","47.12502","0.6152667"
"36.93","68.55806","0.6154667","36.93","47.12264","0.6154"
"36.94","68.51912","0.6156334","36.94","47.1131","0.6156"
"36.95","68.47302","0.6158333","36.95","47.09085","0.6157666"
"36.96","68.42931","0.616","36.96","47.06303","0.6159"
"36.97","68.39673","0.6161667","36.97","47.03919","0.6161"
"36.98","68.37447","0.6163334","36.98","47.02647","0.6163"
"36.99","68.35143","0.6164667","36.99","47.02568","0.6164667"
"37","68.31487","0.6166334","37","47.02806","0.6166667"
"37.01","68.26639","0.6168","37.01","47.03363","0.6168"
"37.02","68.21076","0.6169667","37.02","47.04396","0.6169667"
"37.03","68.144","0.6171333","37.03","47.04873","0.6171333"
"37.04","68.06692","0.6173","37.04","47.04237","0.6172667"
"37.05","67.993","0.6175","37.05","47.02806","0.6174334"
"37.06","67.93578","0.6176333","37.06","47.0074","0.6176"
"37.07","67.89843","0.6178","37.07","46.98197","0.6177667"
"37.08","67.86903","0.6179667","37.08","46.94621","0.6179667"
"37.09","67.83485","0.6181334","37.09","46.90726","0.6181334"
"37.1","67.78876","0.6183","37.1","46.88342","0.6183"
"37.11","67.72677","0.6184667","37.11","46.87627","0.6184667"
"37.12","67.65524","0.6186333","37.12","46.87468","0.6186333"
"37.13","67.58054","0.6188","37.13","46.87071","0.6188"
"37.14","67.5106","0.6189667","37.14","46.85879","0.6189667"
"37.15","67.44067","0.6191334","37.15","46.83574","0.6191334"
"37.16","67.3453","0.6193","37.16","46.80316","0.6193"
"37.17","67.18317","0.6194333","37.17","46.76501","0.6195"
"37.18","66.94396","0.6196","37.18","46.72845","0.6196667"
"37.19","66.65707","0.6197667","37.19","46.69587","0.6198"
"37.2","66.3662","0.6199667","37.2","46.67441","0.6199667"
"37.21","66.09758","0.6201667","37.21","46.65931","0.6201333"
"37.22","65.86631","0.6203","37.22","46.63785","0.6203"
"37.23","65.68671","0.6204666","37.23","46.60368","0.6204666"
"37.24","65.56511","0.6206334","37.24","46.56712","0.6206334"
"37.25","65.49279","0.6208","37.25","46.54408","0.6208"
"37.26","65.44193","0.621","37.26","46.53056","0.6209667"
"37.27","65.39345","0.6211333","37.27","46.52341","0.6211333"
"37.28","65.36166","0.6213","37.28","46.51706","0.6213"
"37.29","65.36166","0.6214667","37.29","46.51229","0.6214667"
"37.3","65.38153","0.6216667","37.3","46.51706","0.6216334"
"37.31","65.4006","0.6218","37.31","46.53215","0.6218"
"37.32","65.42285","0.6219667","37.32","46.54487","0.622"
"37.33","65.45941","0.6221333","37.33","46.55123","0.6221333"
"37.34","65.51107","0.6223","37.34","46.55282","0.6223"
"37.35","65.56988","0.6224667","37.35","46.56236","0.6224667"
"37.36","65.63028","0.6226","37.36","46.58063","0.6226333"
"37.37","65.69147","0.6227667","37.37","46.60209","0.6228"
"37.38","65.74233","0.6229333","37.38","46.62037","0.6229666"
"37.39","65.78127","0.6231334","37.39","46.63865","0.6231334"
"37.4","65.81863","0.6232667","37.4","46.65931","0.6233"
"37.41","65.86631","0.6234334","37.41","46.67997","0.6234667"
"37.42","65.92592","0.6236333","37.42","46.69825","0.6236333"
"37.43","65.99664","0.6238","37.43","46.71812","0.6238"
"37.44","66.07214","0.6239667","37.44","46.74196","0.6239667"
"37.45","66.14606","0.6241333","37.45","46.7674","0.6241333"
"37.46","66.21917","0.6243","37.46","46.79362","0.6243"
"37.47","66.2907","0.6244667","37.47","46.81508","0.6244667"
"37.48","66.35666","0.6246333","37.48","46.83574","0.6246"
"37.49","66.41388","0.6248","37.49","46.85799","0.6248"
"37.5","66.46712","0.6249667","37.5","46.88184","0.6249667"
"37.51","66.52197","0.6251333","37.51","46.90011","0.6251333"
"37.52","66.57759","0.6253","37.52","46.90965","0.6252667"
"37.53","66.62369","0.6254666","37.53","46.92078","0.6254666"
"37.54","66.66025","0.6256667","37.54","46.94144","0.6256334"
"37.55","66.70078","0.6258333","37.55","46.96449","0.6258"
"37.56","66.75243","0.626","37.56","46.98197","0.6259333"
"37.57","66.81601","0.6261667","37.57","46.99389","0.6261333"
"37.58","66.88197","0.6263334","37.58","47.01058","0.6263"
"37.59","66.93999","0.6264667","37.59","47.03124","0.6264667"
"37.6","66.98052","0.6266333","37.6","47.05111","0.6266333"
"37.61","67.00357","0.6268","37.61","47.0678","0.6268333"
"37.62","67.02264","0.6269667","37.62","47.08608","0.6269667"
"37.63","67.04568","0.6271334","37.63","47.10595","0.6271334"
"37.64","67.06635","0.6273","37.64","47.12741","0.6273"
"37.65","67.08701","0.6274667","37.65","47.14807","0.6274667"
"37.66","67.1188","0.6276333","37.66","47.15919","0.6276333"
"37.67","67.1641","0.6278","37.67","47.15681","0.6278"
"37.68","67.21338","0.6279667","37.68","47.15045","0.6279667"
"37.69","67.25629","0.6281334","37.69","47.14807","0.6281"
"37.7","67.29047","0.6283","37.7","47.14807","0.6283"
"37.71","67.31431","0.6284667","37.71","47.14727","0.6284667"
"37.72","67.33656","0.6286333","37.72","47.13853","0.6286333"
"37.73","67.36437","0.6288","37.73","47.12264","0.6287667"
"37.74","67.4057","0.6289667","37.74","47.10357","0.6289334"
"37.75","67.4518","0.6291333","37.75","47.09005","0.6291"
"37.76","67.49312","0.6293","37.76","47.08529","0.6293"
"37.77","67.52252","0.6294667","37.77","47.0829","0.6294667"
"37.78","67.54557","0.6296334","37.78","47.07893","0.6296334"
"37.79","67.57101","0.6298","37.79","47.07893","0.6298"
"37.8","67.6012","0.6299667","37.8","47.09085","0.6299667"
"37.81","67.63776","0.6301333","37.81","47.11072","0.6301333"
"37.82","67.67829","0.6303","37.82","47.12741","0.6303"
"37.83","67.71962","0.6304667","37.83","47.13615","0.6304667"
"37.84","67.75935","0.6306334","37.84","47.14012","0.6306"
"37.85","67.78955","0.6308","37.85","47.1433","0.6308"
"37.86","67.80783","0.6309667","37.86","47.14807","0.6309667"
"37.87","67.82134","0.6311333","37.87","47.15443","0.6311333"
"37.88","67.84201","0.6313","37.88","47.15919","0.6313"
"37.89","67.87379","0.6314667","37.89","47.16396","0.6314667"
"37.9","67.90797","0.6316333","37.9","47.17588","0.6316333"
"37.91","67.93976","0.6318","37.91","47.19337","0.6318"
"37.92","67.9636","0.6319667","37.92","47.20688","0.6319667"
"37.93","67.97949","0.6321334","37.93","47.21006","0.6321334"
"37.94","67.98665","0.6323","37.94","47.20767","0.6323"
"37.95","67.99539","0.6324667","37.95","47.2029","0.6324667"
"37.96","68.00731","0.6326333","37.96","47.19814","0.6326"
"37.97","68.00731","0.6328","37.97","47.19814","0.6328"
"37.98","67.98586","0.6329667","37.98","47.20052","0.6329333"
"37.99","67.95168","0.6331334","37.99","47.20052","0.6331"
"38","67.91671","0.6332667","38","47.19655","0.6332667"
"38.01","67.89049","0.6334333","38.01","47.18621","0.6334333"
"38.02","67.87618","0.6336","38.02","47.17032","0.6336"
"38.03","67.86903","0.6338","38.03","47.15045","0.6338"
"38.04","67.85551","0.6339667","38.04","47.13615","0.6339334"
"38.05","67.83088","0.6341333","38.05","47.12899","0.6341333"
"38.06","67.80545","0.6343","38.06","47.12184","0.6342667"
"38.07","67.79353","0.6344666","38.07","47.10436","0.6344666"
"38.08","67.7975","0.6346334","38.08","47.07654","0.6346334"
"38.09","67.79989","0.6348","38.09","47.04475","0.6348"
"38.1","67.79353","0.6349334","38.1","47.01932","0.6349667"
"38.11","67.77445","0.6351333","38.11","47.00105","0.6351333"
"38.12","67.74744","0.6353","38.12","46.98515","0.6353"
"38.13","67.72041","0.6354667","38.13","46.96369","0.6354667"
"38.14","67.70134","0.6356333","38.14","46.92793","0.6356333"
"38.15","67.69022","0.6358","38.15","46.87945","0.6358"
"38.16","67.68624","0.6359333","38.16","46.82462","0.6359667"
"38.17","67.68147","0.6361333","38.17","46.77613","0.6361333"
"38.18","67.66319","0.6362666","38.18","46.74355","0.6363333"
"38.19","67.63776","0.6364334","38.19","46.7213","0.6364667"
"38.2","67.60995","0.6366","38.2","46.69984","0.6366"
"38.21","67.58054","0.6367667","38.21","46.67282","0.6367667"
"38.22","67.54319","0.6369333","38.22","46.64262","0.6369333"
"38.23","67.50027","0.6371","38.23","46.60368","0.6371"
"38.24","67.46769","0.6372667","38.24","46.55043","0.6372667"
"38.25","67.44941","0.6374334","38.25","46.49083","0.6374667"
"38.26","67.44464","0.6376","38.26","46.43917","0.6376333"
"38.27","67.44703","0.6377667","38.27","46.4042","0.6378"
"38.28","67.4518","0.6379333","38.28","46.38195","0.6379667"
"38.29","67.46133","0.6381","38.29","46.36685","0.6381667"
"38.3","67.47643","0.6382667","38.3","46.35652","0.6383333"
"38.31","67.49074","0.6384667","38.31","46.35334","0.6384667"
"38.32","67.50266","0.6386333","38.32","46.34698","0.6386333"
"38.33","67.51299","0.6388","38.33","46.33029","0.6387666"
"38.34","67.52968","0.6389667","38.34","46.2985","0.6389667"
"38.35","67.5567","0.6391333","38.35","46.2532","0.6391333"
"38.36","67.58531","0.6393","38.36","46.20393","0.6392667"
"38.37","67.60995","0.6394667","38.37","46.15863","0.6394667"
"38.38","67.62663","0.6396334","38.38","46.134","0.6396"
"38.39","67.64174","0.6398","38.39","46.12923","0.6397667"
"38.4","67.65286","0.6399667","38.4","46.12684","0.6399333"
"38.41","67.65604","0.6401333","38.41","46.11572","0.6401333"
"38.42","67.65286","0.6403334","38.42","46.09426","0.6403"
"38.43","67.64889","0.6405","38.43","46.06724","0.6404667"
"38.44","67.65366","0.6406667","38.44","46.04419","0.6406"
"38.45","67.66796","0.6408333","38.45","46.02273","0.6408"
"38.46","67.69418","0.641","38.46","45.97982","0.6409667"
"38.47","67.71962","0.6411334","38.47","45.89558","0.6411334"
"38.48","67.73869","0.6413333","38.48","45.77398","0.6413"
"38.49","67.74505","0.6415","38.49","45.63729","0.6414667"
"38.5","67.7379","0.6416333","38.5","45.50775","0.6416333"
"38.51","67.73074","0.6418","38.51","45.38854","0.6418"
"38.52","67.73551","0.6419333","38.52","45.27092","0.6419333"
"38.53","67.74028","0.6421334","38.53","45.14933","0.6421"
"38.54","67.73074","0.6423","38.54","45.03489","0.6423"
"38.55","67.71008","0.6424667","38.55","44.93554","0.6424667"
"38.56","67.69975","0.6426333","38.56","44.85369","0.6426333"
"38.57","67.71246","0.6428","38.57","44.78852","0.6428"
"38.58","67.74584","0.6429667","38.58","44.73607","0.6429667"
"38.59","67.78001","0.6431667","38.59","44.69712","0.6431333"
"38.6","67.80068","0.6433333","38.6","44.6701","0.6432667"
"38.61","67.81022","0.6434667","38.61","44.65182","0.6434333"
"38.62","67.8277","0.6436667","38.62","44.63275","0.6436"
"38.63","67.85551","0.6438333","38.63","44.60494","0.6437667"
"38.64","67.88969","0.6439667","38.64","44.56838","0.6439334"
"38.65","67.91989","0.6441333","38.65","44.52546","0.6441"
"38.66","67.94532","0.6443","38.66","44.47937","0.6443"
"38.67","67.96281","0.6444333","38.67","44.43805","0.6444667"
"38.68","67.96519","0.6446","38.68","44.41023","0.6446334"
"38.69","67.95248","0.6447667","38.69","44.40149","0.6448"
"38.7","67.93976","0.6449667","38.7","44.40625","0.6449667"
"38.71","67.9334","0.6451333","38.71","44.40546","0.6451333"
"38.72","67.94771","0.6453","38.72","44.39195","0.6452667"
"38.73","67.97949","0.6454667","38.73","44.37129","0.6454667"
"38.74","68.02241","0.6456333","38.74","44.35062","0.6456"
"38.75","68.06612","0.6458","38.75","44.32599","0.6457667"
"38.76","68.11063","0.6459666","38.76","44.2934","0.6459333"
"38.77","68.15592","0.6461334","38.77","44.25605","0.6461334"
"38.78","68.19009","0.6463","38.78","44.22426","0.6463"
"38.79","68.20679","0.6464667","38.79","44.2044","0.6464667"
"38.8","68.21553","0.6466333","38.8","44.19645","0.6466333"
"38.81","68.22904","0.6468","38.81","44.19645","0.6468"
"38.82","68.24493","0.6469667","38.82","44.19724","0.647"
"38.83","68.2497","0.6471334","38.83","44.19645","0.6471334"
"38.84","68.24017","0.6473","38.84","44.19168","0.6472667"
"38.85","68.22745","0.6474667","38.85","44.1885","0.6474333"
"38.86","68.22189","0.6476333","38.86","44.19009","0.6476"
"38.87","68.21791","0.6478","38.87","44.18373","0.6478"
"38.88","68.20599","0.6479334","38.88","44.15989","0.6479667"
"38.89","68.18056","0.6481333","38.89","44.11697","0.6481333"
"38.9","68.15115","0.6483","38.9","44.07088","0.6483"
"38.91","68.12891","0.6484666","38.91","44.02955","0.6484666"
"38.92","68.12096","0.6486334","38.92","43.98982","0.6486667"
"38.93","68.12652","0.6488","38.93","43.94929","0.6488333"
"38.94","68.14241","0.6489667","38.94","43.91193","0.649"
"38.95","68.15434","0.6491333","38.95","43.87538","0.6491333"
"38.96","68.15434","0.6493334","38.96","43.83246","0.6493334"
"38.97","68.14957","0.6494667","38.97","43.77444","0.6495"
"38.98","68.15354","0.6496333","38.98","43.7053","0.6496333"
"38.99","68.16705","0.6498","38.99","43.63696","0.6498"
"39","68.17818","0.6499667","39","43.58053","0.6499667"
"39.01","68.17818","0.6501667","39.01","43.53682","0.6501"
"39.02","68.16785","0.6503","39.02","43.49709","0.6502666"
"39.03","68.15592","0.6504667","39.03","43.46291","0.6504334"
"39.04","68.14719","0.6506","39.04","43.43827","0.6506"
"39.05","68.1448","0.6508","39.05","43.42635","0.6507667"
"39.06","68.14162","0.6509333","39.06","43.4192","0.6509333"
"39.07","68.12652","0.6511","39.07","43.40808","0.6511334"
"39.08","68.0987","0.6512667","39.08","43.3898","0.6513"
"39.09","68.07089","0.6514333","39.09","43.37152","0.6514667"
"39.1","68.05658","0.6516","39.1","43.37152","0.6516667"
"39.11","68.05738","0.6517667","39.11","43.39616","0.6518"
"39.12","68.06136","0.6519333","39.12","43.43589","0.6519333"
"39.13","68.06374","0.6521","39.13","43.47007","0.6521"
"39.14","68.07327","0.6523","39.14","43.48516","0.6522667"
"39.15","68.09473","0.6524667","39.15","43.47881","0.6524667"
"39.16","68.12334","0.6526","39.16","43.46212","0.6526334"
"39.17","68.14877","0.6527666","39.17","43.44463","0.6528"
"39.18","68.16943","0.6529334","39.18","43.43351","0.6529334"
"39.19","68.18533","0.6531333","39.19","43.42794","0.6531333"
"39.2","68.19009","0.6533334","39.2","43.42556","0.6532667"
"39.21","68.19328","0.6535","39.21","43.42556","0.6534667"
"39.22","68.20837","0.6536334","39.22","43.42874","0.6536334"
"39.23","68.2346","0.6538","39.23","43.44146","0.6538"
"39.24","68.27036","0.654","39.24","43.45179","0.654"
"39.25","68.2958","0.6541667","39.25","43.45576","0.6541333"
"39.26","68.29977","0.6543334","39.26","43.4494","0.6543"
"39.27","68.29182","0.6544667","39.27","43.43827","0.6544667"
"39.28","68.28944","0.6546667","39.28","43.42318","0.6546"
"39.29","68.29818","0.6548333","39.29","43.40092","0.6548"
"39.3","68.30534","0.655","39.3","43.37311","0.6549333"
"39.31","68.3101","0.6551667","39.31","43.3437","0.6551334"
"39.32","68.31885","0.6553","39.32","43.32304","0.6553"
"39.33","68.33315","0.6554667","39.33","43.3143","0.6554667"
"39.34","68.34109","0.6556333","39.34","43.3143","0.6556333"
"39.35","68.32997","0.6558","39.35","43.3135","0.6557667"
"39.36","68.3101","0.6559667","39.36","43.30714","0.6559333"
"39.37","68.2958","0.6561334","39.37","43.29284","0.6561"
"39.38","68.29182","0.6563","39.38","43.27218","0.6562667"
"39.39","68.29341","0.6565","39.39","43.24436","0.6564333"
"39.4","68.28944","0.6566667","39.4","43.21019","0.6566"
"39.41","68.28626","0.6568334","39.41","43.17522","0.6567667"
"39.42","68.2942","0.657","39.42","43.13946","0.6569667"
"39.43","68.32758","0.6571333","39.43","43.10767","0.6571333"
"39.44","68.37607","0.6573333","39.44","43.08224","0.6573"
"39.45","68.40785","0.6574667","39.45","43.06157","0.6574667"
"39.46","68.41262","0.6576334","39.46","43.04488","0.6576334"
"39.47","68.40547","0.6578","39.47","43.02661","0.6578"
"39.48","68.4015","0.658","39.48","42.99879","0.6579334"
"39.49","68.40308","0.6581666","39.49","42.9527","0.6581333"
"39.5","68.40308","0.6583","39.5","42.89389","0.6583"
"39.51","68.40388","0.6584667","39.51","42.83667","0.6584667"
"39.52","68.41024","0.6586334","39.52","42.77865","0.6586"
"39.53","68.41103","0.6588","39.53","42.71428","0.6587667"
"39.54","68.39752","0.6589667","39.54","42.64355","0.6589333"
"39.55","68.38083","0.6591333","39.55","42.56725","0.6591"
"39.56","68.37607","0.6593333","39.56","42.4846","0.6592667"
"39.57","68.38719","0.6595","39.57","42.39639","0.6594334"
"39.58","68.40308","0.6596333","39.58","42.30897","0.6595667"
"39.59","68.41739","0.6598","39.59","42.22552","0.6597667"
"39.6","68.43169","0.66","39.6","42.14764","0.6599333"
"39.61","68.43885","0.6601667","39.61","42.07532","0.6601"
"39.62","68.43169","0.6603333","39.62","42.01094","0.6602667"
"39.63","68.41978","0.6604667","39.63","41.9577","0.6604667"
"39.64","68.41978","0.6606333","39.64","41.91001","0.6606333"
"39.65","68.42455","0.6608","39.65","41.85836","0.6608"
"39.66","68.41501","0.6609667","39.66","41.79875","0.6609667"
"39.67","68.3856","0.6611333","39.67","41.73517","0.6611333"
"39.68","68.35302","0.6613333","39.68","41.67239","0.6613"
"39.69","68.32758","0.6615","39.69","41.60881","0.6614333"
"39.7","68.31646","0.6616333","39.7","41.54444","0.6616333"
"39.71","68.32758","0.6618","39.71","41.48563","0.6617666"
"39.72","68.35619","0.6619334","39.72","41.43238","0.6619334"
"39.73","68.38322","0.6621333","39.73","41.37914","0.6621333"
"39.74","68.39514","0.6623","39.74","41.32032","0.6623"
"39.75","68.39037","0.6624666","39.75","41.26231","0.6624666"
"39.76","68.38322","0.6626334","39.76","41.20668","0.6626"
"39.77","68.38719","0.6628","39.77","41.14787","0.6627667"
"39.78","68.40308","0.6629667","39.78","41.0827","0.6629333"
"39.79","68.41818","0.6631333","39.79","41.00323","0.6631"
"39.8","68.43169","0.6632667","39.8","40.91183","0.6632667"
"39.81","68.44679","0.6634333","39.81","40.81964","0.6634333"
"39.82","68.45712","0.6636333","39.82","40.73302","0.6636333"
"39.83","68.46507","0.6638","39.83","40.65275","0.6638"
"39.84","68.46984","0.6639667","39.84","40.57566","0.6639667"
"39.85","68.47779","0.6641667","39.85","40.49778","0.6641"
"39.86","68.49607","0.6643333","39.86","40.4199","0.6642666"
"39.87","68.52468","0.6644667","39.87","40.33566","0.6644667"
"39.88","68.55329","0.6646667","39.88","40.23711","0.6646333"
"39.89","68.57872","0.6648334","39.89","40.12664","0.6648"
"39.9","68.59859","0.6649667","39.9","40.00982","0.6649667"
"39.91","68.60971","0.6651334","39.91","39.89458","0.6651334"
"39.92","68.61449","0.6653333","39.92","39.77537","0.6652667"
"39.93","68.61528","0.6654667","39.93","39.64265","0.6654667"
"39.94","68.61051","0.6656333","39.94","39.49324","0.6656"
"39.95","68.59859","0.6658","39.95","39.32874","0.6657667"
"39.96","68.58746","0.6659667","39.96","39.16581","0.6659333"
"39.97","68.57793","0.6661333","39.97","39.01561","0.6661333"
"39.98","68.56918","0.6663","39.98","38.87892","0.6662667"
"39.99","68.56044","0.6664667","39.99","38.75653","0.6664333"
"40","68.55567","0.6666667","40","38.64924","0.6666"
"40.01","68.55965","0.6668333","40.01","38.55546","0.6667667"
"40.02","68.57077","0.667","40.02","38.47202","0.6669334"
"40.03","68.58984","0.6671667","40.03","38.39254","0.6671333"
"40.04","68.61687","0.6673","40.04","38.32261","0.6672667"
"40.05","68.64468","0.6675","40.05","38.2638","0.6674667"
"40.06","68.66137","0.6676334","40.06","38.21294","0.6676"
"40.07","68.6566","0.6678333","40.07","38.16764","0.6677667"
"40.08","68.63594","0.668","40.08","38.1279","0.6679667"
"40.09","68.61687","0.6681667","40.09","38.09134","0.6681"
"40.1","68.61289","0.6683334","40.1","38.05478","0.6683"
"40.11","68.61925","0.6685","40.11","38.01982","0.6684334"
"40.12","68.62402","0.6686667","40.12","37.99279","0.6686"
"40.13","68.6264","0.6688333","40.13","37.98087","0.6687667"
"40.14","68.6264","0.669","40.14","37.98167","0.6689333"
"40.15","68.62402","0.6691334","40.15","37.98803","0.6691"
"40.16","68.62243","0.6693333","40.16","37.98882","0.6692667"
"40.17","68.62164","0.6695","40.17","37.98326","0.6694334"
"40.18","68.61051","0.6696333","40.18","37.9769","0.6696"
"40.19","68.58667","0.6698334","40.19","37.97372","0.6697667"
"40.2","68.56441","0.67","40.2","37.97213","0.6699333"
"40.21","68.55965","0.6701667","40.21","37.96975","0.6701"
"40.22","68.57156","0.6703333","40.22","37.96975","0.6702667"
"40.23","68.59144","0.6704667","40.23","37.97929","0.6704333"
"40.24","68.6121","0.6706667","40.24","37.99756","0.6706"
"40.25","68.63117","0.6708333","40.25","38.02299","0.6707667"
"40.26","68.64706","0.671","40.26","38.05001","0.6709334"
"40.27","68.65581","0.6711333","40.27","38.07306","0.6711"
"40.28","68.6566","0.6713","40.28","38.09611","0.6712667"
"40.29","68.6566","0.6714666","40.29","38.11439","0.6714"
"40.3","68.6566","0.6716334","40.3","38.12631","0.6716"
"40.31","68.6566","0.6718","40.31","38.13426","0.6717667"
"40.32","68.6582","0.6719667","40.32","38.1438","0.6719"
"40.33","68.66534","0.6721333","40.33","38.1581","0.6721"
"40.34","68.67965","0.6723","40.34","38.18353","0.6722667"
"40.35","68.70508","0.6724667","40.35","38.2177","0.6724333"
"40.36","68.73449","0.6726333","40.36","38.25188","0.6726"
"40.37","68.75754","0.6728","40.37","38.28446","0.6727667"
"40.38","68.7774","0.6729667","40.38","38.31863","0.6729333"
"40.39","68.79886","0.6731333","40.39","38.35042","0.6731"
"40.4","68.82111","0.6733","40.4","38.37347","0.6732666"
"40.41","68.83303","0.6734667","40.41","38.38698","0.6734334"
"40.42","68.84177","0.6736333","40.42","38.39254","0.6736"
"40.43","68.85052","0.6738","40.43","38.40129","0.6737667"
"40.44","68.86324","0.674","40.44","38.42115","0.6739333"
"40.45","68.87833","0.6741334","40.45","38.44897","0.6740667"
"40.46","68.89502","0.6743","40.46","38.47758","0.6742667"
"40.47","68.91251","0.6744667","40.47","38.49824","0.6744334"
"40.48","68.93079","0.6746333","40.48","38.50937","0.6746"
"40.49","68.9435","0.6748","40.49","38.51334","0.6748"
"40.5","68.95145","0.6749667","40.5","38.51811","0.6749667"
"40.51","68.95621","0.6751333","40.51","38.52526","0.6751333"
"40.52","68.96416","0.6753","40.52","38.54116","0.6753"
"40.53","68.97529","0.6755","40.53","38.55944","0.6754667"
"40.54","68.99357","0.6756333","40.54","38.57056","0.6756333"
"40.55","69.019","0.6758","40.55","38.5658","0.6758"
"40.56","69.0492","0.6759667","40.56","38.54831","0.6759334"
"40.57","69.07622","0.6761333","40.57","38.5205","0.6761333"
"40.58","69.09052","0.6763","40.58","38.48076","0.6762667"
"40.59","69.0945","0.6764667","40.59","38.42592","0.6764333"
"40.6","69.0937","0.6766667","40.6","38.36473","0.6766334"
"40.61","69.0945","0.6768","40.61","38.3091","0.6768"
"40.62","69.10562","0.6769667","40.62","38.2638","0.6769333"
"40.63","69.12469","0.6771333","40.63","38.2336","0.6771"
"40.64","69.14536","0.6773","40.64","38.21373","0.6772667"
"40.65","69.16046","0.6774667","40.65","38.19704","0.6774333"
"40.66","69.16762","0.6776333","40.66","38.17797","0.6776"
"40.67","69.17397","0.6778","40.67","38.1581","0.6778"
"40.68","69.17874","0.678","40.68","38.14141","0.6779667"
"40.69","69.1843","0.6781334","40.69","38.12869","0.6781667"
"40.7","69.18907","0.6783","40.7","38.12551","0.6783333"
"40.71","69.19781","0.6784667","40.71","38.13505","0.6784667"
"40.72","69.21133","0.6786333","40.72","38.16048","0.6786"
"40.73","69.22722","0.6788","40.73","38.19068","0.6787667"
"40.74","69.23438","0.679","40.74","38.21294","0.6789333"
"40.75","69.22722","0.6791334","40.75","38.21373","0.6791"
"40.76","69.21609","0.6793","40.76","38.19942","0.6792667"
"40.77","69.20735","0.6794667","40.77","38.18274","0.6794333"
"40.78","69.20417","0.6796667","40.78","38.17161","0.6796"
"40.79","69.2002","0.6798334","40.79","38.16764","0.6797667"
"40.8","69.18828","0.6799667","40.8","38.16922","0.6799667"
"40.81","69.16523","0.6801333","40.81","38.17638","0.6801333"
"40.82","69.1398","0.6803","40.82","38.1883","0.6803333"
"40.83","69.11675","0.6804667","40.83","38.20817","0.6805"
"40.84","69.09052","0.6806334","40.84","38.23439","0.6806667"
"40.85","69.06033","0.6808","40.85","38.26539","0.6808"
"40.86","69.02853","0.6809667","40.86","38.29082","0.6809334"
"40.87","68.99992","0.6811333","40.87","38.30035","0.6811"
"40.88","68.97291","0.6813","40.88","38.28605","0.6812667"
"40.89","68.94986","0.6814667","40.89","38.24711","0.6814333"
"40.9","68.93555","0.6816","40.9","38.20181","0.6816"
"40.91","68.93079","0.6818","40.91","38.16446","0.6817667"
"40.92","68.93317","0.6819667","40.92","38.13903","0.6819333"
"40.93","68.93555","0.6821333","40.93","38.12551","0.6821"
"40.94","68.93555","0.6823","40.94","38.12075","0.6822667"
"40.95","68.93874","0.6824667","40.95","38.12551","0.6824334"
"40.96","68.95224","0.6826333","40.96","38.13267","0.6826"
"40.97","68.97529","0.6828","40.97","38.13903","0.6827667"
"40.98","68.99834","0.683","40.98","38.13744","0.6829333"
"40.99","69.01582","0.6832","40.99","38.12869","0.6831"
"41","69.02377","0.6833667","41","38.11836","0.6832667"
"41.01","69.02853","0.6835","41.01","38.11598","0.6834667"
"41.02","69.04443","0.6836666","41.02","38.11916","0.6836"
"41.03","69.07145","0.6838","41.03","38.12631","0.6837667"
"41.04","69.0945","0.6839667","41.04","38.13744","0.6839667"
"41.05","69.0937","0.6841334","41.05","38.15492","0.6841334"
"41.06","69.06509","0.6842667","41.06","38.16922","0.6843"
"41.07","69.02774","0.6844333","41.07","38.18035","0.6844333"
"41.08","68.9888","0.6846","41.08","38.19068","0.6846333"
"41.09","68.95463","0.6847667","41.09","38.19625","0.6848"
"41.1","68.93079","0.6849667","41.1","38.19068","0.6849667"
"41.11","68.92681","0.6851667","41.11","38.18035","0.6851333"
"41.12","68.9427","0.6853333","41.12","38.17797","0.6853"
"41.13","68.97052","0.6855","41.13","38.18274","0.6854666"
"41.14","69.01105","0.6856667","41.14","38.18591","0.6856334"
"41.15","69.05953","0.6858333","41.15","38.17797","0.6857667"
"41.16","69.1104","0.686","41.16","38.16207","0.6859667"
"41.17","69.15013","0.6861333","41.17","38.14459","0.6861333"
"41.18","69.17477","0.6863","41.18","38.12631","0.6862667"
"41.19","69.17715","0.6864667","41.19","38.10962","0.6864333"
"41.2","69.16125","0.6866667","41.2","38.0985","0.6866"
"41.21","69.13583","0.6868","41.21","38.08975","0.6867667"
"41.22","69.11436","0.6869667","41.22","38.07465","0.6869333"
"41.23","69.10801","0.6871333","41.23","38.04843","0.6871"
"41.24","69.12152","0.6873","41.24","38.02299","0.6872666"
"41.25","69.14297","0.6874667","41.25","38.00631","0.6874334"
"41.26","69.16046","0.6876333","41.26","38.00392","0.6876"
"41.27","69.17397","0.6878","41.27","38.01584","0.6878"
"41.28","69.19702","0.688","41.28","38.03015","0.6879666"
"41.29","69.23278","0.6881334","41.29","38.03651","0.6881334"
"41.3","69.27411","0.6883","41.3","38.03174","0.6882667"
"41.31","69.31226","0.6884667","41.31","38.03015","0.6884333"
"41.32","69.33689","0.6886333","41.32","38.03809","0.6886"
"41.33","69.34961","0.6888","41.33","38.04366","0.6887667"
"41.34","69.35755","0.6889333","41.34","38.04128","0.6889667"
"41.35","69.36709","0.6891333","41.35","38.03651","0.6891333"
"41.36","69.37424","0.6893","41.36","38.03571","0.6893"
"41.37","69.37424","0.6894333","41.37","38.04286","0.6894667"
"41.38","69.37663","0.6896334","41.38","38.05876","0.6896334"
"41.39","69.39093","0.6898","41.39","38.08181","0.6897666"
"41.4","69.4267","0.6899667","41.4","38.0985","0.6899334"
"41.41","69.47041","0.6901333","41.41","38.10008","0.6901333"
"41.42","69.50697","0.6903","41.42","38.09611","0.6903"
"41.43","69.53558","0.6904667","41.43","38.10088","0.6904667"
"41.44","69.56895","0.6906334","41.44","38.11439","0.6906334"
"41.45","69.59756","0.6908333","41.45","38.12313","0.6908"
"41.46","69.61504","0.691","41.46","38.1279","0.6909667"
"41.47","69.61823","0.6911333","41.47","38.13426","0.6911333"
"41.48","69.62458","0.6913","41.48","38.14856","0.6913"
"41.49","69.64048","0.6914334","41.49","38.16922","0.6914667"
"41.5","69.6524","0.6916","41.5","38.18989","0.6916333"
"41.51","69.64525","0.6918","41.51","38.20102","0.6918"
"41.52","69.61743","0.6919667","41.52","38.19466","0.6919667"
"41.53","69.58087","0.6921334","41.53","38.17797","0.6921334"
"41.54","69.55782","0.6923","41.54","38.16048","0.6923"
"41.55","69.56498","0.6924667","41.55","38.14936","0.6924667"
"41.56","69.59438","0.6926333","41.56","38.13903","0.6926333"
"41.57","69.61981","0.6928","41.57","38.11836","0.6928"
"41.58","69.62458","0.6929667","41.58","38.09531","0.6929333"
"41.59","69.61504","0.6931334","41.59","38.07783","0.6931"
"41.6","69.60313","0.6932667","41.6","38.06432","0.6932667"
"41.61","69.59518","0.6934","41.61","38.04525","0.6934667"
"41.62","69.58961","0.6936","41.62","38.01823","0.6936333"
"41.63","69.57849","0.6937333","41.63","37.992","0.6938"
"41.64","69.56259","0.6939334","41.64","37.97213","0.6939667"
"41.65","69.54591","0.6941333","41.65","37.96021","0.6941333"
"41.66","69.53716","0.6943333","41.66","37.95306","0.6943"
"41.67","69.55544","0.6945","41.67","37.94273","0.6944667"
"41.68","69.60789","0.6947","41.68","37.93081","0.6946334"
"41.69","69.68816","0.6948667","41.69","37.9165","0.6947667"
"41.7","69.76923","0.695","41.7","37.90061","0.6949334"
"41.71","69.8336","0.6952","41.71","37.88471","0.6951"
"41.72","69.87651","0.6953334","41.72","37.86882","0.6952667"
"41.73","69.90035","0.6954667","41.73","37.85292","0.6954667"
"41.74","69.90274","0.6956334","41.74","37.83941","0.6956334"
"41.75","69.8773","0.6958","41.75","37.83147","0.6958"
"41.76","69.82645","0.696","41.76","37.8259","0.6959667"
"41.77","69.76843","0.6961667","41.77","37.82988","0.6961333"
"41.78","69.73029","0.6963333","41.78","37.8418","0.6962667"
"41.79","69.72154","0.6965","41.79","37.86008","0.6964334"
"41.8","69.73902","0.6966333","41.8","37.87518","0.6966"
"41.81","69.76366","0.6968","41.81","37.88074","0.6967667"
"41.82","69.78273","0.6969666","41.82","37.87994","0.6969333"
"41.83","69.78989","0.6971334","41.83","37.87597","0.6971"
"41.84","69.78273","0.6973","41.84","37.86882","0.6972667"
"41.85","69.76366","0.6975","41.85","37.8569","0.6974334"
"41.86","69.74776","0.6976666","41.86","37.84657","0.6976"
"41.87","69.75969","0.6978","41.87","37.84577","0.6977667"
"41.88","69.8018","0.6979667","41.88","37.85054","0.6979667"
"41.89","69.85108","0.6981333","41.89","37.85769","0.6981333"
"41.9","69.88207","0.6983","41.9","37.86246","0.6983333"
"41.91","69.89479","0.6984333","41.91","37.8712","0.6984667"
"41.92","69.89717","0.6986","41.92","37.88074","0.6986333"
"41.93","69.88844","0.6988","41.93","37.89425","0.6988"
"41.94","69.86936","0.699","41.94","37.90299","0.6989667"
"41.95","69.85664","0.6991667","41.95","37.90299","0.6991333"
"41.96","69.87413","0.6993334","41.96","37.89186","0.6993"
"41.97","69.92658","0.6995","41.97","37.88233","0.6994666"
"41.98","69.99174","0.6996334","41.98","37.88471","0.6996334"
"41.99","70.045","0.6998","41.99","37.89346","0.6998"
"42","70.07361","0.7","42","37.90061","0.6999667"
"42.01","70.07917","0.7001333","42.01","37.90776","0.7001333"
"42.02","70.07122","0.7003334","42.02","37.9173","0.7003"
"42.03","70.06248","0.7004667","42.03","37.93081","0.7004333"
"42.04","70.06487","0.7006667","42.04","37.94034","0.7006"
"42.05","70.07599","0.7008333","42.05","37.94273","0.7007667"
"42.06","70.0895","0.701","42.06","37.94432","0.7009333"
"42.07","70.10619","0.7011334","42.07","37.95306","0.7011334"
"42.08","70.12447","0.7013","42.08","37.96577","0.7013"
"42.09","70.13877","0.7014334","42.09","37.97849","0.7014667"
"42.1","70.14513","0.7016333","42.1","37.99041","0.7016333"
"42.11","70.13877","0.7018","42.11","38.01107","0.7018"
"42.12","70.12288","0.7019667","42.12","38.03889","0.7019667"
"42.13","70.11016","0.7021334","42.13","38.06353","0.7021334"
"42.14","70.11255","0.7023333","42.14","38.07942","0.7023"
"42.15","70.12923","0.7024667","42.15","38.09214","0.7024667"
"42.16","70.15466","0.7026333","42.16","38.112","0.7026333"
"42.17","70.17931","0.7028334","42.17","38.13267","0.7028334"
"42.18","70.20473","0.703","42.18","38.14936","0.703"
"42.19","70.22778","0.7031333","42.19","38.16764","0.7031667"
"42.2","70.25083","0.7033","42.2","38.1883","0.7033333"
"42.21","70.28024","0.7034667","42.21","38.21135","0.7034667"
"42.22","70.31282","0.7036334","42.22","38.23201","0.7036334"
"42.23","70.33348","0.7038","42.23","38.25188","0.7038"
"42.24","70.33825","0.7039667","42.24","38.26777","0.7039667"
"42.25","70.33746","0.7041333","42.25","38.27731","0.7041333"
"42.26","70.34222","0.7043","42.26","38.28685","0.7043"
"42.27","70.35335","0.7044667","42.27","38.30194","0.7044667"
"42.28","70.36527","0.7046334","42.28","38.32102","0.7046334"
"42.29","70.37719","0.7048","42.29","38.3393","0.7048"
"42.3","70.38832","0.7049667","42.3","38.35519","0.7049667"
"42.31","70.40024","0.7051","42.31","38.37109","0.7051333"
"42.32","70.41534","0.7052667","42.32","38.3846","0.7053"
"42.33","70.43044","0.7054667","42.33","38.39652","0.7054667"
"42.34","70.44077","0.7056333","42.34","38.41082","0.7056333"
"42.35","70.44157","0.7058","42.35","38.4291","0.7058"
"42.36","70.44633","0.7059667","42.36","38.45135","0.7059333"
"42.37","70.47495","0.7061334","42.37","38.46725","0.7061"
"42.38","70.52342","0.7063","42.38","38.47281","0.7063"
"42.39","70.57269","0.7064667","42.39","38.47917","0.7064667"
"42.4","70.61323","0.7066","42.4","38.49268","0.7066333"
"42.41","70.63866","0.7067667","42.41","38.50937","0.7068"
"42.42","70.64581","0.7069333","42.42","38.52924","0.7069667"
"42.43","70.64263","0.7071","42.43","38.54831","0.7071334"
"42.44","70.64501","0.7072667","42.44","38.56659","0.7073"
"42.45","70.66409","0.7074333","42.45","38.58646","0.7074667"
"42.46","70.6919","0.7076","42.46","38.60712","0.7076333"
"42.47","70.71495","0.7077667","42.47","38.62858","0.7078"
"42.48","70.73482","0.7079334","42.48","38.64368","0.7079334"
"42.49","70.75787","0.7081333","42.49","38.64209","0.7081"
"42.5","70.79045","0.7083","42.5","38.62858","0.7083"
"42.51","70.83655","0.7084666","42.51","38.61666","0.7084666"
"42.52","70.89377","0.7086334","42.52","38.61268","0.7086334"
"42.53","70.95496","0.7087667","42.53","38.61983","0.7088"
"42.54","71.00821","0.7089667","42.54","38.63017","0.7089667"
"42.55","71.04636","0.7091333","42.55","38.64209","0.7091333"
"42.56","71.06702","0.7093","42.56","38.65163","0.7093"
"42.57","71.07973","0.7094667","42.57","38.65878","0.7094667"
"42.58","71.1004","0.7096334","42.58","38.66434","0.7096334"
"42.59","71.13457","0.7098","42.59","38.66673","0.7098"
"42.6","71.17271","0.7099667","42.6","38.66513","0.7099667"
"42.61","71.20132","0.7101333","42.61","38.66116","0.7101333"
"42.62","71.22437","0.7103","42.62","38.66116","0.7103"
"42.63","71.24424","0.7104667","42.63","38.66911","0.7104667"
"42.64","71.25616","0.7106333","42.64","38.67865","0.7106"
"42.65","71.2657","0.7108","42.65","38.68501","0.7108"
"42.66","71.2808","0.711","42.66","38.68739","0.7109333"
"42.67","71.30225","0.7111667","42.67","38.68818","0.7111"
"42.68","71.32292","0.7113333","42.68","38.69057","0.7113"
"42.69","71.3404","0.7114667","42.69","38.69295","0.7114667"
"42.7","71.36186","0.7116333","42.7","38.69534","0.7116333"
"42.71","71.39365","0.7118","42.71","38.69931","0.7118"
"42.72","71.42146","0.7119667","42.72","38.70885","0.7119667"
"42.73","71.43497","0.7121333","42.73","38.72712","0.7121333"
"42.74","71.43736","0.7123","42.74","38.7454","0.7122667"
"42.75","71.44372","0.7124667","42.75","38.75256","0.7124333"
"42.76","71.46279","0.7126333","42.76","38.75017","0.7126"
"42.77","71.49617","0.7128","42.77","38.7454","0.7127666"
"42.78","71.5359","0.7129667","42.78","38.7454","0.7129334"
"42.79","71.57088","0.7131333","42.79","38.75017","0.7131333"
"42.8","71.60028","0.7133","42.8","38.75732","0.7132667"
"42.81","71.6273","0.7134667","42.81","38.76607","0.7134667"
"42.82","71.65511","0.7136334","42.82","38.7756","0.7136334"
"42.83","71.6869","0.7138","42.83","38.78276","0.7138"
"42.84","71.72187","0.7139667","42.84","38.7915","0.7139667"
"42.85","71.75525","0.7141333","42.85","38.80342","0.7141333"
"42.86","71.78148","0.7142667","42.86","38.82329","0.7143"
"42.87","71.79737","0.7144333","42.87","38.85031","0.7144667"
"42.88","71.80373","0.7146333","42.88","38.87177","0.7146333"
"42.89","71.80373","0.7148","42.89","38.88528","0.7148"
"42.9","71.80452","0.7149667","42.9","38.8964","0.7149667"
"42.91","71.81326","0.7151334","42.91","38.90832","0.7151334"
"42.92","71.82916","0.7153","42.92","38.92183","0.7153"
"42.93","71.84982","0.7154667","42.93","38.93375","0.7154667"
"42.94","71.87048","0.7156333","42.94","38.93852","0.7156333"
"42.95","71.88161","0.7158","42.95","38.93614","0.7157667"
"42.96","71.8689","0.7159333","42.96","38.93852","0.7159333"
"42.97","71.82996","0.7161334","42.97","38.94885","0.7161"
"42.98","71.76797","0.7163","42.98","38.95919","0.7162667"
"42.99","71.69405","0.7164667","42.99","38.96395","0.7164333"
"43","71.62015","0.7166","43","38.96634","0.7166333"
"43.01","71.55577","0.7168","43.01","38.97269","0.7168"
"43.02","71.50332","0.7169334","43.02","38.98382","0.7169667"
"43.03","71.45961","0.7171333","43.03","38.99972","0.7171333"
"43.04","71.42305","0.7172667","43.04","39.02038","0.7173"
"43.05","71.39762","0.7174667","43.05","39.04422","0.7174667"
"43.06","71.38411","0.7176","43.06","39.06727","0.7176334"
"43.07","71.38411","0.7178","43.07","39.09111","0.7178"
"43.08","71.39127","0.7179334","43.08","39.11734","0.7179667"
"43.09","71.39841","0.7181333","43.09","39.13959","0.7181333"
"43.1","71.41193","0.7183","43.1","39.14912","0.7183334"
"43.11","71.43736","0.7184667","43.11","39.14515","0.7184667"
"43.12","71.46915","0.7186334","43.12","39.1372","0.7186334"
"43.13","71.49855","0.7188","43.13","39.13323","0.7188"
"43.14","71.52239","0.7189667","43.14","39.138","0.719"
"43.15","71.54227","0.7191","43.15","39.14754","0.7191333"
"43.16","71.56372","0.7192667","43.16","39.16105","0.7193"
"43.17","71.59312","0.7194334","43.17","39.17217","0.7194667"
"43.18","71.6273","0.7196","43.18","39.18092","0.7196333"
"43.19","71.65114","0.7197667","43.19","39.19045","0.7198"
"43.2","71.66386","0.7199667","43.2","39.19919","0.7199667"
"43.21","71.68452","0.7201334","43.21","39.20396","0.7201334"
"43.22","71.72823","0.7203","43.22","39.20237","0.7203"
"43.23","71.7926","0.7204334","43.23","39.19761","0.7204334"
"43.24","71.86572","0.7206","43.24","39.19284","0.7206333"
"43.25","71.93327","0.7207667","43.25","39.18886","0.7208334"
"43.26","71.98492","0.7209333","43.26","39.18409","0.7209667"
"43.27","72.01513","0.7211","43.27","39.18171","0.7211334"
"43.28","72.03579","0.7212667","43.28","39.19045","0.7213"
"43.29","72.05247","0.7214333","43.29","39.20634","0.7214333"
"43.3","72.07076","0.7216","43.3","39.21747","0.7216"
"43.31","72.0954","0.7217667","43.31","39.20873","0.7217667"
"43.32","72.13036","0.7219667","43.32","39.17933","0.7219334"
"43.33","72.16692","0.7221333","43.33","39.13243","0.7221333"
"43.34","72.20348","0.7223","43.34","39.0776","0.7223"
"43.35","72.2448","0.7224666","43.35","39.02515","0.7224666"
"43.36","72.28851","0.7226","43.36","38.98462","0.7226"
"43.37","72.32745","0.7228","43.37","38.9568","0.7227667"
"43.38","72.3505","0.7229667","43.38","38.93773","0.7229667"
"43.39","72.36401","0.7231667","43.39","38.91706","0.7231"
"43.4","72.37753","0.7233334","43.4","38.88925","0.7232667"
"43.41","72.39898","0.7234667","43.41","38.86302","0.7234333"
"43.42","72.42838","0.7236667","43.42","38.84554","0.7236333"
"43.43","72.45779","0.7238","43.43","38.82964","0.7237667"
"43.44","72.47845","0.7239667","43.44","38.80501","0.7239333"
"43.45","72.48083","0.7241333","43.45","38.78037","0.7241"
"43.46","72.46733","0.7243333","43.46","38.76527","0.7243"
"43.47","72.44269","0.7245","43.47","38.75415","0.7244667"
"43.48","72.42203","0.7246333","43.48","38.7454","0.7246333"
"43.49","72.41647","0.7248","43.49","38.7454","0.7248"
"43.5","72.42441","0.7249666","43.5","38.75176","0.7249666"
"43.51","72.42838","0.7251334","43.51","38.75971","0.7251334"
"43.52","72.41647","0.7253333","43.52","38.76527","0.7253"
"43.53","72.39342","0.7255","43.53","38.76765","0.7254667"
"43.54","72.37593","0.7256333","43.54","38.76368","0.7256"
"43.55","72.36878","0.7258","43.55","38.75971","0.7257667"
"43.56","72.36639","0.7259667","43.56","38.75653","0.7259333"
"43.57","72.36401","0.7261333","43.57","38.74779","0.7261"
"43.58","72.35289","0.7263","43.58","38.7311","0.7262667"
"43.59","72.33222","0.7264667","43.59","38.71282","0.7264333"
"43.6","72.30679","0.7266334","43.6","38.7001","0.7266"
"43.61","72.27977","0.7268","43.61","38.69931","0.7268"
"43.62","72.26706","0.7269667","43.62","38.70646","0.7269667"
"43.63","72.26944","0.7271333","43.63","38.71997","0.7271333"
"43.64","72.27977","0.7273","43.64","38.73587","0.7273"
"43.65","72.29328","0.7274667","43.65","38.75017","0.7274667"
"43.66","72.31315","0.7276667","43.66","38.75971","0.7276334"
"43.67","72.33699","0.7278","43.67","38.76765","0.7278"
"43.68","72.35925","0.7279667","43.68","38.78037","0.7279333"
"43.69","72.37753","0.7281333","43.69","38.79786","0.7281"
"43.7","72.38865","0.7283","43.7","38.80342","0.7282667"
"43.71","72.38309","0.7284667","43.71","38.79626","0.7284334"
"43.72","72.36401","0.7286333","43.72","38.78911","0.7286"
"43.73","72.34176","0.7288333","43.73","38.7915","0.7287667"
"43.74","72.33222","0.729","43.74","38.80501","0.7289333"
"43.75","72.32904","0.7291334","43.75","38.82329","0.7291334"
"43.76","72.3203","0.7293333","43.76","38.84395","0.7292667"
"43.77","72.30441","0.7294667","43.77","38.86302","0.7294334"
"43.78","72.28136","0.7296333","43.78","38.88051","0.7296"
"43.79","72.25195","0.7298","43.79","38.8972","0.7297667"
"43.8","72.21778","0.7299667","43.8","38.9123","0.7299333"
"43.81","72.18282","0.7301667","43.81","38.92183","0.7301"
"43.82","72.14864","0.7303","43.82","38.92899","0.7303"
"43.83","72.12083","0.7304667","43.83","38.9425","0.7304667"
"43.84","72.10255","0.7306333","43.84","38.96316","0.7306333"
"43.85","72.09301","0.7308","43.85","38.98859","0.7308"
"43.86","72.07712","0.7309667","43.86","39.01561","0.731"
"43.87","72.05009","0.7311333","43.87","39.04343","0.7311333"
"43.88","72.02467","0.7313","43.88","39.06647","0.7313333"
"43.89","72.01353","0.7314667","43.89","39.08237","0.7314667"
"43.9","72.01592","0.7316334","43.9","39.09349","0.7316334"
"43.91","72.01513","0.7318","43.91","39.09906","0.7318"
"43.92","71.99923","0.7319334","43.92","39.10303","0.732"
"43.93","71.97221","0.7321333","43.93","39.11177","0.7321333"
"43.94","71.94837","0.7323","43.94","39.13005","0.7323"
"43.95","71.93327","0.7324333","43.95","39.14912","0.7324667"
"43.96","71.9285","0.7326","43.96","39.16581","0.7326334"
"43.97","71.93565","0.7328333","43.97","39.17615","0.7328"
"43.98","71.95075","0.7329667","43.98","39.18409","0.733"
"43.99","71.96268","0.7331667","43.99","39.19681","0.7331333"
"44","71.97142","0.7333","44","39.21509","0.7333"
"44.01","71.98969","0.7334667","44.01","39.23893","0.7334334"
"44.02","72.01592","0.7336333","44.02","39.26436","0.7336"
"44.03","72.03181","0.7338","44.03","39.289","0.7337667"
"44.04","72.03102","0.7339666","44.04","39.30013","0.7339666"
"44.05","72.02386","0.7341334","44.05","39.29138","0.7341334"
"44.06","72.0199","0.7343","44.06","39.27787","0.7343"
"44.07","72.0199","0.7344334","44.07","39.28025","0.7344667"
"44.08","72.02148","0.7346","44.08","39.30489","0.7346333"
"44.09","72.01274","0.7347667","44.09","39.33907","0.7348334"
"44.1","71.99685","0.7349333","44.1","39.36927","0.735"
"44.11","71.98492","0.7351","44.11","39.39629","0.7351333"
"44.12","71.98254","0.7352667","44.12","39.42251","0.7353"
"44.13","71.99049","0.7354667","44.13","39.44476","0.7354667"
"44.14","71.99923","0.7356667","44.14","39.45668","0.7356333"
"44.15","72.00877","0.7358","44.15","39.46304","0.7358"
"44.16","72.02625","0.7359667","44.16","39.46145","0.7359667"
"44.17","72.05884","0.7361333","44.17","39.46066","0.7361333"
"44.18","72.10016","0.7363334","44.18","39.46861","0.7363"
"44.19","72.1256","0.7364666","44.19","39.49086","0.7364666"
"44.2","72.12321","0.7366667","44.2","39.51629","0.7366334"
"44.21","72.1097","0.7368333","44.21","39.53536","0.7368"
"44.22","72.10493","0.737","44.22","39.55046","0.7369334"
"44.23","72.1089","0.7371667","44.23","39.56874","0.7371333"
"44.24","72.10493","0.7373334","44.24","39.58702","0.7373"
"44.25","72.09142","0.7374667","44.25","39.59258","0.7374667"
"44.26","72.0795","0.7376333","44.26","39.58941","0.7376333"
"44.27","72.0795","0.7377667","44.27","39.58781","0.7377667"
"44.28","72.08109","0.7379333","44.28","39.60053","0.7379333"
"44.29","72.06519","0.7381334","44.29","39.62119","0.7381334"
"44.3","72.02467","0.7383","44.3","39.63788","0.7383"
"44.31","71.97459","0.7384334","44.31","39.64742","0.7384667"
"44.32","71.93884","0.7386","44.32","39.65457","0.7386"
"44.33","71.93327","0.7388","44.33","39.67047","0.7388"
"44.34","71.95393","0.739","44.34","39.69749","0.7389667"
"44.35","71.98096","0.7391334","44.35","39.72213","0.7391"
"44.36","72.00639","0.7393","44.36","39.73722","0.7392667"
"44.37","72.04453","0.7395","44.37","39.75074","0.7394333"
"44.38","72.09062","0.7396667","44.38","39.76186","0.7396333"
"44.39","72.11844","0.7398667","44.39","39.76822","0.7398"
"44.4","72.11844","0.7400333","44.4","39.77537","0.7399333"
"44.41","72.11367","0.7401667","44.41","39.79445","0.7401"
"44.42","72.13195","0.7403","44.42","39.82544","0.7402667"
"44.43","72.16692","0.7404667","44.43","39.84928","0.7404333"
"44.44","72.19473","0.7406667","44.44","39.86438","0.7406"
"44.45","72.19473","0.7408333","44.45","39.87233","0.7407667"
"44.46","72.1693","0.7409667","44.46","39.87868","0.7409334"
"44.47","72.14546","0.7411667","44.47","39.88822","0.7411333"
"44.48","72.14308","0.7413","44.48","39.9065","0.7412667"
"44.49","72.15579","0.7415","44.49","39.93432","0.7414667"
"44.5","72.16851","0.7416667","44.5","39.9677","0.7416334"
"44.51","72.17089","0.7418","44.51","40.00266","0.7418"
"44.52","72.17328","0.7419667","44.52","40.03922","0.7419667"
"44.53","72.18043","0.7421333","44.53","40.07578","0.7421333"
"44.54","72.18917","0.7422667","44.54","40.11313","0.7422667"
"44.55","72.19156","0.7424334","44.55","40.1489","0.7424334"
"44.56","72.18679","0.7426333","44.56","40.17432","0.7426"
"44.57","72.17645","0.7428333","44.57","40.1926","0.7427667"
"44.58","72.16374","0.743","44.58","40.20532","0.7429333"
"44.59","72.15579","0.7431667","44.59","40.21804","0.7431"
"44.6","72.16216","0.7433333","44.6","40.23234","0.7432667"
"44.61","72.17645","0.7435","44.61","40.25221","0.7434334"
"44.62","72.18758","0.7436333","44.62","40.28003","0.7436333"
"44.63","72.18679","0.7438","44.63","40.31658","0.7437667"
"44.64","72.17884","0.7439667","44.64","40.35394","0.7439333"
"44.65","72.16692","0.7441334","44.65","40.38811","0.7441"
"44.66","72.15341","0.7443333","44.66","40.41831","0.7442667"
"44.67","72.14149","0.7444667","44.67","40.44771","0.7444333"
"44.68","72.13434","0.7446333","44.68","40.47712","0.7446"
"44.69","72.12718","0.7448","44.69","40.50493","0.7448"
"44.7","72.11685","0.7449667","44.7","40.53672","0.7449334"
"44.71","72.09778","0.7451333","44.71","40.5701","0.7451333"
"44.72","72.06599","0.7453","44.72","40.60825","0.7452667"
"44.73","72.03102","0.7454666","44.73","40.64322","0.7454333"
"44.74","72.01036","0.7456334","44.74","40.67898","0.7456"
"44.75","72.00797","0.7458","44.75","40.71633","0.7458"
"44.76","72.01115","0.7459667","44.76","40.75766","0.7459667"
"44.77","72.0032","0.7461666","44.77","40.7966","0.7461333"
"44.78","71.97857","0.7463","44.78","40.83077","0.7463"
"44.79","71.94678","0.7464667","44.79","40.86971","0.7464667"
"44.8","71.91499","0.7466667","44.8","40.91581","0.7466334"
"44.81","71.88956","0.7468333","44.81","40.96587","0.7468"
"44.82","71.8681","0.7469667","44.82","41.01674","0.7469667"
"44.83","71.8522","0.7471333","44.83","41.06919","0.7471333"
"44.84","71.84585","0.7473","44.84","41.11846","0.7473"
"44.85","71.84029","0.7474667","44.85","41.16376","0.7474667"
"44.86","71.82519","0.7476333","44.86","41.20111","0.7476333"
"44.87","71.79976","0.7478","44.87","41.23449","0.7478"
"44.88","71.77194","0.7479666","44.88","41.26867","0.7479333"
"44.89","71.74413","0.7481334","44.89","41.30999","0.7481"
"44.9","71.71472","0.7483333","44.9","41.3545","0.7482667"
"44.91","71.69405","0.7484667","44.91","41.39821","0.7484334"
"44.92","71.6877","0.7486333","44.92","41.43874","0.7486"
"44.93","71.69803","0.7488","44.93","41.48006","0.7487667"
"44.94","71.71313","0.7489667","44.94","41.52457","0.7489333"
"44.95","71.72664","0.7491667","44.95","41.57623","0.7491"
"44.96","71.73538","0.7493","44.96","41.63186","0.7492667"
"44.97","71.73936","0.7494667","44.97","41.69305","0.7494"
"44.98","71.73697","0.7496667","44.98","41.75266","0.7496"
"44.99","71.73061","0.7498333","44.99","41.80193","0.7497666"
"45","71.71869","0.75","45","41.84087","0.7499334"
"45.01","71.70836","0.7501667","45.01","41.87743","0.7501333"
"45.02","71.70995","0.7503334","45.02","41.92511","0.7502667"
"45.03","71.72664","0.7505","45.03","41.98551","0.7504333"
"45.04","71.74889","0.7506667","45.04","42.05465","0.7506"
"45.05","71.77035","0.7508667","45.05","42.123","0.7507667"
"45.06","71.79102","0.751","45.06","42.18419","0.7509333"
"45.07","71.81803","0.7511667","45.07","42.23585","0.7511"
"45.08","71.84585","0.7513334","45.08","42.28354","0.7512667"
"45.09","71.86095","0.7515","45.09","42.3336","0.7514667"
"45.1","71.84744","0.7516667","45.1","42.38844","0.7516"
"45.11","71.81565","0.7518","45.11","42.44804","0.7518"
"45.12","71.78307","0.7519667","45.12","42.51083","0.7519333"
"45.13","71.76558","0.7521667","45.13","42.57441","0.7521"
"45.14","71.7632","0.7523333","45.14","42.63957","0.7522666"
"45.15","71.76955","0.7525","45.15","42.70315","0.7524334"
"45.16","71.77909","0.7526667","45.16","42.75878","0.7526"
"45.17","71.78625","0.7528","45.17","42.80408","0.7527667"
"45.18","71.79022","0.7529667","45.18","42.85018","0.7529333"
"45.19","71.79498","0.7531334","45.19","42.90263","0.7531334"
"45.2","71.79896","0.7533","45.2","42.95826","0.7532667"
"45.21","71.79658","0.7534667","45.21","43.01071","0.7534333"
"45.22","71.79102","0.7536667","45.22","43.05919","0.7536"
"45.23","71.7926","0.7538","45.23","43.10926","0.7537667"
"45.24","71.80452","0.754","45.24","43.15774","0.7539334"
"45.25","71.82677","0.7541667","45.25","43.20065","0.7541"
"45.26","71.8522","0.7543333","45.26","43.238","0.7542667"
"45.27","71.87287","0.7545","45.27","43.27456","0.7544333"
"45.28","71.88638","0.7546667","45.28","43.32066","0.7546"
"45.29","71.88956","0.7548333","45.29","43.37629","0.7547667"
"45.3","71.88718","0.755","45.3","43.43351","0.7549334"
"45.31","71.88161","0.7551333","45.31","43.48278","0.7551"
"45.32","71.88241","0.7553","45.32","43.52172","0.7552667"
"45.33","71.88718","0.7554667","45.33","43.56146","0.7554"
"45.34","71.89115","0.7556334","45.34","43.6004","0.7555667"
"45.35","71.88718","0.7557667","45.35","43.63298","0.7557334"
"45.36","71.87923","0.7559667","45.36","43.66398","0.7559"
"45.37","71.85857","0.7561333","45.37","43.69656","0.7560667"
"45.38","71.82757","0.7563","45.38","43.73868","0.7562333"
"45.39","71.80373","0.7564667","45.39","43.79034","0.7564334"
"45.4","71.79737","0.7566333","45.4","43.842","0.7566"
"45.41","71.80849","0.7568","45.41","43.89604","0.7567334"
"45.42","71.82439","0.757","45.42","43.95406","0.7569333"
"45.43","71.84029","0.7571667","45.43","44.01604","0.7571"
"45.44","71.8522","0.7573333","45.44","44.07565","0.7572667"
"45.45","71.86413","0.7575","45.45","44.13446","0.7574334"
"45.46","71.87605","0.7576666","45.46","44.19486","0.7576"
"45.47","71.884","0.7578","45.47","44.25446","0.7577667"
"45.48","71.87764","0.758","45.48","44.30532","0.7579667"
"45.49","71.86572","0.7581667","45.49","44.35301","0.7581334"
"45.5","71.85459","0.7583333","45.5","44.40308","0.7583"
"45.51","71.84982","0.7584667","45.51","44.45791","0.7584667"
"45.52","71.853","0.7586333","45.52","44.51354","0.7586"
"45.53","71.86333","0.7588","45.53","44.56918","0.7588"
"45.54","71.8681","0.7589667","45.54","44.62401","0.7589667"
"45.55","71.85936","0.7591333","45.55","44.67249","0.7591333"
"45.56","71.84347","0.7593","45.56","44.7162","0.7593"
"45.57","71.82757","0.7594666","45.57","44.7607","0.7594666"
"45.58","71.81724","0.7596334","45.58","44.81475","0.7596334"
"45.59","71.81406","0.7598","45.59","44.87832","0.7598"
"45.6","71.81406","0.7599667","45.6","44.93634","0.7599667"
"45.61","71.81406","0.7601333","45.61","44.98243","0.7601333"
"45.62","71.82042","0.7603","45.62","45.02376","0.7603"
"45.63","71.84505","0.7604667","45.63","45.06906","0.7604333"
"45.64","71.88241","0.7606667","45.64","45.11674","0.7606"
"45.65","71.91181","0.7608333","45.65","45.16522","0.7608"
"45.66","71.92056","0.7609667","45.66","45.21291","0.7609667"
"45.67","71.91658","0.7611333","45.67","45.26218","0.7611333"
"45.68","71.91261","0.7613","45.68","45.31384","0.7612666"
"45.69","71.90784","0.7614667","45.69","45.36788","0.7614667"
"45.7","71.89194","0.7616333","45.7","45.42271","0.7616333"
"45.71","71.87128","0.7618","45.71","45.47437","0.7617667"
"45.72","71.85698","0.7619333","45.72","45.51888","0.7619666"
"45.73","71.8522","0.7621334","45.73","45.56258","0.7621334"
"45.74","71.85062","0.7623","45.74","45.60153","0.7623"
"45.75","71.84744","0.7624667","45.75","45.63332","0.7624667"
"45.76","71.84505","0.7626667","45.76","45.66749","0.7626"
"45.77","71.84505","0.7628334","45.77","45.71756","0.7628"
"45.78","71.853","0.763","45.78","45.77319","0.7629667"
"45.79","71.87128","0.7631667","45.79","45.82087","0.7631"
"45.8","71.89115","0.7633333","45.8","45.85187","0.7633"
"45.81","71.90546","0.7635","45.81","45.8765","0.7634667"
"45.82","71.90942","0.7636334","45.82","45.89955","0.7636334"
"45.83","71.90942","0.7638","45.83","45.92736","0.7638"
"45.84","71.90466","0.7639667","45.84","45.96392","0.7639334"
"45.85","71.88638","0.7641333","45.85","46.00684","0.7641"
"45.86","71.85459","0.7643","45.86","46.04657","0.7642667"
"45.87","71.81168","0.7644667","45.87","46.08234","0.7644333"
"45.88","71.7632","0.7646334","45.88","46.11015","0.7646"
"45.89","71.71313","0.7648","45.89","46.12923","0.7648"
"45.9","71.67101","0.7649667","45.9","46.14909","0.7649333"
"45.91","71.6432","0.7651333","45.91","46.17929","0.7651"
"45.92","71.63206","0.7653","45.92","46.21824","0.7652667"
"45.93","71.62332","0.7654667","45.93","46.2532","0.7654334"
"45.94","71.60266","0.7656333","45.94","46.28341","0.7655666"
"45.95","71.56849","0.7658","45.95","46.31917","0.7657667"
"45.96","71.53511","0.766","45.96","46.35572","0.7659333"
"45.97","71.51524","0.7661667","45.97","46.3899","0.7661"
"45.98","71.51206","0.7663","45.98","46.42089","0.7663"
"45.99","71.51286","0.7664667","45.99","46.46142","0.7664667"
"46","71.51048","0.7666667","46","46.5099","0.7666333"
"46.01","71.50094","0.7668334","46.01","46.56315","0.7668"
"46.02","71.48505","0.767","46.02","46.61481","0.7669667"
"46.03","71.46517","0.7671667","46.03","46.66408","0.7671"
"46.04","71.45325","0.7673333","46.04","46.71574","0.7672667"
"46.05","71.44928","0.7675","46.05","46.76898","0.7674333"
"46.06","71.44212","0.7676333","46.06","46.81905","0.7676"
"46.07","71.41908","0.7678","46.07","46.85402","0.7677667"
"46.08","71.3849","0.768","46.08","46.87707","0.7679334"
"46.09","71.34517","0.7681667","46.09","46.89932","0.7681"
"46.1","71.30385","0.7683","46.1","46.93429","0.7682334"
"46.11","71.27603","0.7684667","46.11","46.97959","0.7684333"
"46.12","71.27126","0.7686667","46.12","47.02806","0.7686"
"46.13","71.2808","0.7688333","46.13","47.07177","0.7687333"
"46.14","71.28318","0.7689667","46.14","47.10833","0.7689"
"46.15","71.27682","0.7691666","46.15","47.1433","0.7691"
"46.16","71.2657","0.7693334","46.16","47.18701","0.7692667"
"46.17","71.2506","0.7694667","46.17","47.23946","0.7694333"
"46.18","71.22993","0.7696334","46.18","47.29668","0.7696"
"46.19","71.20689","0.7698","46.19","47.35629","0.7697667"
"46.2","71.18304","0.7699667","46.2","47.41589","0.7699333"
"46.21","71.15523","0.7701333","46.21","47.46675","0.7701333"
"46.22","71.12106","0.7703","46.22","47.50808","0.7703"
"46.23","71.09086","0.7704667","46.23","47.54305","0.7704667"
"46.24","71.07178","0.7706","46.24","47.58437","0.7706333"
"46.25","71.05907","0.7708","46.25","47.63444","0.7708"
"46.26","71.04715","0.7709666","46.26","47.68531","0.7709333"
"46.27","71.02887","0.7711334","46.27","47.73458","0.7711334"
"46.28","71.0098","0.7713","46.28","47.78147","0.7713"
"46.29","70.9947","0.7714667","46.29","47.82756","0.7714334"
"46.3","70.98436","0.7716333","46.3","47.87207","0.7716"
"46.31","70.97403","0.7718","46.31","47.91578","0.7717667"
"46.32","70.95972","0.7719667","46.32","47.96267","0.7719333"
"46.33","70.94621","0.7721667","46.33","48.00637","0.7721"
"46.34","70.9343","0.7723333","46.34","48.03975","0.7722667"
"46.35","70.92953","0.7725","46.35","48.06836","0.7724333"
"46.36","70.92714","0.7726667","46.36","48.10174","0.7726333"
"46.37","70.93032","0.7728333","46.37","48.1391","0.7728"
"46.38","70.93509","0.7729667","46.38","48.1828","0.7729667"
"46.39","70.9343","0.7731667","46.39","48.23287","0.7731333"
"46.4","70.9184","0.7733","46.4","48.28771","0.7733"
"46.41","70.88582","0.7734666","46.41","48.34254","0.7735"
"46.42","70.84449","0.7736","46.42","48.39182","0.7736334"
"46.43","70.7976","0.7737667","46.43","48.44109","0.7738"
"46.44","70.74594","0.7739334","46.44","48.48957","0.7739334"
"46.45","70.68396","0.7741","46.45","48.53646","0.7741"
"46.46","70.62038","0.7742667","46.46","48.58017","0.7743"
"46.47","70.57428","0.7744667","46.47","48.61673","0.7744667"
"46.48","70.55441","0.7746","46.48","48.64375","0.7746667"
"46.49","70.55124","0.7748","46.49","48.67077","0.7748"
"46.5","70.55362","0.775","46.5","48.71051","0.7749333"
"46.51","70.55839","0.7751334","46.51","48.76137","0.7751"
"46.52","70.56792","0.7753","46.52","48.80667","0.7752666"
"46.53","70.5862","0.7754667","46.53","48.83369","0.7754667"
"46.54","70.59972","0.7756","46.54","48.8472","0.7756333"
"46.55","70.5862","0.7758","46.55","48.85991","0.7757667"
"46.56","70.54011","0.7759667","46.56","48.88694","0.7759333"
"46.57","70.47495","0.7761","46.57","48.92826","0.7761334"
"46.58","70.40659","0.7762667","46.58","48.9672","0.7763"
"46.59","70.3454","0.7764333","46.59","48.99263","0.7764667"
"46.6","70.29852","0.7766333","46.6","49.01091","0.7766333"
"46.61","70.25481","0.7768","46.61","49.03396","0.7768"
"46.62","70.20553","0.7769667","46.62","49.06337","0.7769667"
"46.63","70.16103","0.7771333","46.63","49.09039","0.7771333"
"46.64","70.13559","0.7773333","46.64","49.11582","0.7773"
"46.65","70.12526","0.7775","46.65","49.13886","0.7774667"
"46.66","70.11732","0.7776667","46.66","49.16191","0.7776334"
"46.67","70.09665","0.7778333","46.67","49.18258","0.7778"
"46.68","70.05771","0.778","46.68","49.19688","0.7779667"
"46.69","69.99811","0.7782","46.69","49.208","0.7781333"
"46.7","69.92102","0.7783334","46.7","49.21516","0.7783"
"46.71","69.84313","0.7784667","46.71","49.2239","0.7784667"
"46.72","69.77558","0.7786","46.72","49.23105","0.7786"
"46.73","69.70406","0.7788","46.73","49.23582","0.7788"
"46.74","69.61346","0.779","46.74","49.24218","0.7789667"
"46.75","69.50935","0.7791333","46.75","49.25013","0.7791333"
"46.76","69.41319","0.7793","46.76","49.25569","0.7792667"
"46.77","69.33928","0.7795","46.77","49.25648","0.7794667"
"46.78","69.28285","0.7796667","46.78","49.2533","0.7796667"
"46.79","69.23278","0.7798333","46.79","49.24059","0.7798"
"46.8","69.17874","0.78","46.8","49.22628","0.7799667"
"46.81","69.1239","0.7801667","46.81","49.21436","0.7801334"
"46.82","69.07384","0.7803","46.82","49.20403","0.7802667"
"46.83","69.02297","0.7804667","46.83","49.18575","0.7804334"
"46.84","68.96178","0.7806666","46.84","49.15476","0.7806"
"46.85","68.88548","0.7808334","46.85","49.1182","0.7808"
"46.86","68.79886","0.781","46.86","49.08403","0.7809667"
"46.87","68.72336","0.7811667","46.87","49.06416","0.7811334"
"46.88","68.67409","0.7813333","46.88","49.06337","0.7812667"
"46.89","68.63515","0.7815","46.89","49.07767","0.7814667"
"46.9","68.59382","0.7816667","46.9","49.09277","0.7816333"
"46.91","68.54534","0.7818","46.91","49.1031","0.7818"
"46.92","68.49607","0.7819667","46.92","49.10946","0.782"
"46.93","68.45395","0.7821333","46.93","49.11661","0.7821667"
"46.94","68.41341","0.7822667","46.94","49.12774","0.7823"
"46.95","68.36653","0.7824667","46.95","49.14681","0.7824667"
"46.96","68.31725","0.7826334","46.96","49.17304","0.7826334"
"46.97","68.28149","0.7828","46.97","49.1937","0.7827667"
"46.98","68.25447","0.7829667","46.98","49.19926","0.7829334"
"46.99","68.2346","0.7831333","46.99","49.19608","0.7831"
"47","68.22665","0.7833","47","49.1937","0.7832667"
"47.01","68.22665","0.7834667","47.01","49.19847","0.7834333"
"47.02","68.22745","0.7836667","47.02","49.21119","0.7836334"
"47.03","68.22745","0.7838333","47.03","49.22946","0.7838"
"47.04","68.22507","0.7839667","47.04","49.25172","0.7839667"
"47.05","68.2203","0.7841333","47.05","49.27953","0.7841333"
"47.06","68.21156","0.7843","47.06","49.31768","0.7843"
"47.07","68.19884","0.7844667","47.07","49.3598","0.7844334"
"47.08","68.17023","0.7846333","47.08","49.40112","0.7846"
"47.09","68.13287","0.7848","47.09","49.4353","0.7847667"
"47.1","68.09393","0.785","47.1","49.46073","0.7849333"
"47.11","68.06215","0.7851667","47.11","49.48298","0.7851"
"47.12","68.03433","0.7853333","47.12","49.50444","0.7853"
"47.13","68.01526","0.7855","47.13","49.53225","0.7854667"
"47.14","68.00652","0.7856333","47.14","49.56802","0.7856333"
"47.15","67.9946","0.7858","47.15","49.61173","0.7858334"
"47.16","67.96121","0.7859667","47.16","49.65941","0.786"
"47.17","67.90559","0.7861333","47.17","49.70789","0.7861667"
"47.18","67.83883","0.7863","47.18","49.76273","0.7863"
"47.19","67.77684","0.7864667","47.19","49.82312","0.7864667"
"47.2","67.72279","0.7866333","47.2","49.87876","0.7866333"
"47.21","67.68306","0.7868","47.21","49.92008","0.7868"
"47.22","67.65286","0.7869334","47.22","49.95108","0.7869667"
"47.23","67.62981","0.7871333","47.23","49.97412","0.7871333"
"47.24","67.60597","0.7872667","47.24","49.99479","0.7873"
"47.25","67.57736","0.7874333","47.25","50.02101","0.7874667"
"47.26","67.5416","0.7876","47.26","50.05916","0.7876667"
"47.27","67.50504","0.7878","47.27","50.10684","0.7878"
"47.28","67.47404","0.7879667","47.28","50.15373","0.7879667"
"47.29","67.44703","0.7881333","47.29","50.19983","0.7881667"
"47.3","67.43113","0.7883","47.3","50.24751","0.7883"
"47.31","67.42796","0.7884667","47.31","50.29599","0.7884667"
"47.32","67.42875","0.7886333","47.32","50.33731","0.7886333"
"47.33","67.42875","0.7888","47.33","50.3691","0.7888"
"47.34","67.43113","0.789","47.34","50.39851","0.7889667"
"47.35","67.43829","0.7891334","47.35","50.43586","0.7891334"
"47.36","67.43829","0.7893333","47.36","50.48196","0.7893"
"47.37","67.42239","0.7894667","47.37","50.53361","0.7894667"
"47.38","67.39458","0.7896333","47.38","50.58448","0.7896333"
"47.39","67.36597","0.7898","47.39","50.63375","0.7898"
"47.4","67.33497","0.7899333","47.4","50.67825","0.7899667"
"47.41","67.29364","0.7901","47.41","50.70925","0.7901334"
"47.42","67.24676","0.7903","47.42","50.7323","0.7903"
"47.43","67.20622","0.7904667","47.43","50.75932","0.7904667"
"47.44","67.18079","0.7906333","47.44","50.79587","0.7906"
"47.45","67.16966","0.7908","47.45","50.83958","0.7908"
"47.46","67.16649","0.7909667","47.46","50.89204","0.7909667"
"47.47","67.16728","0.7911333","47.47","50.94926","0.7911333"
"47.48","67.16887","0.7912667","47.48","51.0025","0.7913"
"47.49","67.1649","0.7914333","47.49","51.04383","0.7914667"
"47.5","67.15536","0.7916","47.5","51.08118","0.7916334"
"47.51","67.13549","0.7918","47.51","51.1233","0.7918"
"47.52","67.10768","0.7919334","47.52","51.16701","0.7919334"
"47.53","67.07589","0.7921333","47.53","51.20913","0.7921333"
"47.54","67.05522","0.7923","47.54","51.25046","0.7923"
"47.55","67.05046","0.7924667","47.55","51.29576","0.7924667"
"47.56","67.05284","0.7926334","47.56","51.33788","0.7926334"
"47.57","67.04728","0.7928333","47.57","51.38079","0.7928"
"47.58","67.02979","0.7929667","47.58","51.42689","0.7929667"
"47.59","67.00913","0.7931333","47.59","51.48013","0.7931333"
"47.6","66.99483","0.7933","47.6","51.53497","0.7933"
"47.61","66.9829","0.7934667","47.61","51.58265","0.7934667"
"47.62","66.96304","0.7936333","47.62","51.6216","0.7936333"
"47.63","66.93522","0.7938","47.63","51.65815","0.7938"
"47.64","66.9082","0.7939667","47.64","51.69471","0.7939667"
"47.65","66.88674","0.7941334","47.65","51.73683","0.7941334"
"47.66","66.85973","0.7943","47.66","51.77975","0.7943"
"47.67","66.82555","0.7944667","47.67","51.81869","0.7944667"
"47.68","66.78899","0.7946333","47.68","51.85207","0.7946333"
"47.69","66.75641","0.7948334","47.69","51.88783","0.7948"
"47.7","66.73097","0.7949667","47.7","51.92995","0.7949667"
"47.71","66.7127","0.7951334","47.71","51.97763","0.7951334"
"47.72","66.70554","0.7953","47.72","52.02611","0.7952667"
"47.73","66.70078","0.7954667","47.73","52.07459","0.7954333"
"47.74","66.68806","0.7956333","47.74","52.11909","0.7956"
"47.75","66.65945","0.7957667","47.75","52.1493","0.7958"
"47.76","66.61813","0.7959334","47.76","52.1636","0.7959334"
"47.77","66.57282","0.7961333","47.77","52.17552","0.7961333"
"47.78","66.52991","0.7963","47.78","52.19539","0.7963"
"47.79","66.49415","0.7964666","47.79","52.22718","0.7964666"
"47.8","66.46712","0.7966334","47.8","52.26612","0.7966334"
"47.81","66.45521","0.7968","47.81","52.30745","0.7968"
"47.82","66.456","0.797","47.82","52.34877","0.7969667"
"47.83","66.45361","0.7971333","47.83","52.38533","0.7971333"
"47.84","66.44408","0.7973","47.84","52.41315","0.7972667"
"47.85","66.43693","0.7974667","47.85","52.42904","0.7974333"
"47.86","66.43057","0.7976333","47.86","52.43222","0.7976333"
"47.87","66.41467","0.7978","47.87","52.42507","0.7977667"
"47.88","66.38527","0.7979333","47.88","52.41553","0.7979333"
"47.89","66.3503","0.7981","47.89","52.40838","0.7981"
"47.9","66.31056","0.7983","47.9","52.39964","0.7982666"
"47.91","66.27242","0.7984667","47.91","52.37977","0.7984667"
"47.92","66.23984","0.7986333","47.92","52.34957","0.7986"
"47.93","66.21679","0.7987667","47.93","52.31778","0.7988"
"47.94","66.20725","0.7989666","47.94","52.28758","0.7989666"
"47.95","66.20963","0.7991334","47.95","52.25817","0.7991334"
"47.96","66.20566","0.7993","47.96","52.21844","0.7992667"
"47.97","66.18977","0.7994667","47.97","52.16281","0.7994334"
"47.98","66.17387","0.7996333","47.98","52.10161","0.7996"
"47.99","66.16672","0.7998","47.99","52.04201","0.7997667"
"48","66.16036","0.7999667","48","51.9824","0.7999667"
"48.01","66.14606","0.8001333","48.01","51.92916","0.8001333"
"48.02","66.12062","0.8003","48.02","51.8926","0.8003"
"48.03","66.08645","0.8004667","48.03","51.87432","0.8004667"
"48.04","66.05625","0.8006","48.04","51.86478","0.8006334"
"48.05","66.0332","0.8007666","48.05","51.85843","0.8008"
"48.06","66.01492","0.8009334","48.06","51.85207","0.8009667"
"48.07","65.98791","0.8011","48.07","51.84968","0.8011333"
"48.08","65.94896","0.8012667","48.08","51.85127","0.8013"
"48.09","65.90525","0.8014333","48.09","51.8465","0.8015"
"48.1","65.86631","0.8016","48.1","51.83935","0.8016667"
"48.11","65.83214","0.8018","48.11","51.83776","0.8018"
"48.12","65.80194","0.8019667","48.12","51.84889","0.802"
"48.13","65.78048","0.8021333","48.13","51.87035","0.8021667"
"48.14","65.76538","0.8023","48.14","51.89657","0.8023"
"48.15","65.75426","0.8024667","48.15","51.91962","0.8024667"
"48.16","65.74472","0.8026333","48.16","51.93631","0.8026333"
"48.17","65.73359","0.8028","48.17","51.94505","0.8028"
"48.18","65.70578","0.8029333","48.18","51.94267","0.8029667"
"48.19","65.6573","0.8031","48.19","51.94108","0.8031334"
"48.2","65.59769","0.8032667","48.2","51.95061","0.8033"
"48.21","65.53571","0.8034334","48.21","51.97366","0.8034667"
"48.22","65.47212","0.8036","48.22","52.00704","0.8036667"
"48.23","65.41411","0.8037667","48.23","52.04678","0.8038334"
"48.24","65.36881","0.8039333","48.24","52.0881","0.8039667"
"48.25","65.33861","0.8041334","48.25","52.12863","0.8041334"
"48.26","65.32034","0.8043","48.26","52.16758","0.8043"
"48.27","65.3092","0.8044667","48.27","52.20652","0.8044667"
"48.28","65.30364","0.8046","48.28","52.23513","0.8046333"
"48.29","65.30444","0.8048","48.29","52.25341","0.8048"
"48.3","65.30444","0.8049667","48.3","52.2693","0.8049334"
"48.31","65.29013","0.8051333","48.31","52.29632","0.8051"
"48.32","65.25358","0.8053","48.32","52.33049","0.8052667"
"48.33","65.20509","0.8054667","48.33","52.36785","0.8054333"
"48.34","65.16377","0.8056334","48.34","52.40202","0.8056"
"48.35","65.13596","0.8058","48.35","52.4346","0.8057667"
"48.36","65.11609","0.806","48.36","52.46878","0.8059334"
"48.37","65.09781","0.8061333","48.37","52.50692","0.8061"
"48.38","65.07953","0.8063","48.38","52.54586","0.8063"
"48.39","65.0692","0.8064667","48.39","52.58322","0.8064667"
"48.4","65.06364","0.8066334","48.4","52.61819","0.8066667"
"48.41","65.05331","0.8068","48.41","52.65713","0.8068333"
"48.42","65.0247","0.8069667","48.42","52.70084","0.807"
"48.43","64.98337","0.8071333","48.43","52.75488","0.8071333"
"48.44","64.94125","0.8073","48.44","52.81448","0.8073"
"48.45","64.90231","0.8074667","48.45","52.8717","0.8075"
"48.46","64.8729","0.8076333","48.46","52.90667","0.8076333"
"48.47","64.85223","0.8078","48.47","52.90906","0.8078"
"48.48","64.82919","0.8079666","48.48","52.89555","0.8079333"
"48.49","64.79979","0.8081","48.49","52.88919","0.8081"
"48.5","64.7672","0.8083","48.5","52.89475","0.8082667"
"48.51","64.73462","0.8084667","48.51","52.89555","0.8084334"
"48.52","64.69647","0.8086666","48.52","52.88601","0.8086"
"48.53","64.65753","0.8088","48.53","52.87727","0.8087333"
"48.54","64.63607","0.809","48.54","52.88203","0.8089333"
"48.55","64.63686","0.8091334","48.55","52.90031","0.8091334"
"48.56","64.64799","0.8093333","48.56","52.92098","0.8092667"
"48.57","64.64084","0.8095","48.57","52.93687","0.8094667"
"48.58","64.61143","0.8096667","48.58","52.95913","0.8096"
"48.59","64.57408","0.8098333","48.59","52.99568","0.8097667"
"48.6","64.5423","0.8099667","48.6","53.03144","0.8099667"
"48.61","64.51925","0.8101667","48.61","53.04893","0.8101333"
"48.62","64.49699","0.8103","48.62","53.05211","0.8103"
"48.63","64.46441","0.8104333","48.63","53.06244","0.8104666"
"48.64","64.41434","0.8106334","48.64","53.09105","0.8106334"
"48.65","64.35394","0.8108","48.65","53.1292","0.8107667"
"48.66","64.28957","0.8109667","48.66","53.16337","0.8109667"
"48.67","64.22997","0.8111333","48.67","53.19198","0.8111333"
"48.68","64.18944","0.8113","48.68","53.219","0.8112667"
"48.69","64.17513","0.8114333","48.69","53.23887","0.8114333"
"48.7","64.16639","0.8116","48.7","53.25397","0.8116"
"48.71","64.14255","0.8118","48.71","53.27145","0.8118"
"48.72","64.09963","0.8119333","48.72","53.28973","0.8119333"
"48.73","64.04479","0.8121334","48.73","53.30404","0.8121"
"48.74","63.99552","0.8123","48.74","53.31755","0.8122666"
"48.75","63.95737","0.8124667","48.75","53.33106","0.8124334"
"48.76","63.93433","0.8126333","48.76","53.34775","0.8126"
"48.77","63.91764","0.8128","48.77","53.37238","0.8128"
"48.78","63.90254","0.8129333","48.78","53.40656","0.8129667"
"48.79","63.87949","0.8131","48.79","53.43914","0.8131334"
"48.8","63.83975","0.8132667","48.8","53.46854","0.8133"
"48.81","63.7873","0.8134667","48.81","53.49874","0.8134667"
"48.82","63.73405","0.8136333","48.82","53.5353","0.8136333"
"48.83","63.69035","0.8138","48.83","53.57504","0.8138"
"48.84","63.66332","0.8139667","48.84","53.62034","0.8139667"
"48.85","63.65697","0.8141667","48.85","53.66246","0.8141333"
"48.86","63.66174","0.8143","48.86","53.69663","0.8143"
"48.87","63.66809","0.8144667","48.87","53.72524","0.8144667"
"48.88","63.6673","0.8146334","48.88","53.75783","0.8146667"
"48.89","63.66174","0.8148","48.89","53.79915","0.8148333"
"48.9","63.64346","0.8149667","48.9","53.84048","0.815"
"48.91","63.60133","0.8151333","48.91","53.87306","0.8151667"
"48.92","63.54332","0.8153","48.92","53.90088","0.8153"
"48.93","63.49405","0.8154667","48.93","53.93028","0.8154667"
"48.94","63.46862","0.8156334","48.94","53.97081","0.8156334"
"48.95","63.4567","0.8158","48.95","54.00975","0.8157667"
"48.96","63.4408","0.8159333","48.96","54.03996","0.8159667"
"48.97","63.41616","0.8161","48.97","54.06539","0.8161"
"48.98","63.38279","0.8163","48.98","54.08923","0.8162667"
"48.99","63.34384","0.8164334","48.99","54.1091","0.8164667"
"49","63.30013","0.8166","49","54.12102","0.8166"
"49.01","63.25881","0.8167667","49.01","54.1385","0.8168"
"49.02","63.22702","0.8169333","49.02","54.16632","0.8169667"
"49.03","63.2","0.8171","49.03","54.20605","0.8171334"
"49.04","63.16741","0.8172667","49.04","54.25374","0.8173"
"49.05","63.13165","0.8174667","49.05","54.30222","0.8174667"
"49.06","63.10622","0.8176333","49.06","54.33798","0.8176"
"49.07","63.09589","0.8178","49.07","54.35705","0.8177667"
"49.08","63.09589","0.818","49.08","54.37136","0.8179333"
"49.09","63.10065","0.8181334","49.09","54.38964","0.8181"
"49.1","63.10145","0.8183","49.1","54.40474","0.8183"
"49.11","63.0943","0.8184667","49.11","54.41507","0.8184333"
"49.12","63.0784","0.8186333","49.12","54.43255","0.8186"
"49.13","63.05297","0.8188","49.13","54.46672","0.8188"
"49.14","63.01801","0.8189667","49.14","54.516","0.8189667"
"49.15","62.97747","0.8191","49.15","54.56765","0.8191333"
"49.16","62.93217","0.8192667","49.16","54.61693","0.8193"
"49.17","62.88131","0.8194667","49.17","54.67336","0.8194667"
"49.18","62.82409","0.8196334","49.18","54.72898","0.8196334"
"49.19","62.77482","0.8198","49.19","54.77269","0.8197667"
"49.2","62.74303","0.8199667","49.2","54.8021","0.8199334"
"49.21","62.72316","0.8201666","49.21","54.83627","0.8201"
"49.22","62.70885","0.8203334","49.22","54.87521","0.8203"
"49.23","62.69455","0.8205","49.23","54.9078","0.8204667"
"49.24","62.67945","0.8206667","49.24","54.93562","0.8206334"
"49.25","62.66753","0.8208333","49.25","54.97615","0.8208"
"49.26","62.65322","0.8209667","49.26","55.03654","0.8209667"
"49.27","62.63018","0.8211667","49.27","55.10966","0.8211667"
"49.28","62.59362","0.8213333","49.28","55.18357","0.8213333"
"49.29","62.54832","0.8215","49.29","55.25112","0.8214667"
"49.3","62.50461","0.8216333","49.3","55.30914","0.8216"
"49.31","62.47044","0.8218","49.31","55.36","0.8217667"
"49.32","62.44024","0.8219333","49.32","55.39815","0.8219333"
"49.33","62.40129","0.8221334","49.33","55.41961","0.8221"
"49.34","62.34805","0.8223","49.34","55.43709","0.8222667"
"49.35","62.28685","0.8224667","49.35","55.4657","0.8224334"
"49.36","62.23599","0.8226333","49.36","55.50623","0.8226"
"49.37","62.20023","0.8228","49.37","55.55312","0.8227667"
"49.38","62.18592","0.8229667","49.38","55.60716","0.8229333"
"49.39","62.18751","0.8231333","49.39","55.66041","0.8231"
"49.4","62.19546","0.8233","49.4","55.70571","0.8233"
"49.41","62.19705","0.8234333","49.41","55.74306","0.8234667"
"49.42","62.18751","0.8236","49.42","55.77882","0.8236333"
"49.43","62.174","0.8237666","49.43","55.82094","0.8238"
"49.44","62.15334","0.8239334","49.44","55.87816","0.8239667"
"49.45","62.12314","0.8241667","49.45","55.9473","0.8241333"
"49.46","62.08658","0.8243334","49.46","56.01406","0.8243"
"49.47","62.05797","0.8245","49.47","56.0689","0.8244667"
"49.48","62.05479","0.8247","49.48","56.11261","0.8246"
"49.49","62.07307","0.8248333","49.49","56.15632","0.8248"
"49.5","62.09691","0.825","49.5","56.19685","0.8249667"
"49.51","62.1144","0.8251667","49.51","56.23182","0.8251"
"49.52","62.11678","0.8253","49.52","56.26202","0.8252667"
"49.53","62.10009","0.8255","49.53","56.29142","0.8254333"
"49.54","62.06592","0.8256333","49.54","56.32162","0.8256"
"49.55","62.02459","0.8258","49.55","56.34626","0.8257667"
"49.56","61.98088","0.8259667","49.56","56.37169","0.8259333"
"49.57","61.93797","0.8261334","49.57","56.40825","0.8261"
"49.58","61.90141","0.8263","49.58","56.45434","0.8262666"
"49.59","61.87121","0.8264667","49.59","56.50203","0.8264334"
"49.6","61.84657","0.8266333","49.6","56.54414","0.8266"
"49.61","61.83068","0.8268","49.61","56.58467","0.8267667"
"49.62","61.82591","0.827","49.62","56.62839","0.8269333"
"49.63","61.82273","0.8271667","49.63","56.67925","0.8271"
"49.64","61.80922","0.8273333","49.64","56.7317","0.8272667"
"49.65","61.79094","0.8275","49.65","56.77938","0.8274333"
"49.66","61.78458","0.8276333","49.66","56.82071","0.8276"
"49.67","61.79174","0.8278","49.67","56.85806","0.8278"
"49.68","61.79333","0.8279334","49.68","56.897","0.8279667"
"49.69","61.77505","0.8281333","49.69","56.94548","0.8281333"
"49.7","61.7377","0.8283","49.7","57.00509","0.8283"
"49.71","61.6924","0.8284667","49.71","57.07423","0.8284667"
"49.72","61.64948","0.8286334","49.72","57.14496","0.8286334"
"49.73","61.62167","0.8288","49.73","57.20456","0.8288"
"49.74","61.61372","0.8289667","49.74","57.24828","0.8289667"
"49.75","61.61849","0.8291333","49.75","57.28642","0.8291"
"49.76","61.62643","0.8293334","49.76","57.32298","0.8292667"
"49.77","61.63438","0.8295","49.77","57.36033","0.8294333"
"49.78","61.63756","0.8296667","49.78","57.3945","0.8296"
"49.79","61.64153","0.8298333","49.79","57.41755","0.8297667"
"49.8","61.64392","0.8299667","49.8","57.43583","0.8299333"
"49.81","61.63676","0.8301333","49.81","57.45252","0.8301"
"49.82","61.61849","0.8303","49.82","57.47239","0.8302667"
"49.83","61.59306","0.8304667","49.83","57.5002","0.8304667"
"49.84","61.56445","0.8306333","49.84","57.54789","0.8306333"
"49.85","61.53584","0.8308","49.85","57.61703","0.8308"
"49.86","61.51279","0.8309667","49.86","57.69571","0.8309333"
"49.87","61.50007","0.8311334","49.87","57.77518","0.8311334"
"49.88","61.48656","0.8313","49.88","57.84432","0.8313"
"49.89","61.46272","0.8315","49.89","57.89439","0.8314667"
"49.9","61.43332","0.8316666","49.9","57.92459","0.8316333"
"49.91","61.42219","0.8318","49.91","57.95479","0.8317667"
"49.92","61.43093","0.832","49.92","57.9985","0.8319333"
"49.93","61.43808","0.8321667","49.93","58.05095","0.8321334"
"49.94","61.43332","0.8323333","49.94","58.10102","0.8323"
"49.95","61.4198","0.8324667","49.95","58.14473","0.8324667"
"49.96","61.40947","0.8326333","49.96","58.18605","0.8326"
"49.97","61.40073","0.8328","49.97","58.23056","0.8327667"
"49.98","61.38881","0.8329667","49.98","58.28301","0.8329334"
"49.99","61.36258","0.8331333","49.99","58.33546","0.8331"
"50","61.32523","0.8333","50","58.38076","0.8332667"
"50.01","61.28629","0.8335","50.01","58.4205","0.8334333"
"50.02","61.25848","0.8336667","50.02","58.46024","0.8336"
"50.03","61.24496","0.8338333","50.03","58.50792","0.8337667"
"50.04","61.24337","0.8339667","50.04","58.5564","0.8339334"
"50.05","61.25132","0.8341333","50.05","58.59931","0.8341"
"50.06","61.25848","0.8343","50.06","58.63349","0.8342667"
"50.07","61.24973","0.8344667","50.07","58.6613","0.8344333"
"50.08","61.22192","0.8346667","50.08","58.6915","0.8346"
"50.09","61.18536","0.8348333","50.09","58.72806","0.8347334"
"50.1","61.15516","0.835","50.1","58.77415","0.8349333"
"50.11","61.14165","0.8351667","50.11","58.82899","0.8351"
"50.12","61.14165","0.8353333","50.12","58.88383","0.8352666"
"50.13","61.14642","0.8355","50.13","58.92913","0.8354667"
"50.14","61.14801","0.8356667","50.14","58.96727","0.8356333"
"50.15","61.14165","0.8358334","50.15","59.0086","0.8358"
"50.16","61.12576","0.836","50.16","59.06264","0.8359333"
"50.17","61.10668","0.8361667","50.17","59.12225","0.8361334"
"50.18","61.08602","0.8363333","50.18","59.17152","0.8362667"
"50.19","61.06615","0.8364667","50.19","59.20331","0.8364334"
"50.2","61.04469","0.8366333","50.2","59.2192","0.8366"
"50.21","61.01767","0.8368","50.21","59.23112","0.8367667"
"50.22","60.98111","0.8369667","50.22","59.24225","0.8369333"
"50.23","60.94615","0.8371333","50.23","59.25338","0.8371"
"50.24","60.92628","0.8373","50.24","59.26688","0.8372667"
"50.25","60.92787","0.8375","50.25","59.28755","0.8374333"
"50.26","60.94138","0.8376667","50.26","59.31298","0.8376"
"50.27","60.95092","0.8378333","50.27","59.34318","0.8377666"
"50.28","60.95092","0.838","50.28","59.37099","0.8379334"
"50.29","60.95092","0.8381667","50.29","59.38927","0.8381"
"50.3","60.96284","0.8383334","50.3","59.39722","0.8382667"
"50.31","60.9835","0.8384667","50.31","59.40437","0.8384333"
"50.32","60.98827","0.8386334","50.32","59.4147","0.8386"
"50.33","60.96204","0.8388","50.33","59.42265","0.8387667"
"50.34","60.92151","0.8389667","50.34","59.41232","0.8389333"
"50.35","60.88734","0.8391333","50.35","59.39086","0.8391"
"50.36","60.87065","0.8393","50.36","59.36623","0.8392667"
"50.37","60.86667","0.8395","50.37","59.35192","0.8394334"
"50.38","60.87065","0.8396667","50.38","59.34318","0.8396"
"50.39","60.87542","0.8398","50.39","59.33603","0.8397667"
"50.4","60.88018","0.8399667","50.4","59.32649","0.8399667"
"50.41","60.88416","0.8401334","50.41","59.32172","0.8401334"
"50.42","60.88257","0.8403","50.42","59.3241","0.8402667"
"50.43","60.87144","0.8404667","50.43","59.33523","0.8404667"
"50.44","60.8476","0.8406333","50.44","59.3559","0.8406"
"50.45","60.81979","0.8408334","50.45","59.38371","0.8407667"
"50.46","60.79992","0.841","50.46","59.41153","0.8409333"
"50.47","60.79594","0.8411667","50.47","59.43298","0.8411"
"50.48","60.80627","0.8413","50.48","59.44808","0.8412667"
"50.49","60.8182","0.8414667","50.49","59.45523","0.8414333"
"50.5","60.82058","0.8416333","50.5","59.46","0.8416"
"50.51","60.81184","0.8418","50.51","59.46954","0.8417667"
"50.52","60.79276","0.8419667","50.52","59.48703","0.8419334"
"50.53","60.76257","0.8421667","50.53","59.51087","0.8421"
"50.54","60.72442","0.8423","50.54","59.54742","0.8422667"
"50.55","60.69263","0.8424667","50.55","59.58636","0.8424667"
"50.56","60.67594","0.8426334","50.56","59.61816","0.8426334"
"50.57","60.67117","0.8428","50.57","59.64279","0.8428333"
"50.58","60.66243","0.8429667","50.58","59.6714","0.843"
"50.59","60.64336","0.8431333","50.59","59.70796","0.8431666"
"50.6","60.62031","0.8433","50.6","59.74452","0.8433334"
"50.61","60.59726","0.8435","50.61","59.77631","0.8434667"
"50.62","60.5766","0.8436667","50.62","59.81128","0.8436667"
"50.63","60.55911","0.8438","50.63","59.84465","0.8438333"
"50.64","60.54958","0.8439667","50.64","59.86214","0.8439667"
"50.65","60.54242","0.8441333","50.65","59.86611","0.8441333"
"50.66","60.52971","0.8443","50.66","59.87247","0.8443"
"50.67","60.50587","0.8444667","50.67","59.89313","0.8444667"
"50.68","60.46931","0.8446","50.68","59.92095","0.8446333"
"50.69","60.43275","0.8448","50.69","59.94241","0.8448"
"50.7","60.40812","0.8449667","50.7","59.95989","0.8449667"
"50.71","60.39779","0.8451334","50.71","59.97658","0.8451"
"50.72","60.38904","0.8453","50.72","59.99486","0.8453"
"50.73","60.37315","0.8454667","50.73","60.01313","0.8454334"
"50.74","60.35884","0.8456333","50.74","60.0338","0.8456"
"50.75","60.35169","0.8458","50.75","60.06161","0.8457667"
"50.76","60.35169","0.8459667","50.76","60.09579","0.8459333"
"50.77","60.34613","0.8461334","50.77","60.12599","0.8461"
"50.78","60.33659","0.8463333","50.78","60.14665","0.8462667"
"50.79","60.32308","0.8465","50.79","60.1689","0.8464333"
"50.8","60.30957","0.8466667","50.8","60.20069","0.8466333"
"50.81","60.29924","0.8468333","50.81","60.23804","0.8468"
"50.82","60.29685","0.847","50.82","60.28175","0.8469667"
"50.83","60.30003","0.8471667","50.83","60.33421","0.8471"
"50.84","60.29765","0.8473334","50.84","60.39302","0.8472667"
"50.85","60.28334","0.8474666","50.85","60.44229","0.8474333"
"50.86","60.25871","0.8476667","50.86","60.47885","0.8476"
"50.87","60.23009","0.8478","50.87","60.50189","0.8478"
"50.88","60.19354","0.8479667","50.88","60.51938","0.8479667"
"50.89","60.15539","0.8481333","50.89","60.54004","0.8481333"
"50.9","60.12042","0.8483","50.9","60.57501","0.8482667"
"50.91","60.08784","0.8484667","50.91","60.62587","0.8484333"
"50.92","60.05446","0.8486333","50.92","60.67197","0.8486"
"50.93","60.01949","0.8488","50.93","60.70296","0.8487667"
"50.94","59.98929","0.849","50.94","60.71727","0.8489"
"50.95","59.96863","0.8491334","50.95","60.7268","0.8491"
"50.96","59.96068","0.8493333","50.96","60.73793","0.8492666"
"50.97","59.96625","0.8494667","50.97","60.74746","0.8494334"
"50.98","59.97658","0.8496667","50.98","60.75621","0.8496333"
"50.99","59.98294","0.8498334","50.99","60.76574","0.8497667"
"51","59.97578","0.85","51","60.78323","0.8499333"
"51.01","59.95591","0.8501667","51.01","60.81104","0.8501334"
"51.02","59.93446","0.8503","51.02","60.84283","0.8503"
"51.03","59.91618","0.8504667","51.03","60.86588","0.8504667"
"51.04","59.89552","0.8506333","51.04","60.88257","0.8506333"
"51.05","59.87008","0.8508334","51.05","60.91197","0.8508"
"51.06","59.84068","0.851","51.06","60.95568","0.8509333"
"51.07","59.81843","0.8511333","51.07","60.99463","0.8511"
"51.08","59.80889","0.8513","51.08","61.00814","0.8512667"
"51.09","59.81048","0.8514667","51.09","60.99542","0.8514667"
"51.1","59.81128","0.8516334","51.1","60.96999","0.8516334"
"51.11","59.80174","0.8518","51.11","60.94853","0.8518"
"51.12","59.78584","0.852","51.12","60.94853","0.8519334"
"51.13","59.77472","0.8521333","51.13","60.97158","0.8521"
"51.14","59.77869","0.8523334","51.14","61.00019","0.8523"
"51.15","59.7922","0.8524667","51.15","61.0137","0.8524667"
"51.16","59.79935","0.8526334","51.16","61.00575","0.8526"
"51.17","59.79538","0.8528","51.17","60.99065","0.8527667"
"51.18","59.78267","0.8529667","51.18","60.97714","0.8529333"
"51.19","59.76121","0.8531333","51.19","60.95807","0.8531"
"51.2","59.73737","0.8532667","51.2","60.91754","0.8532667"
"51.21","59.71432","0.8534334","51.21","60.8619","0.8534334"
"51.22","59.69922","0.8536333","51.22","60.80945","0.8536"
"51.23","59.68888","0.8538","51.23","60.77528","0.8537334"
"51.24","59.6714","0.854","51.24","60.75859","0.8539333"
"51.25","59.65471","0.8541667","51.25","60.74905","0.8541"
"51.26","59.65948","0.8543","51.26","60.73793","0.8542667"
"51.27","59.69127","0.8544667","51.27","60.72601","0.8544667"
"51.28","59.72306","0.8546333","51.28","60.71727","0.8546333"
"51.29","59.72783","0.8548","51.29","60.72362","0.8548"
"51.3","59.69683","0.8549333","51.3","60.74508","0.8549667"
"51.31","59.64756","0.8551","51.31","60.7729","0.8551"
"51.32","59.59352","0.8552667","51.32","60.78879","0.8552667"
"51.33","59.54981","0.8554333","51.33","60.78641","0.8554333"
"51.34","59.52199","0.8556333","51.34","60.76813","0.8556"
"51.35","59.5061","0.8558","51.35","60.74429","0.8557667"
"51.36","59.49497","0.8559667","51.36","60.72203","0.8559334"
"51.37","59.4902","0.8561333","51.37","60.71488","0.8561333"
"51.38","59.49418","0.8563333","51.38","60.7268","0.8563"
"51.39","59.49895","0.8565","51.39","60.76018","0.8564667"
"51.4","59.49815","0.8566334","51.4","60.80707","0.8566334"
"51.41","59.4902","0.8568333","51.41","60.86111","0.8568"
"51.42","59.48464","0.857","51.42","60.91277","0.857"
"51.43","59.46954","0.8571333","51.43","60.95568","0.8571666"
"51.44","59.43696","0.8573","51.44","60.98747","0.8573"
"51.45","59.38689","0.8574667","51.45","61.01052","0.8574667"
"51.46","59.32967","0.8576667","51.46","61.03436","0.8576334"
"51.47","59.27404","0.8578","51.47","61.06774","0.8578"
"51.48","59.22556","0.8579667","51.48","61.1043","0.8579333"
"51.49","59.19139","0.8581333","51.49","61.13211","0.8581"
"51.5","59.16834","0.8583","51.5","61.14244","0.8582667"
"51.51","59.14529","0.8584667","51.51","61.14404","0.8584334"
"51.52","59.11589","0.8586333","51.52","61.14801","0.8586333"
"51.53","59.0841","0.8588","51.53","61.16311","0.8588"
"51.54","59.06026","0.8589666","51.54","61.19172","0.859"
"51.55","59.04754","0.8591334","51.55","61.23066","0.8591667"
"51.56","59.04515","0.8593","51.56","61.27517","0.8593"
"51.57","59.04515","0.8594667","51.57","61.32285","0.8594667"
"51.58","59.04277","0.8596333","51.58","61.37053","0.8596333"
"51.59","59.03959","0.8598","51.59","61.4055","0.8598"
"51.6","59.02926","0.86","51.6","61.42378","0.86"
"51.61","59.01734","0.8601667","51.61","61.42696","0.8601667"
"51.62","59.01654","0.8603333","51.62","61.42378","0.8603333"
"51.63","59.03244","0.8604667","51.63","61.42855","0.8605"
"51.64","59.0531","0.8606333","51.64","61.44921","0.8606667"
"51.65","59.0531","0.8608","51.65","61.47861","0.8608333"
"51.66","59.02608","0.8609667","51.66","61.50405","0.8609667"
"51.67","58.98317","0.8611333","51.67","61.51994","0.8611667"
"51.68","58.94582","0.8613","51.68","61.53424","0.8613334"
"51.69","58.92754","0.8614667","51.69","61.56127","0.8615"
"51.7","58.92595","0.8616667","51.7","61.59782","0.8616334"
"51.71","58.93151","0.8618333","51.71","61.63915","0.8618"
"51.72","58.93628","0.8619667","51.72","61.68286","0.8619667"
"51.73","58.93946","0.8621333","51.73","61.7218","0.8621333"
"51.74","58.94423","0.8623","51.74","61.74723","0.8623"
"51.75","58.94423","0.8624667","51.75","61.76313","0.8624667"
"51.76","58.92913","0.8626333","51.76","61.78617","0.8626"
"51.77","58.90528","0.8628333","51.77","61.8275","0.8628"
"51.78","58.89098","0.863","51.78","61.87995","0.8629667"
"51.79","58.887","0.8631667","51.79","61.92923","0.8631334"
"51.8","58.89495","0.8633333","51.8","61.98088","0.8633"
"51.81","58.918","0.8635","51.81","62.04367","0.8634667"
"51.82","58.94343","0.8636667","51.82","62.11758","0.8636333"
"51.83","58.9482","0.8638667","51.83","62.18592","0.8638"
"51.84","58.92754","0.864","51.84","62.23679","0.8639667"
"51.85","58.90052","0.8641667","51.85","62.27573","0.8641334"
"51.86","58.88383","0.8643","51.86","62.32182","0.8643"
"51.87","58.87906","0.8644667","51.87","62.38461","0.8644667"
"51.88","58.87191","0.8646","51.88","62.45375","0.8646"
"51.89","58.84886","0.8647667","51.89","62.5213","0.8648"
"51.9","58.80753","0.8649","51.9","62.5809","0.8649667"
"51.91","58.76462","0.8651","51.91","62.62859","0.8651333"
"51.92","58.73203","0.8653","51.92","62.66515","0.8653"
"51.93","58.70978","0.8654333","51.93","62.7025","0.8654667"
"51.94","58.7074","0.8656334","51.94","62.75256","0.8656334"
"51.95","58.73283","0.8658","51.95","62.82091","0.8658"
"51.96","58.77813","0.8659667","51.96","62.89482","0.8659667"
"51.97","58.82422","0.8661667","51.97","62.96158","0.8661333"
"51.98","58.86078","0.8663","51.98","63.01562","0.8663"
"51.99","58.89575","0.8664667","51.99","63.06489","0.8664333"
"52","58.92754","0.8666334","52","63.11734","0.8666"
"52.01","58.94661","0.8668","52.01","63.16821","0.8667667"
"52.02","58.94423","0.8669667","52.02","63.21112","0.8669667"
"52.03","58.92515","0.8671333","52.03","63.24768","0.8671333"
"52.04","58.9021","0.8672667","52.04","63.28742","0.8673"
"52.05","58.887","0.8674334","52.05","63.3359","0.8674667"
"52.06","58.87667","0.8676333","52.06","63.39312","0.8676333"
"52.07","58.8568","0.8678","52.07","63.45272","0.8678"
"52.08","58.82819","0.868","52.08","63.51153","0.8679667"
"52.09","58.79879","0.8681334","52.09","63.56478","0.8681334"
"52.1","58.78925","0.8683","52.1","63.61723","0.8683"
"52.11","58.80197","0.8685","52.11","63.67445","0.8684667"
"52.12","58.82502","0.8686666","52.12","63.73644","0.8686"
"52.13","58.8425","0.8688334","52.13","63.78889","0.8688"
"52.14","58.84886","0.869","52.14","63.81909","0.8689667"
"52.15","58.84965","0.8691334","52.15","63.83101","0.8691334"
"52.16","58.84965","0.8693","52.16","63.84452","0.8693"
"52.17","58.84965","0.8694667","52.17","63.87393","0.8694667"
"52.18","58.84091","0.8696333","52.18","63.9232","0.8696333"
"52.19","58.81707","0.8698","52.19","63.98678","0.8698"
"52.2","58.77892","0.8699667","52.2","64.04956","0.8699667"
"52.21","58.74872","0.8701333","52.21","64.10599","0.8701333"
"52.22","58.7368","0.8703333","52.22","64.14732","0.8703"
"52.23","58.7368","0.8704666","52.23","64.17672","0.8704666"
"52.24","58.73759","0.8706334","52.24","64.20454","0.8706334"
"52.25","58.74395","0.8708","52.25","64.24188","0.8708"
"52.26","58.75747","0.8709667","52.26","64.28321","0.8709667"
"52.27","58.76859","0.8711333","52.27","64.32136","0.8711333"
"52.28","58.767","0.8713","52.28","64.35474","0.8713"
"52.29","58.75587","0.8714667","52.29","64.3905","0.8714667"
"52.3","58.74475","0.8716334","52.3","64.43421","0.8716667"
"52.31","58.73998","0.8718","52.31","64.48508","0.8718"
"52.32","58.73998","0.8719667","52.32","64.53991","0.872"
"52.33","58.73521","0.8721333","52.33","64.58998","0.8721333"
"52.34","58.72409","0.8722667","52.34","64.6313","0.8723"
"52.35","58.71137","0.8724667","52.35","64.67024","0.8724667"
"52.36","58.70501","0.8726333","52.36","64.71157","0.8726333"
"52.37","58.70104","0.8728","52.37","64.74654","0.8728"
"52.38","58.69865","0.8729666","52.38","64.77435","0.8729666"
"52.39","58.70263","0.8731334","52.39","64.80217","0.8731334"
"52.4","58.72091","0.8732667","52.4","64.83316","0.8732667"
"52.41","58.74793","0.8734667","52.41","64.8586","0.8734667"
"52.42","58.767","0.8736333","52.42","64.87688","0.8736333"
"52.43","58.767","0.8738","52.43","64.89754","0.8738"
"52.44","58.75826","0.8739333","52.44","64.92773","0.8739667"
"52.45","58.74872","0.8741333","52.45","64.96906","0.8741333"
"52.46","58.74236","0.8742667","52.46","65.01516","0.8743"
"52.47","58.73759","0.8744333","52.47","65.06046","0.8744667"
"52.48","58.73044","0.8746","52.48","65.10497","0.8746334"
"52.49","58.7217","0.8748","52.49","65.15026","0.8748"
"52.5","58.71614","0.8749667","52.5","65.1908","0.8749667"
"52.51","58.71693","0.8751333","52.51","65.22337","0.8751333"
"52.52","58.73203","0.8753","52.52","65.25278","0.8753"
"52.53","58.75111","0.8754333","52.53","65.28059","0.8754667"
"52.54","58.7662","0.8756334","52.54","65.29967","0.8756334"
"52.55","58.76462","0.8758","52.55","65.3108","0.8758"
"52.56","58.75111","0.8759667","52.56","65.3251","0.8759667"
"52.57","58.73442","0.8761333","52.57","65.34974","0.8761333"
"52.58","58.72409","0.8763","52.58","65.37675","0.8763"
"52.59","58.72567","0.8764667","52.59","65.39345","0.8764667"
"52.6","58.73283","0.8766333","52.6","65.40536","0.8766"
"52.61","58.74157","0.8768","52.61","65.42365","0.8768"
"52.62","58.74634","0.8769667","52.62","65.44431","0.8769667"
"52.63","58.75349","0.8771334","52.63","65.45782","0.8771334"
"52.64","58.76462","0.8773","52.64","65.46497","0.8773"
"52.65","58.77336","0.8774667","52.65","65.48087","0.8774667"
"52.66","58.77574","0.8776667","52.66","65.5063","0.8776333"
"52.67","58.76939","0.8778","52.67","65.54047","0.8778"
"52.68","58.75587","0.878","52.68","65.57862","0.8779667"
"52.69","58.74157","0.8781667","52.69","65.61756","0.8781334"
"52.7","58.73442","0.8783333","52.7","65.65332","0.8783"
"52.71","58.73044","0.8784667","52.71","65.68988","0.8784667"
"52.72","58.72329","0.8786333","52.72","65.72644","0.8786"
"52.73","58.70978","0.8788334","52.73","65.76061","0.8787667"
"52.74","58.69309","0.8789667","52.74","65.79002","0.8789667"
"52.75","58.67084","0.8791333","52.75","65.81068","0.8791333"
"52.76","58.65415","0.8793","52.76","65.81783","0.8793"
"52.77","58.64541","0.8794667","52.77","65.81544","0.8794667"
"52.78","58.63905","0.8796334","52.78","65.82022","0.8796334"
"52.79","58.62474","0.8797667","52.79","65.84326","0.8798"
"52.8","58.60885","0.8799334","52.8","65.87982","0.8799667"
"52.81","58.60011","0.8801","52.81","65.91718","0.8801333"
"52.82","58.60011","0.8802667","52.82","65.94658","0.8803"
"52.83","58.59534","0.8804333","52.83","65.96486","0.8804667"
"52.84","58.58501","0.8806","52.84","65.97598","0.8806"
"52.85","58.57229","0.8808","52.85","65.97916","0.8808"
"52.86","58.56911","0.8809667","52.86","65.97916","0.8809333"
"52.87","58.57229","0.8811333","52.87","65.98552","0.8811"
"52.88","58.57944","0.8813","52.88","66.00142","0.8812667"
"52.89","58.59693","0.8814667","52.89","66.02049","0.8814667"
"52.9","58.61839","0.8816333","52.9","66.04274","0.8816333"
"52.91","58.6311","0.8818","52.91","66.06818","0.8818"
"52.92","58.62474","0.8819667","52.92","66.10314","0.8819667"
"52.93","58.60646","0.8821334","52.93","66.14844","0.8821334"
"52.94","58.58739","0.8823","52.94","66.19453","0.8823"
"52.95","58.56435","0.8824667","52.95","66.23745","0.8824334"
"52.96","58.53812","0.8826333","52.96","66.26924","0.8826"
"52.97","58.51428","0.8828","52.97","66.28752","0.8828"
"52.98","58.49918","0.8829667","52.98","66.29228","0.8829667"
"52.99","58.49361","0.8831334","52.99","66.29308","0.8831334"
"53","58.49441","0.8833","53","66.30262","0.8833"
"53.01","58.48885","0.8834667","53.01","66.33361","0.8834667"
"53.02","58.47295","0.8836","53.02","66.38527","0.8836333"
"53.03","58.4507","0.8838","53.03","66.44408","0.8838"
"53.04","58.42288","0.8839334","53.04","66.48382","0.8839667"
"53.05","58.39348","0.8841","53.05","66.49892","0.8841333"
"53.06","58.36805","0.8843","53.06","66.50209","0.8843"
"53.07","58.34977","0.8844666","53.07","66.51083","0.8844666"
"53.08","58.33308","0.8846","53.08","66.52037","0.8846"
"53.09","58.31559","0.8848","53.09","66.52911","0.8847667"
"53.1","58.30367","0.8849667","53.1","66.54342","0.8849667"
"53.11","58.30288","0.8851333","53.11","66.57759","0.8851333"
"53.12","58.31083","0.8853","53.12","66.63243","0.8853"
"53.13","58.32831","0.8854667","53.13","66.69601","0.8854667"
"53.14","58.35215","0.8856","53.14","66.75879","0.8856333"
"53.15","58.37043","0.8858","53.15","66.80965","0.8858"
"53.16","58.36964","0.8859333","53.16","66.84145","0.8859667"
"53.17","58.35215","0.8861","53.17","66.86687","0.8861334"
"53.18","58.32831","0.8862666","53.18","66.89867","0.8863"
"53.19","58.30606","0.8864334","53.19","66.93919","0.8864667"
"53.2","58.28937","0.8866","53.2","66.99006","0.8866333"
"53.21","58.27665","0.8867667","53.21","67.06317","0.8868"
"53.22","58.27188","0.8869333","53.22","67.15059","0.8869667"
"53.23","58.27348","0.8871","53.23","67.21735","0.8871334"
"53.24","58.27188","0.8872667","53.24","67.24278","0.8873"
"53.25","58.26632","0.8874334","53.25","67.23801","0.8874667"
"53.26","58.25996","0.8876","53.26","67.23563","0.8876333"
"53.27","58.26235","0.8877667","53.27","67.26503","0.8878"
"53.28","58.27586","0.8879333","53.28","67.32146","0.8879667"
"53.29","58.29732","0.8881333","53.29","67.38265","0.8881333"
"53.3","58.32354","0.8883","53.3","67.4359","0.8882667"
"53.31","58.3442","0.8884667","53.31","67.48835","0.8884333"
"53.32","58.35851","0.8886667","53.32","67.54319","0.8886"
"53.33","58.36725","0.8888","53.33","67.58054","0.8888"
"53.34","58.37043","0.8889667","53.34","67.5869","0.8889334"
"53.35","58.37281","0.8891333","53.35","67.57974","0.8891333"
"53.36","58.3752","0.8893","53.36","67.59406","0.8893"
"53.37","58.37043","0.8894667","53.37","67.6465","0.8894667"
"53.38","58.35612","0.8896334","53.38","67.72439","0.8896334"
"53.39","58.33785","0.8898","53.39","67.81657","0.8897667"
"53.4","58.32672","0.89","53.4","67.90877","0.8899333"
"53.41","58.32831","0.8901667","53.41","67.9787","0.8901"
"53.42","58.33626","0.8903334","53.42","68.00493","0.8903"
"53.43","58.34977","0.8904667","53.43","68.00731","0.8904667"
"53.44","58.36328","0.8906667","53.44","68.01843","0.8906"
"53.45","58.37043","0.8908333","53.45","68.05658","0.8907667"
"53.46","58.37202","0.891","53.46","68.10983","0.8909333"
"53.47","58.36805","0.8911667","53.47","68.16705","0.8911334"
"53.48","58.36487","0.8913333","53.48","68.21951","0.8913"
"53.49","58.36089","0.8915","53.49","68.26163","0.8914667"
"53.5","58.35692","0.8916667","53.5","68.28706","0.8916333"
"53.51","58.35136","0.8918","53.51","68.29182","0.8918"
"53.52","58.34023","0.8919667","53.52","68.29103","0.8919667"
"53.53","58.32672","0.8921334","53.53","68.30453","0.8921334"
"53.54","58.31242","0.8922667","53.54","68.34189","0.8923"
"53.55","58.29732","0.8924333","53.55","68.39275","0.8924667"
"53.56","58.28063","0.8926333","53.56","68.44759","0.8926"
"53.57","58.26473","0.8927667","53.57","68.49368","0.8927667"
"53.58","58.25996","0.8929334","53.58","68.52706","0.8929667"
"53.59","58.26712","0.8931333","53.59","68.54534","0.8931333"
"53.6","58.28222","0.8933","53.6","68.55965","0.8932667"
"53.61","58.3005","0.8935","53.61","68.58746","0.8934333"
"53.62","58.32354","0.8936334","53.62","68.63515","0.8936"
"53.63","58.35612","0.8938333","53.63","68.686","0.8937667"
"53.64","58.39268","0.8939667","53.64","68.72256","0.8939334"
"53.65","58.42288","0.8941333","53.65","68.748","0.8941"
"53.66","58.44116","0.8943","53.66","68.7782","0.8942667"
"53.67","58.44514","0.8944333","53.67","68.82191","0.8944333"
"53.68","58.42924","0.8946","53.68","68.86959","0.8946"
"53.69","58.40142","0.8947667","53.69","68.9133","0.8948"
"53.7","58.3744","0.8949333","53.7","68.95383","0.8949333"
"53.71","58.35692","0.8951333","53.71","68.99277","0.8951333"
"53.72","58.35374","0.8952667","53.72","69.03172","0.8952667"
"53.73","58.36487","0.8954334","53.73","69.07145","0.8954667"
"53.74","58.38315","0.8956333","53.74","69.11436","0.8956333"
"53.75","58.39745","0.8958","53.75","69.16046","0.8958334"
"53.76","58.40937","0.8959333","53.76","69.21212","0.8959666"
"53.77","58.4205","0.8961334","53.77","69.26457","0.8961"
"53.78","58.42924","0.8963","53.78","69.30828","0.8962667"
"53.79","58.43719","0.8964667","53.79","69.32894","0.8964334"
"53.8","58.44593","0.8966333","53.8","69.31861","0.8966"
"53.81","58.45229","0.8968","53.81","69.28921","0.8967667"
"53.82","58.45308","0.8969667","53.82","69.26457","0.8969667"
"53.83","58.44991","0.8971334","53.83","69.26616","0.8971"
"53.84","58.44275","0.8973","53.84","69.29795","0.8972667"
"53.85","58.43163","0.8974667","53.85","69.34882","0.8974667"
"53.86","58.41811","0.8976","53.86","69.39967","0.8976333"
"53.87","58.40461","0.8977666","53.87","69.43465","0.8978"
"53.88","58.39348","0.8979334","53.88","69.45848","0.8979334"
"53.89","58.38315","0.8981333","53.89","69.47994","0.8981333"
"53.9","58.36248","0.8982667","53.9","69.49822","0.8983"
"53.91","58.33626","0.8984667","53.91","69.50299","0.8984667"
"53.92","58.32434","0.8986334","53.92","69.5006","0.8986334"
"53.93","58.33546","0.8988","53.93","69.50697","0.8987667"
"53.94","58.35612","0.8989334","53.94","69.52524","0.8989334"
"53.95","58.3744","0.8991","53.95","69.54829","0.8991333"
"53.96","58.38553","0.8993","53.96","69.56498","0.8993334"
"53.97","58.38553","0.8994667","53.97","69.56736","0.8995"
"53.98","58.3752","0.8996667","53.98","69.56419","0.8996667"
"53.99","58.3752","0.8998333","53.99","69.56895","0.8998"
"54","58.40381","0.9","54","69.57849","0.8999667"
"54.01","58.44991","0.9001334","54.01","69.58008","0.9001"
"54.02","58.48885","0.9003","54.02","69.56419","0.9003"
"54.03","58.50554","0.9004667","54.03","69.53081","0.9004667"
"54.04","58.50077","0.9006333","54.04","69.48869","0.9006333"
"54.05","58.48487","0.9008","54.05","69.44338","0.9008"
"54.06","58.46659","0.9009667","54.06","69.40126","0.9009333"
"54.07","58.44991","0.9011334","54.07","69.36073","0.9011334"
"54.08","58.43163","0.9013","54.08","69.321","0.9012667"
"54.09","58.40937","0.9014667","54.09","69.27728","0.9014333"
"54.1","58.38871","0.9016333","54.1","69.22563","0.9016"
"54.11","58.37281","0.9018","54.11","69.17397","0.9017667"
"54.12","58.36566","0.9019667","54.12","69.12231","0.9019334"
"54.13","58.36487","0.9021333","54.13","69.07542","0.9021333"
"54.14","58.36964","0.9023","54.14","69.03648","0.9023"
"54.15","58.37917","0.9025","54.15","69.00469","0.9024333"
"54.16","58.39109","0.9026334","54.16","68.97768","0.9026"
"54.17","58.40142","0.9028","54.17","68.94986","0.9027667"
"54.18","58.41335","0.9029667","54.18","68.90694","0.9029334"
"54.19","58.41891","0.9031333","54.19","68.84496","0.9031333"
"54.2","58.40937","0.9033334","54.2","68.77264","0.9033"
"54.21","58.38871","0.9035","54.21","68.70508","0.9034667"
"54.22","58.37758","0.9036667","54.22","68.65899","0.9036334"
"54.23","58.37917","0.9038","54.23","68.63515","0.9038"
"54.24","58.38553","0.9040334","54.24","68.62561","0.9039667"
"54.25","58.3903","0.9042","54.25","68.61528","0.9041333"
"54.26","58.38871","0.9043334","54.26","68.58667","0.9043"
"54.27","58.38792","0.9045","54.27","68.53422","0.9044667"
"54.28","58.39348","0.9046667","54.28","68.46507","0.9046333"
"54.29","58.40699","0.9048","54.29","68.39752","0.9047667"
"54.3","58.41096","0.9049667","54.3","68.33792","0.9049667"
"54.31","58.39268","0.9051334","54.31","68.28229","0.9051334"
"54.32","58.35215","0.9052667","54.32","68.22507","0.9052667"
"54.33","58.30288","0.9054334","54.33","68.17182","0.9054667"
"54.34","58.2552","0.9056333","54.34","68.12652","0.9056333"
"54.35","58.21864","0.9057667","54.35","68.08281","0.9058"
"54.36","58.19559","0.9059667","54.36","68.03433","0.9059667"
"54.37","58.18446","0.9061334","54.37","67.98665","0.9061334"
"54.38","58.18923","0.9063","54.38","67.95248","0.9063"
"54.39","58.20672","0.9064667","54.39","67.92943","0.9064667"
"54.4","58.22818","0.9066333","54.4","67.90399","0.9066333"
"54.41","58.24804","0.9068334","54.41","67.86903","0.9068"
"54.42","58.25996","0.907","54.42","67.83247","0.907"
"54.43","58.26394","0.9071667","54.43","67.80227","0.9071333"
"54.44","58.2695","0.9073333","54.44","67.77684","0.9073"
"54.45","58.27983","0.9075","54.45","67.74823","0.9074667"
"54.46","58.28301","0.9076667","54.46","67.71326","0.9076"
"54.47","58.27665","0.9078333","54.47","67.66955","0.9078"
"54.48","58.26871","0.908","54.48","67.62186","0.9079334"
"54.49","58.25758","0.9081667","54.49","67.57578","0.9081"
"54.5","58.23851","0.9083","54.5","67.5257","0.9082667"
"54.51","58.20751","0.9084667","54.51","67.47166","0.9084333"
"54.52","58.1789","0.9086334","54.52","67.41444","0.9086"
"54.53","58.15188","0.9088333","54.53","67.35802","0.9087667"
"54.54","58.12247","0.9089667","54.54","67.3008","0.9089667"
"54.55","58.09466","0.9091333","54.55","67.24516","0.9091"
"54.56","58.08036","0.9092667","54.56","67.19748","0.9093"
"54.57","58.08036","0.9094334","54.57","67.15854","0.9094667"
"54.58","58.07797","0.9096","54.58","67.12278","0.9096"
"54.59","58.06208","0.9098","54.59","67.08701","0.9097667"
"54.6","58.03426","0.9099333","54.6","67.05284","0.9099666"
"54.61","58.00486","0.9101334","54.61","67.01151","0.9101"
"54.62","57.98658","0.9103333","54.62","66.95985","0.9102667"
"54.63","57.98976","0.9104667","54.63","66.90105","0.9104667"
"54.64","58.01201","0.9106333","54.64","66.84541","0.9106333"
"54.65","58.04459","0.9108","54.65","66.79535","0.9108"
"54.66","58.07161","0.9109667","54.66","66.758","0.9109667"
"54.67","58.08036","0.9111333","54.67","66.73813","0.9111333"
"54.68","58.06764","0.9113","54.68","66.72701","0.9112667"
"54.69","58.05095","0.9114667","54.69","66.70793","0.9114333"
"54.7","58.03983","0.9116334","54.7","66.67535","0.9116"
"54.71","58.03267","0.9118","54.71","66.63402","0.9117666"
"54.72","58.02155","0.9119667","54.72","66.57998","0.9119334"
"54.73","58.01042","0.9121667","54.73","66.5172","0.9121"
"54.74","58.00962","0.9123334","54.74","66.456","0.9122667"
"54.75","58.0128","0.9124667","54.75","66.40276","0.9124333"
"54.76","58.02155","0.9126334","54.76","66.34792","0.9126"
"54.77","58.03744","0.9128","54.77","66.29308","0.9127667"
"54.78","58.05572","0.9129667","54.78","66.25096","0.9129333"
"54.79","58.0581","0.9131333","54.79","66.22156","0.9131"
"54.8","58.03983","0.9133","54.8","66.20089","0.9132667"
"54.81","58.02314","0.9134667","54.81","66.18023","0.9134334"
"54.82","58.01678","0.9136333","54.82","66.15241","0.9136"
"54.83","58.01837","0.9138","54.83","66.11427","0.9138"
"54.84","58.02075","0.9139667","54.84","66.06976","0.9139667"
"54.85","58.03029","0.9141334","54.85","66.02446","0.9141334"
"54.86","58.04618","0.9143333","54.86","65.98791","0.9143"
"54.87","58.05969","0.9144667","54.87","65.96486","0.9144667"
"54.88","58.06049","0.9146333","54.88","65.95532","0.9146333"
"54.89","58.05175","0.9148","54.89","65.95135","0.9147667"
"54.9","58.04221","0.9149667","54.9","65.94658","0.9149333"
"54.91","58.03506","0.9151334","54.91","65.93546","0.9151"
"54.92","58.02314","0.9153","54.92","65.91479","0.9152667"
"54.93","58.00486","0.9154667","54.93","65.8838","0.9154333"
"54.94","57.98658","0.9156333","54.94","65.84724","0.9156"
"54.95","57.97942","0.9158","54.95","65.81783","0.9157667"
"54.96","57.98022","0.9159667","54.96","65.80194","0.9159334"
"54.97","57.98181","0.9161667","54.97","65.7924","0.9161"
"54.98","57.97466","0.9163333","54.98","65.78525","0.9163"
"54.99","57.96353","0.9164667","54.99","65.78127","0.9164667"
"55","57.96194","0.9166334","55","65.78525","0.9166"
"55.01","57.97068","0.9168333","55.01","65.7932","0.9168"
"55.02","57.97545","0.917","55.02","65.80194","0.9169667"
"55.03","57.96353","0.9171667","55.03","65.80909","0.9171"
"55.04","57.94287","0.9173334","55.04","65.81625","0.9172667"
"55.05","57.93015","0.9175","55.05","65.82419","0.9174667"
"55.06","57.93174","0.9176667","55.06","65.83134","0.9176"
"55.07","57.93412","0.9178333","55.07","65.84009","0.9177667"
"55.08","57.92777","0.918","55.08","65.85439","0.9179333"
"55.09","57.91585","0.9181667","55.09","65.8679","0.9181333"
"55.1","57.90234","0.9183334","55.1","65.87347","0.9183"
"55.11","57.89201","0.9185","55.11","65.87505","0.9184667"
"55.12","57.88167","0.9186667","55.12","65.87982","0.9186"
"55.13","57.86737","0.9188333","55.13","65.89413","0.9188"
"55.14","57.84988","0.919","55.14","65.91161","0.9189667"
"55.15","57.83796","0.9191667","55.15","65.92989","0.9191334"
"55.16","57.83479","0.9193333","55.16","65.94022","0.9193"
"55.17","57.82922","0.9195","55.17","65.94181","0.9194667"
"55.18","57.82127","0.9196666","55.18","65.93546","0.9196333"
"55.19","57.81491","0.9198334","55.19","65.93784","0.9197667"
"55.2","57.8173","0.92","55.2","65.95374","0.9199333"
"55.21","57.82445","0.9201667","55.21","65.96645","0.9201"
"55.22","57.82922","0.9203","55.22","65.9585","0.9202667"
"55.23","57.82684","0.9204667","55.23","65.93227","0.9204333"
"55.24","57.82127","0.9206333","55.24","65.8989","0.9206"
"55.25","57.81174","0.9208","55.25","65.87823","0.9207667"
"55.26","57.80299","0.9209667","55.26","65.87505","0.9209334"
"55.27","57.79425","0.9211333","55.27","65.8838","0.9211"
"55.28","57.78949","0.9213334","55.28","65.89095","0.9212667"
"55.29","57.79187","0.9215","55.29","65.89413","0.9214"
"55.3","57.80141","0.9216667","55.3","65.89174","0.9216"
"55.31","57.81889","0.9218","55.31","65.87982","0.9217667"
"55.32","57.83717","0.922","55.32","65.85916","0.9219334"
"55.33","57.84988","0.9221333","55.33","65.84247","0.9221"
"55.34","57.85306","0.9223","55.34","65.84247","0.9222667"
"55.35","57.84273","0.9224667","55.35","65.85916","0.9224667"
"55.36","57.82445","0.9226333","55.36","65.88618","0.9226"
"55.37","57.80379","0.9227667","55.37","65.90208","0.9227667"
"55.38","57.78313","0.9229333","55.38","65.90287","0.9229333"
"55.39","57.76167","0.9231334","55.39","65.90048","0.9231"
"55.4","57.73862","0.9233","55.4","65.8989","0.9232666"
"55.41","57.71637","0.9234667","55.41","65.89095","0.9234334"
"55.42","57.70524","0.9236333","55.42","65.87029","0.9236"
"55.43","57.7116","0.9238","55.43","65.8528","0.9237667"
"55.44","57.73227","0.924","55.44","65.85042","0.9239333"
"55.45","57.75452","0.9241667","55.45","65.85916","0.9241"
"55.46","57.76882","0.9243333","55.46","65.86313","0.9242667"
"55.47","57.77518","0.9244667","55.47","65.85757","0.9244334"
"55.48","57.77359","0.9246333","55.48","65.84724","0.9246"
"55.49","57.76246","0.9248","55.49","65.83372","0.9248"
"55.5","57.741","0.9249667","55.5","65.81386","0.9249667"
"55.51","57.71081","0.9251333","55.51","65.78604","0.9251333"
"55.52","57.67266","0.9253","55.52","65.76697","0.9253"
"55.53","57.63531","0.9254667","55.53","65.76697","0.9254667"
"55.54","57.60749","0.9256334","55.54","65.77412","0.9256334"
"55.55","57.58365","0.9258","55.55","65.77015","0.9257667"
"55.56","57.55822","0.9259334","55.56","65.74869","0.9259334"
"55.57","57.53676","0.9261","55.57","65.71928","0.9261"
"55.58","57.52802","0.9263","55.58","65.69465","0.9262667"
"55.59","57.53199","0.9264667","55.59","65.67558","0.9264667"
"55.6","57.53517","0.9266667","55.6","65.65968","0.9266334"
"55.61","57.53438","0.9268333","55.61","65.65491","0.9268"
"55.62","57.53915","0.9269667","55.62","65.66922","0.927"
"55.63","57.55742","0.9271333","55.63","65.70339","0.9271333"
"55.64","57.58126","0.9273","55.64","65.74472","0.9273"
"55.65","57.59637","0.9274667","55.65","65.78127","0.9274667"
"55.66","57.58921","0.9276333","55.66","65.80671","0.9276333"
"55.67","57.56934","0.9278","55.67","65.82498","0.9277667"
"55.68","57.5463","0.9279667","55.68","65.83611","0.9279333"
"55.69","57.52723","0.9281334","55.69","65.84088","0.9281"
"55.7","57.50895","0.9283","55.7","65.83849","0.9282667"
"55.71","57.48431","0.9284667","55.71","65.83372","0.9284334"
"55.72","57.45173","0.9286333","55.72","65.83372","0.9286333"
"55.73","57.41994","0.9288","55.73","65.84326","0.9288"
"55.74","57.3953","0.929","55.74","65.85757","0.9289667"
"55.75","57.38338","0.9291334","55.75","65.88141","0.9291334"
"55.76","57.38576","0.9293","55.76","65.92592","0.9293"
"55.77","57.40166","0.9294667","55.77","65.99188","0.9294667"
"55.78","57.41755","0.9296667","55.78","66.05148","0.9296"
"55.79","57.41994","0.9298","55.79","66.08804","0.9297667"
"55.8","57.40563","0.93","55.8","66.10473","0.9299334"
"55.81","57.38099","0.9301667","55.81","66.11347","0.9301"
"55.82","57.3643","0.9303333","55.82","66.11427","0.9302667"
"55.83","57.36033","0.9304667","55.83","66.11427","0.9304333"
"55.84","57.3643","0.9306334","55.84","66.12936","0.9306"
"55.85","57.35636","0.9308","55.85","66.16592","0.9307667"
"55.86","57.3349","0.9309667","55.86","66.21281","0.9309667"
"55.87","57.30708","0.9311333","55.87","66.26288","0.9311333"
"55.88","57.27768","0.9312667","55.88","66.31374","0.9313"
"55.89","57.24748","0.9314667","55.89","66.36461","0.9314667"
"55.9","57.21648","0.9316334","55.9","66.41944","0.9316667"
"55.91","57.19264","0.9318","55.91","66.47348","0.9318333"
"55.92","57.18629","0.9319667","55.92","66.52514","0.9319667"
"55.93","57.19026","0.9321667","55.93","66.5768","0.9321333"
"55.94","57.18867","0.9323334","55.94","66.63402","0.9322667"
"55.95","57.18072","0.9325","55.95","66.68965","0.9324334"
"55.96","57.18311","0.9326667","55.96","66.71747","0.9326"
"55.97","57.20695","0.9328333","55.97","66.71111","0.9327667"
"55.98","57.23715","0.9329666","55.98","66.68806","0.9329333"
"55.99","57.24828","0.9331334","55.99","66.67535","0.9330667"
"56","57.23635","0.9333333","56","66.6825","0.9332667"
"56.01","57.2141","0.9335","56.01","66.69919","0.9334334"
"56.02","57.19821","0.9336333","56.02","66.71111","0.9336"
"56.03","57.19503","0.9338","56.03","66.72382","0.9337667"
"56.04","57.20377","0.9339667","56.04","66.75164","0.9339333"
"56.05","57.20854","0.9341334","56.05","66.79773","0.9341"
"56.06","57.19582","0.9343","56.06","66.85257","0.9343"
"56.07","57.17198","0.9344667","56.07","66.90582","0.9344667"
"56.08","57.1537","0.9346667","56.08","66.94952","0.9346333"
"56.09","57.14496","0.9348333","56.09","66.9837","0.9348"
"56.1","57.13383","0.935","56.1","67.01946","0.9349667"
"56.11","57.1243","0.9351333","56.11","67.0592","0.9351333"
"56.12","57.12589","0.9353","56.12","67.09417","0.9352667"
"56.13","57.13065","0.9354667","56.13","67.11404","0.9354"
"56.14","57.1235","0.9356334","56.14","67.12119","0.9356"
"56.15","57.10363","0.9358","56.15","67.1196","0.9357667"
"56.16","57.07979","0.9359334","56.16","67.11404","0.9359334"
"56.17","57.05595","0.9361","56.17","67.10688","0.9361"
"56.18","57.03529","0.9362667","56.18","67.09894","0.9362667"
"56.19","57.01701","0.9364333","56.19","67.09417","0.9364333"
"56.2","57.00747","0.9366333","56.2","67.09655","0.9366"
"56.21","57.0027","0.9368","56.21","67.10768","0.9367667"
"56.22","57.00509","0.9369667","56.22","67.12119","0.9369667"
"56.23","57.01383","0.9371334","56.23","67.12993","0.9371334"
"56.24","57.02734","0.9373","56.24","67.13311","0.9373"
"56.25","57.03688","0.9374667","56.25","67.13072","0.9374667"
"56.26","57.04085","0.9376333","56.26","67.12278","0.9376333"
"56.27","57.04165","0.9378","56.27","67.11642","0.9378"
"56.28","57.04085","0.938","56.28","67.11722","0.9379333"
"56.29","57.03052","0.9381667","56.29","67.11642","0.9380667"
"56.3","57.01621","0.9383","56.3","67.09576","0.9382333"
"56.31","57.00668","0.9384667","56.31","67.04568","0.9384"
"56.32","57.00668","0.9386667","56.32","66.97178","0.9385667"
"56.33","57.00429","0.9388334","56.33","66.88515","0.9387333"
"56.34","56.99158","0.9389667","56.34","66.80251","0.9389334"
"56.35","56.97568","0.9391333","56.35","66.73575","0.9391"
"56.36","56.96535","0.9393333","56.36","66.68329","0.9392667"
"56.37","56.9582","0.9394667","56.37","66.64117","0.9394667"
"56.38","56.94072","0.9396334","56.38","66.6078","0.9396334"
"56.39","56.90813","0.9398","56.39","66.58633","0.9398333"
"56.4","56.87157","0.9399667","56.4","66.56329","0.9399667"
"56.41","56.84376","0.9401333","56.41","66.5315","0.9401333"
"56.42","56.82389","0.9403","56.42","66.49255","0.9403"
"56.43","56.81833","0.9404333","56.43","66.44249","0.9404667"
"56.44","56.83025","0.9406","56.44","66.37732","0.9406"
"56.45","56.84853","0.9407667","56.45","66.30182","0.9407667"
"56.46","56.85329","0.9409667","56.46","66.23109","0.9409333"
"56.47","56.83661","0.9411333","56.47","66.17069","0.9411"
"56.48","56.80799","0.9413","56.48","66.11427","0.9412667"
"56.49","56.78971","0.9415","56.49","66.06181","0.9414667"
"56.5","56.79369","0.9416667","56.5","66.00777","0.9416333"
"56.51","56.81912","0.9418","56.51","65.95055","0.9418"
"56.52","56.85965","0.9419667","56.52","65.8981","0.942"
"56.53","56.90177","0.9421334","56.53","65.85439","0.9421334"
"56.54","56.93118","0.9423","56.54","65.8226","0.9423"
"56.55","56.93118","0.9424667","56.55","65.79558","0.9424334"
"56.56","56.90892","0.9426","56.56","65.76697","0.9426"
"56.57","56.88588","0.9427667","56.57","65.72803","0.9427667"
"56.58","56.86998","0.9429667","56.58","65.67081","0.9429667"
"56.59","56.84694","0.9431334","56.59","65.59293","0.9431"
"56.6","56.81197","0.9433","56.6","65.50391","0.9432667"
"56.61","56.78971","0.9434667","56.61","65.4006","0.9434333"
"56.62","56.80799","0.9436333","56.62","65.19318","0.9436"
"56.63","56.86204","0.9438","56.63","64.66786","0.9438"
"56.64","56.91369","0.9439667","56.64","63.6673","0.9439667"
"56.65","56.93356","0.9441333","56.65","62.37189","0.9441667"
"56.66","56.92482","0.9443","56.66","61.21","0.9443333"
"56.67","56.91051","0.9444667","56.67","60.41924","0.9444667"
"56.68","56.89939","0.9446334","56.68","59.9281","0.9446"
"56.69","56.88747","0.9448","56.69","59.59272","0.9447667"
"56.7","56.87793","0.945","56.7","59.32252","0.9449334"
"56.71","56.88508","0.9451666","56.71","59.07615","0.9451"
"56.72","56.90575","0.9453334","56.72","58.84011","0.9453"
"56.73","56.92005","0.9455","56.73","58.62634","0.9454333"
"56.74","56.92005","0.9456667","56.74","58.45229","0.9456334"
"56.75","56.91926","0.9458333","56.75","58.32116","0.9458333"
"56.76","56.92005","0.946","56.76","58.22023","0.946"
"56.77","56.91528","0.9461667","56.77","58.13758","0.9461667"
"56.78","56.89939","0.9463333","56.78","58.07161","0.9463333"
"56.79","56.87873","0.9464667","56.79","58.02393","0.9464667"
"56.8","56.86283","0.9466667","56.8","57.98419","0.9466333"
"56.81","56.85806","0.9468334","56.81","57.93174","0.9468"
"56.82","56.85965","0.947","56.82","57.86101","0.9469333"
"56.83","56.86283","0.9471334","56.83","57.77757","0.9471"
"56.84","56.86045","0.9473333","56.84","57.6973","0.9472667"
"56.85","56.85091","0.9475","56.85","57.63133","0.9474"
"56.86","56.83501","0.9476333","56.86","57.57809","0.9476"
"56.87","56.82389","0.9478","56.87","57.53279","0.9477667"
"56.88","56.82548","0.9479667","56.88","57.49623","0.9479333"
"56.89","56.83501","0.9481333","56.89","57.47795","0.9481333"
"56.9","56.84455","0.9483","56.9","57.48193","0.9483"
"56.91","56.85329","0.9484667","56.91","57.5002","0.9484667"
"56.92","56.85727","0.9486334","56.92","57.51371","0.9486334"
"56.93","56.85091","0.9488","56.93","57.51212","0.9487666"
"56.94","56.8374","0.9489334","56.94","57.50497","0.9489334"
"56.95","56.83104","0.9491","56.95","57.50259","0.9491333"
"56.96","56.83343","0.9492667","56.96","57.501","0.9492667"
"56.97","56.83263","0.9494667","56.97","57.48908","0.9494667"
"56.98","56.82548","0.9496334","56.98","57.4708","0.9496334"
"56.99","56.82866","0.9498","56.99","57.46762","0.9498"
"57","56.85727","0.9499667","57","57.47795","0.9499667"
"57.01","56.89462","0.9501667","57.01","57.49543","0.9501333"
"57.02","56.92482","0.9503334","57.02","57.51371","0.9503"
"57.03","56.9431","0.9504667","57.03","57.52961","0.9504667"
"57.04","56.95422","0.9506333","57.04","57.53199","0.9506333"
"57.05","56.96138","0.9508","57.05","57.51212","0.9508"
"57.06","56.96376","0.9509667","57.06","57.48034","0.9509667"
"57.07","56.96297","0.9511334","57.07","57.4549","0.9511334"
"57.08","56.95661","0.9513","57.08","57.44139","0.9513"
"57.09","56.9431","0.9514667","57.09","57.43186","0.9514667"
"57.1","56.92244","0.9516333","57.1","57.41358","0.9516333"
"57.11","56.90098","0.9517667","57.11","57.38338","0.9518"
"57.12","56.88826","0.9519667","57.12","57.34921","0.9519667"
"57.13","56.88826","0.9521334","57.13","57.31742","0.9521334"
"57.14","56.8835","0.9523","57.14","57.29596","0.9523"
"57.15","56.86522","0.9525","57.15","57.27768","0.9524667"
"57.16","56.84853","0.9526667","57.16","57.26337","0.9526333"
"57.17","56.85091","0.9528334","57.17","57.24986","0.9528"
"57.18","56.87157","0.953","57.18","57.23635","0.9529667"
"57.19","56.89621","0.9531333","57.19","57.22284","0.9531333"
"57.2","56.9129","0.9533333","57.2","57.20377","0.9532667"
"57.21","56.9129","0.9534667","57.21","57.17754","0.9534667"
"57.22","56.89462","0.9536334","57.22","57.14734","0.9536334"
"57.23","56.86522","0.9537667","57.23","57.11794","0.9538"
"57.24","56.83501","0.9539334","57.24","57.09012","0.9539667"
"57.25","56.8072","0.9541","57.25","57.0639","0.9541333"
"57.26","56.78654","0.9543","57.26","57.03688","0.9543"
"57.27","56.77541","0.9544667","57.27","57.00747","0.9544667"
"57.28","56.77303","0.9546334","57.28","56.96774","0.9546"
"57.29","56.77779","0.9548","57.29","56.91528","0.9548"
"57.3","56.79607","0.9549667","57.3","56.85806","0.9549333"
"57.31","56.82309","0.9551333","57.31","56.80323","0.9551333"
"57.32","56.84376","0.9553334","57.32","56.75475","0.9552667"
"57.33","56.85091","0.9554667","57.33","56.71183","0.9554667"
"57.34","56.8517","0.9556333","57.34","56.67607","0.9556333"
"57.35","56.86045","0.9558","57.35","56.64666","0.9558"
"57.36","56.88031","0.9559667","57.36","56.62839","0.9559667"
"57.37","56.89462","0.9561334","57.37","56.61964","0.9561334"
"57.38","56.88985","0.9563","57.38","56.61647","0.9563"
"57.39","56.86522","0.9564667","57.39","56.61011","0.9564667"
"57.4","56.84376","0.9566333","57.4","56.60136","0.9566333"
"57.41","56.83978","0.9568","57.41","56.60295","0.9568"
"57.42","56.85568","0.9569667","57.42","56.61488","0.9569667"
"57.43","56.87634","0.9571334","57.43","56.63236","0.9571334"
"57.44","56.88508","0.9573","57.44","56.6419","0.9573"
"57.45","56.8835","0.9574667","57.45","56.64269","0.9574667"
"57.46","56.88508","0.9576333","57.46","56.63713","0.9576333"
"57.47","56.89621","0.9578","57.47","56.63951","0.9578"
"57.48","56.91131","0.9579334","57.48","56.6562","0.9579334"
"57.49","56.92164","0.9581","57.49","56.67846","0.9581333"
"57.5","56.92005","0.9583","57.5","56.69435","0.9583"
"57.51","56.91131","0.9584666","57.51","56.70388","0.9584666"
"57.52","56.90416","0.9586334","57.52","56.71183","0.9586334"
"57.53","56.90336","0.9588","57.53","56.72216","0.9588"
"57.54","56.9129","0.9589667","57.54","56.7317","0.9589667"
"57.55","56.9272","0.9591333","57.55","56.74124","0.9591333"
"57.56","56.94548","0.9593","57.56","56.75395","0.9592667"
"57.57","56.96297","0.9594667","57.57","56.77144","0.9594333"
"57.58","56.9725","0.9596334","57.58","56.78415","0.9596334"
"57.59","56.96614","0.9598","57.59","56.78415","0.9598"
"57.6","56.94469","0.9599667","57.6","56.77541","0.9599333"
"57.61","56.92164","0.9601334","57.61","56.76587","0.9601334"
"57.62","56.91131","0.9603","57.62","56.75713","0.9602666"
"57.63","56.91926","0.9604667","57.63","56.7476","0.9604667"
"57.64","56.93753","0.9606667","57.64","56.73011","0.9606"
"57.65","56.95264","0.9608334","57.65","56.69991","0.9608"
"57.66","56.96138","0.961","57.66","56.66335","0.9609333"
"57.67","56.96376","0.9611667","57.67","56.62918","0.9611"
"57.68","56.97012","0.9613333","57.68","56.60136","0.9613"
"57.69","56.97966","0.9614667","57.69","56.57275","0.9614667"
"57.7","56.98681","0.9616333","57.7","56.54097","0.9616333"
"57.71","56.9884","0.9618","57.71","56.51077","0.9618"
"57.72","56.98204","0.9619667","57.72","56.48613","0.9619667"
"57.73","56.97091","0.9621333","57.73","56.47182","0.9621333"
"57.74","56.96058","0.9623","57.74","56.46547","0.9623333"
"57.75","56.95264","0.9624667","57.75","56.46308","0.9625"
"57.76","56.94707","0.9626334","57.76","56.45831","0.9626334"
"57.77","56.9423","0.9628","57.77","56.45196","0.9628"
"57.78","56.94072","0.9629334","57.78","56.44719","0.9629667"
"57.79","56.9431","0.9631","57.79","56.43368","0.9631333"
"57.8","56.94787","0.9633","57.8","56.40189","0.9632667"
"57.81","56.9582","0.9634667","57.81","56.36056","0.9634667"
"57.82","56.96774","0.9636334","57.82","56.3256","0.9636334"
"57.83","56.97966","0.9638","57.83","56.30493","0.9638"
"57.84","56.99555","0.9639667","57.84","56.29539","0.9639667"
"57.85","57.01383","0.9641","57.85","56.29778","0.9641333"
"57.86","57.02575","0.9643","57.86","56.31447","0.9642667"
"57.87","57.02098","0.9644667","57.87","56.33195","0.9644334"
"57.88","56.99952","0.9646333","57.88","56.33752","0.9646"
"57.89","56.97012","0.9648","57.89","56.33672","0.9648"
"57.9","56.94072","0.9649667","57.9","56.33513","0.9649667"
"57.91","56.91369","0.9651334","57.91","56.33275","0.9651334"
"57.92","56.88826","0.9652667","57.92","56.33275","0.9653"
"57.93","56.86204","0.9654667","57.93","56.34149","0.9654667"
"57.94","56.8374","0.9656333","57.94","56.35738","0.9656333"
"57.95","56.81912","0.9658","57.95","56.37566","0.9658"
"57.96","56.80959","0.9659667","57.96","56.38997","0.9659667"
"57.97","56.80799","0.9661334","57.97","56.39394","0.9661334"
"57.98","56.81197","0.9663","57.98","56.39156","0.9663"
"57.99","56.82309","0.9664667","57.99","56.38758","0.9664333"
"58","56.8374","0.9666333","58","56.38997","0.9666"
"58.01","56.85091","0.9668","58.01","56.39235","0.9668"
"58.02","56.85806","0.9669667","58.02","56.38917","0.9669667"
"58.03","56.86283","0.9671333","58.03","56.38043","0.9671"
"58.04","56.86998","0.9673","58.04","56.37805","0.9673"
"58.05","56.8827","0.9674667","58.05","56.38997","0.9674667"
"58.06","56.88826","0.9676334","58.06","56.40825","0.9676"
"58.07","56.8835","0.9678","58.07","56.42414","0.9678"
"58.08","56.87555","0.9679667","58.08","56.4305","0.9679334"
"58.09","56.87555","0.9681","58.09","56.42493","0.9681"
"58.1","56.88111","0.9682667","58.1","56.41937","0.9683"
"58.11","56.88508","0.9684667","58.11","56.41301","0.9684667"
"58.12","56.88508","0.9686","58.12","56.40189","0.9686334"
"58.13","56.87873","0.9688","58.13","56.3852","0.9687667"
"58.14","56.86998","0.9689333","58.14","56.3693","0.9689333"
"58.15","56.8676","0.9691","58.15","56.35977","0.9691"
"58.16","56.87237","0.9692667","58.16","56.34626","0.9692667"
"58.17","56.8827","0.9694334","58.17","56.31844","0.9694334"
"58.18","56.89065","0.9696","58.18","56.28268","0.9696"
"58.19","56.89065","0.9698","58.19","56.25486","0.9698"
"58.2","56.88747","0.9699333","58.2","56.24374","0.9699667"
"58.21","56.89223","0.9701","58.21","56.24294","0.9701334"
"58.22","56.90892","0.9703","58.22","56.2493","0.9703333"
"58.23","56.9272","0.9704334","58.23","56.26996","0.9704667"
"58.24","56.94072","0.9706333","58.24","56.30652","0.9706667"
"58.25","56.94787","0.9707667","58.25","56.34626","0.9708334"
"58.26","56.94707","0.9709667","58.26","56.36851","0.9709667"
"58.27","56.93595","0.9711334","58.27","56.3709","0.9711334"
"58.28","56.92959","0.9712667","58.28","56.36295","0.9712667"
"58.29","56.93833","0.9714333","58.29","56.34864","0.9714333"
"58.3","56.95184","0.9716333","58.3","56.32957","0.9716"
"58.31","56.95422","0.9718","58.31","56.30334","0.9717667"
"58.32","56.94707","0.972","58.32","56.27076","0.9719334"
"58.33","56.93833","0.9721333","58.33","56.22943","0.9720667"
"58.34","56.94072","0.9723","58.34","56.18811","0.9722667"
"58.35","56.95184","0.9724667","58.35","56.16029","0.9724333"
"58.36","56.96138","0.9726334","58.36","56.14281","0.9726334"
"58.37","56.96297","0.9728","58.37","56.13565","0.9728333"
"58.38","56.95025","0.9729667","58.38","56.13804","0.9729667"
"58.39","56.93595","0.9731667","58.39","56.15791","0.9731333"
"58.4","56.93118","0.9733334","58.4","56.19208","0.9732667"
"58.41","56.93197","0.9735","58.41","56.22705","0.9734667"
"58.42","56.93833","0.9736667","58.42","56.24533","0.9736333"
"58.43","56.94548","0.9738","58.43","56.2342","0.9738"
"58.44","56.95025","0.9739667","58.44","56.20559","0.9739333"
"58.45","56.93992","0.9741334","58.45","56.17619","0.9741334"
"58.46","56.90892","0.9743","58.46","56.15632","0.9743"
"58.47","56.86998","0.9744667","58.47","56.14201","0.9744334"
"58.48","56.83501","0.9746333","58.48","56.12771","0.9746333"
"58.49","56.81038","0.9748","58.49","56.11658","0.9748"
"58.5","56.79766","0.975","58.5","56.10943","0.9749667"
"58.51","56.7921","0.9751334","58.51","56.10943","0.9751667"
"58.52","56.78971","0.9753333","58.52","56.11261","0.9753333"
"58.53","56.78654","0.9754667","58.53","56.12214","0.9754667"
"58.54","56.78177","0.9756333","58.54","56.13565","0.9756333"
"58.55","56.777","0.9758","58.55","56.14598","0.9757667"
"58.56","56.76905","0.9759667","58.56","56.13804","0.9759334"
"58.57","56.75872","0.9761333","58.57","56.10704","0.9761"
"58.58","56.74521","0.9763","58.58","56.06334","0.9762667"
"58.59","56.73568","0.9764667","58.59","56.02678","0.9764333"
"58.6","56.7317","0.9766","58.6","56.00452","0.9766"
"58.61","56.72773","0.9767667","58.61","55.99499","0.9768"
"58.62","56.71978","0.9769667","58.62","55.99101","0.9769667"
"58.63","56.7023","0.9771333","58.63","55.99976","0.9771333"
"58.64","56.68163","0.9773","58.64","56.0228","0.9772667"
"58.65","56.66812","0.9774667","58.65","56.05698","0.9774667"
"58.66","56.67448","0.9776667","58.66","56.08638","0.9776"
"58.67","56.69514","0.9778","58.67","56.09592","0.9778"
"58.68","56.71978","0.9779667","58.68","56.08876","0.9779667"
"58.69","56.73885","0.9781333","58.69","56.07367","0.9781333"
"58.7","56.74362","0.9783","58.7","56.06174","0.9783"
"58.71","56.7317","0.9784667","58.71","56.05936","0.9784667"
"58.72","56.71104","0.9786333","58.72","56.0689","0.9786333"
"58.73","56.69753","0.9788","58.73","56.08479","0.9788333"
"58.74","56.69038","0.9789667","58.74","56.09671","0.9789667"
"58.75","56.68084","0.9791","58.75","56.10545","0.9791334"
"58.76","56.66812","0.9792667","58.76","56.11658","0.9792667"
"58.77","56.65382","0.9794334","58.77","56.12135","0.9794667"
"58.78","56.63316","0.9796","58.78","56.10784","0.9796333"
"58.79","56.60057","0.9798","58.79","56.07843","0.9798"
"58.8","56.56401","0.9799333","58.8","56.04585","0.9799667"
"58.81","56.54335","0.9801334","58.81","56.02757","0.9801334"
"58.82","56.54891","0.9803","58.82","56.02678","0.9802667"
"58.83","56.57355","0.9804667","58.83","56.03234","0.9804333"
"58.84","56.5966","0.9806333","58.84","56.02996","0.9806"
"58.85","56.60375","0.9808","58.85","56.01168","0.9807667"
"58.86","56.59103","0.9809667","58.86","55.97989","0.9809667"
"58.87","56.57117","0.9811333","58.87","55.94413","0.9811667"
"58.88","56.55925","0.9813","58.88","55.91313","0.9813333"
"58.89","56.56242","0.9814667","58.89","55.89883","0.9815"
"58.9","56.57991","0.9816334","58.9","55.90359","0.9816334"
"58.91","56.59421","0.9818","58.91","55.9179","0.9817667"
"58.92","56.5966","0.9819334","58.92","55.92585","0.9819667"
"58.93","56.58706","0.9821","58.93","55.90836","0.9821333"
"58.94","56.57117","0.9822667","58.94","55.86386","0.9823"
"58.95","56.55448","0.9824333","58.95","55.80425","0.9824667"
"58.96","56.53222","0.9826","58.96","55.75021","0.9826334"
"58.97","56.50918","0.9828","58.97","55.71048","0.9828"
"58.98","56.49567","0.9829667","58.98","55.68107","0.9829667"
"58.99","56.49567","0.9831333","58.99","55.65723","0.9831333"
"59","56.50203","0.9833","59","55.64213","0.9833333"
"59.01","56.50759","0.9834667","59.01","55.63974","0.9834667"
"59.02","56.51553","0.9836333","59.02","55.64372","0.9836333"
"59.03","56.51871","0.9838","59.03","55.64928","0.9838"
"59.04","56.51871","0.984","59.04","55.65723","0.9839666"
"59.05","56.5203","0.9841667","59.05","55.65405","0.9841334"
"59.06","56.52984","0.9843","59.06","55.63895","0.9843"
"59.07","56.54573","0.9844667","59.07","55.6159","0.9844667"
"59.08","56.56163","0.9846333","59.08","55.59365","0.9846333"
"59.09","56.56481","0.9848","59.09","55.57537","0.9848"
"59.1","56.55209","0.9849667","59.1","55.56583","0.9849667"
"59.11","56.52587","0.9851","59.11","55.56583","0.9851333"
"59.12","56.49964","0.9852667","59.12","55.56901","0.9852667"
"59.13","56.47023","0.9854333","59.13","55.56424","0.9854667"
"59.14","56.43765","0.9856334","59.14","55.55471","0.9856"
"59.15","56.40348","0.9858","59.15","55.54279","0.9858"
"59.16","56.37884","0.9859667","59.16","55.53563","0.9859667"
"59.17","56.37407","0.9861333","59.17","55.53166","0.9861333"
"59.18","56.39632","0.9863","59.18","55.52928","0.9863"
"59.19","56.43288","0.9864667","59.19","55.5253","0.9864333"
"59.2","56.4607","0.9866334","59.2","55.52451","0.9866"
"59.21","56.47023","0.9868","59.21","55.5253","0.9868"
"59.22","56.46308","0.9869667","59.22","55.52451","0.9869334"
"59.23","56.44719","0.9871333","59.23","55.51497","0.9871333"
"59.24","56.42732","0.9873","59.24","55.50225","0.9873"
"59.25","56.40666","0.9874667","59.25","55.49987","0.9874667"
"59.26","56.38599","0.9876333","59.26","55.51338","0.9876667"
"59.27","56.37566","0.9878333","59.27","55.53643","0.9878"
"59.28","56.38043","0.988","59.28","55.55709","0.9879667"
"59.29","56.39632","0.9881667","59.29","55.57378","0.9881334"
"59.3","56.41063","0.9883333","59.3","55.58173","0.9883"
"59.31","56.42255","0.9885","59.31","55.57696","0.9884667"
"59.32","56.43368","0.9886667","59.32","55.55947","0.9886333"
"59.33","56.43765","0.9888334","59.33","55.5404","0.9888"
"59.34","56.42493","0.989","59.34","55.53166","0.9889667"
"59.35","56.39951","0.9891667","59.35","55.53405","0.9891"
"59.36","56.37169","0.9893","59.36","55.53802","0.9892667"
"59.37","56.34467","0.9894667","59.37","55.52928","0.9894333"
"59.38","56.3256","0.9896333","59.38","55.50225","0.9896333"
"59.39","56.31685","0.9898","59.39","55.46808","0.9898"
"59.4","56.3097","0.9899334","59.4","55.44901","0.9899667"
"59.41","56.2938","0.9901","59.41","55.45537","0.9901"
"59.42","56.26838","0.9902667","59.42","55.47683","0.9902667"
"59.43","56.24294","0.9904333","59.43","55.50146","0.9904667"
"59.44","56.22864","0.9906","59.44","55.51736","0.9906334"
"59.45","56.22943","0.9908","59.45","55.52451","0.9908"
"59.46","56.24771","0.991","59.46","55.52769","0.9909667"
"59.47","56.27314","0.9911667","59.47","55.53563","0.9911333"
"59.48","56.30255","0.9913334","59.48","55.54835","0.9913"
"59.49","56.33513","0.9915","59.49","55.55947","0.9914667"
"59.5","56.37407","0.9916667","59.5","55.56583","0.9916"
"59.51","56.40427","0.9918333","59.51","55.56901","0.9918"
"59.52","56.4146","0.9919667","59.52","55.5714","0.9919333"
"59.53","56.40586","0.9921333","59.53","55.57378","0.9921"
"59.54","56.38997","0.9923334","59.54","55.58173","0.9922667"
"59.55","56.3709","0.9925","59.55","55.58729","0.9924667"
"59.56","56.35023","0.9926667","59.56","55.58729","0.9926"
"59.57","56.33513","0.9928333","59.57","55.58173","0.9928"
"59.58","56.33672","0.993","59.58","55.58173","0.9929667"
"59.59","56.35102","0.9931334","59.59","55.58491","0.9931334"
"59.6","56.36454","0.9933","59.6","55.58491","0.9933"
"59.61","56.36215","0.9934667","59.61","55.57935","0.9934667"
"59.62","56.34149","0.9936333","59.62","55.5714","0.9936"
"59.63","56.31129","0.9938","59.63","55.56107","0.9937667"
"59.64","56.2803","0.9939667","59.64","55.53405","0.9939333"
"59.65","56.25963","0.9941667","59.65","55.48318","0.9941"
"59.66","56.2493","0.9943333","59.66","55.41086","0.9942667"
"59.67","56.2501","0.9944667","59.67","55.32821","0.9944333"
"59.68","56.26361","0.9946667","59.68","55.24794","0.9946"
"59.69","56.29619","0.9948334","59.69","55.17085","0.9947667"
"59.7","56.33752","0.9949667","59.7","55.08025","0.9949334"
"59.71","56.36692","0.9951333","59.71","54.97217","0.9951"
"59.72","56.3693","0.9953","59.72","54.85296","0.9952667"
"59.73","56.35023","0.9954666","59.73","54.73137","0.9954666"
"59.74","56.31447","0.9956334","59.74","54.60898","0.9956334"
"59.75","56.27711","0.9958","59.75","54.485","0.9958"
"59.76","56.24692","0.9959667","59.76","54.36818","0.9959667"
"59.77","56.23579","0.9961333","59.77","54.25612","0.9961"
"59.78","56.24135","0.9963","59.78","54.13612","0.9962667"
"59.79","56.25407","0.9964667","59.79","53.99466","0.9964333"
"59.8","56.2644","0.9966334","59.8","53.83094","0.9966"
"59.81","56.2644","0.9968","59.81","53.64816","0.9968"
"59.82","56.2501","0.9969667","59.82","53.44312","0.9969667"
"59.83","56.22943","0.9971334","59.83","53.20549","0.9971334"
"59.84","56.21513","0.9973","59.84","52.92733","0.9972667"
"59.85","56.21115","0.9974667","59.85","52.59037","0.9974334"
"59.86","56.21513","0.9976333","59.86","52.16122","0.9976333"
"59.87","56.21274","0.9978","59.87","51.57153","0.9978"
"59.88","56.20162","0.9979667","59.88","50.77918","0.9979667"
"59.89","56.18811","0.9981334","59.89","49.85492","0.9981334"
"59.9","56.17936","0.9983","59.9","48.97833","0.9983"
"59.91","56.17459","0.9984667","59.91","48.28374","0.9984667"
"59.92","56.16506","0.9986333","59.92","47.78306","0.9986"
"59.93","56.14917","0.9988","59.93","47.41828","0.9987667"
"59.94","56.12532","0.9989667","59.94","47.13853","0.9989667"
"59.95","56.09433","0.9991333","59.95","46.91362","0.9991"
"59.96","56.0681","0.9993","59.96","46.73243","0.9992667"
"59.97","56.05221","0.9994667","59.97","46.58858","0.9994333"
"59.98","56.04346","0.9996334","59.98","46.47017","0.9996"
"59.99","56.03154","0.9998","59.99","46.37003","0.9997667"
"60","56.00611","1","60","46.28658","0.9999334"
"60.01","55.97989","1.000167","60.01","46.22459","1.000133"
"60.02","55.96797","1.000333","60.02","46.18645","1.0003"
"60.03","55.96717","1.000467","60.03","46.16578","1.000467"
"60.04","55.96558","1.000667","60.04","46.15228","1.0006"
"60.05","55.95128","1.0008","60.05","46.14512","1.000767"
"60.06","55.92664","1.001","60.06","46.14115","1.000933"
"60.07","55.89485","1.001167","60.07","46.13559","1.0011"
"60.08","55.86227","1.001333","60.08","46.12366","1.001267"
"60.09","55.83922","1.0015","60.09","46.10538","1.001433"
"60.1","55.82969","1.001667","60.1","46.09029","1.0016"
"60.11","55.82571","1.001833","60.11","46.08949","1.001767"
"60.12","55.81379","1.002","60.12","46.11015","1.001933"
"60.13","55.79074","1.002167","60.13","46.14433","1.0021"
"60.14","55.76531","1.002333","60.14","46.1777","1.002267"
"60.15","55.75021","1.002467","60.15","46.2087","1.002433"
"60.16","55.74067","1.002633","60.16","46.23652","1.0026"
"60.17","55.72717","1.0028","60.17","46.26195","1.002767"
"60.18","55.71048","1.002967","60.18","46.28897","1.002933"
"60.19","55.69061","1.003133","60.19","46.31917","1.0031"
"60.2","55.67471","1.0033","60.2","46.35334","1.003267"
"60.21","55.66518","1.003467","60.21","46.38831","1.003433"
"60.22","55.66199","1.003633","60.22","46.42089","1.0036"
"60.23","55.66199","1.0038","60.23","46.45427","1.003767"
"60.24","55.66438","1.004","60.24","46.48526","1.003933"
"60.25","55.66518","1.004167","60.25","46.51626","1.0041"
"60.26","55.67153","1.004333","60.26","46.54487","1.004267"
"60.27","55.68107","1.004467","60.27","46.57666","1.004433"
"60.28","55.69537","1.004633","60.28","46.61798","1.0046"
"60.29","55.70571","1.0048","60.29","46.65693","1.004767"
"60.3","55.70332","1.005","60.3","46.68951","1.004933"
"60.31","55.69458","1.005167","60.31","46.72289","1.0051"
"60.32","55.68822","1.005333","60.32","46.76183","1.005267"
"60.33","55.68743","1.0055","60.33","46.79918","1.005433"
"60.34","55.68743","1.005633","60.34","46.8262","1.005533"
"60.35","55.68584","1.0058","60.35","46.84528","1.0056"
"60.36","55.6763","1.005967",,,
"60.37","55.64849","1.006133",,,
"60.38","55.60796","1.0063",,,
"60.39","55.56901","1.0065",,,
"60.4","55.54597","1.006667",,,
"60.41","55.54517","1.006833",,,
"60.42","55.56345","1.006967",,,
"60.43","55.58968","1.007133",,,
"60.44","55.61034","1.0073",,,
"60.45","55.61431","1.007467",,,
"60.46","55.6008","1.007633",,,
"60.47","55.58252","1.0078",,,
"60.48","55.56424","1.007967",,,
"60.49","55.54835","1.008133",,,
"60.5","55.5412","1.0083",,,
"60.51","55.54755","1.008467",,,
"60.52","55.56186","1.008667",,,
"60.53","55.57378","1.008833",,,
"60.54","55.58014","1.009",,,
"60.55","55.5865","1.009133",,,
"60.56","55.58888","1.0093",,,
"60.57","55.58888","1.009467",,,
"60.58","55.58888","1.009633",,,
"60.59","55.5865","1.0098",,,
"60.6","55.57537","1.009967",,,
"60.61","55.56345","1.010133",,,
"60.62","55.55312","1.0103",,,
"60.63","55.54358","1.010467",,,
"60.64","55.53405","1.010633",,,
"60.65","55.53246","1.0108",,,
"60.66","55.53881","1.010967",,,
"60.67","55.55232","1.011133",,,
"60.68","55.56663","1.0113",,,
"60.69","55.58411","1.011467",,,
"60.7","55.59604","1.011633",,,
"60.71","55.59762","1.0118",,,
"60.72","55.59127","1.011967",,,
"60.73","55.59206","1.012133",,,
"60.74","55.60001","1.0123",,,
"60.75","55.60716","1.012467",,,
"60.76","55.60716","1.012633",,,
"60.77","55.6008","1.0128",,,
"60.78","55.59604","1.012967",,,
"60.79","55.59365","1.013133",,,
"60.8","55.59127","1.0133",,,
"60.81","55.58888","1.013467",,,
"60.82","55.58888","1.013633",,,
"60.83","55.58968","1.0138",,,
"60.84","55.5865","1.013967",,,
"60.85","55.57775","1.014133",,,
"60.86","55.57537","1.014333",,,
"60.87","55.58411","1.014467",,,
"60.88","55.59842","1.014633",,,
"60.89","55.61272","1.0148",,,
"60.9","55.62544","1.014967",,,
"60.91","55.63259","1.015133",,,
"60.92","55.62862","1.0153",,,
"60.93","55.61431","1.015467",,,
"60.94","55.60001","1.015633",,,
"60.95","55.60239","1.0158",,,
"60.96","55.6167","1.015967",,,
"60.97","55.62305","1.016133",,,
"60.98","55.61431","1.016333",,,
"60.99","55.60796","1.0165",,,
"61","55.61431","1.016667",,,
"61.01","55.63021","1.016833",,,
"61.02","55.6469","1.017",,,
"61.03","55.65961","1.017167",,,
"61.04","55.65564","1.017333",,,
"61.05","55.63657","1.017467",,,
"61.06","55.61272","1.017633",,,
"61.07","55.59842","1.0178",,,
"61.08","55.5865","1.017967",,,
"61.09","55.56822","1.018133",,,
"61.1","55.54835","1.0183",,,
"61.11","55.53643","1.018433",,,
"61.12","55.52689","1.018633",,,
"61.13","55.51815","1.0188",,,
"61.14","55.511","1.018967",,,
"61.15","55.51179","1.019133",,,
"61.16","55.52292","1.0193",,,
"61.17","55.54835","1.019467",,,
"61.18","55.58173","1.019633",,,
"61.19","55.60716","1.0198",,,
"61.2","55.61431","1.019967",,,
"61.21","55.60557","1.020133",,,
"61.22","55.59842","1.020333",,,
"61.23","55.60001","1.020467",,,
"61.24","55.60477","1.020667",,,
"61.25","55.61193","1.020833",,,
"61.26","55.62623","1.020967",,,
"61.27","55.64451","1.021133",,,
"61.28","55.65961","1.021267",,,
"61.29","55.66518","1.021467",,,
"61.3","55.65802","1.021633",,,
"61.31","55.63498","1.0218",,,
"61.32","55.60954","1.021933",,,
"61.33","55.59524","1.022133",,,
"61.34","55.59365","1.0223",,,
"61.35","55.59842","1.022467",,,
"61.36","55.60716","1.022633",,,
"61.37","55.62146","1.0228",,,
"61.38","55.63895","1.022967",,,
"61.39","55.65405","1.023133",,,
"61.4","55.66279","1.0233",,,
"61.41","55.66676","1.0235",,,
"61.42","55.67153","1.023633",,,
"61.43","55.68027","1.0238",,,
"61.44","55.6922","1.023967",,,
"61.45","55.69696","1.024133",,,
"61.46","55.69458","1.0243",,,
"61.47","55.68743","1.024467",,,
"61.48","55.67868","1.0246",,,
"61.49","55.66915","1.024767",,,
"61.5","55.65961","1.024967",,,
"61.51","55.65405","1.025133",,,
"61.52","55.65326","1.0253",,,
"61.53","55.65405","1.025467",,,
"61.54","55.66438","1.025633",,,
"61.55","55.68504","1.0258",,,
"61.56","55.71048","1.025967",,,
"61.57","55.73432","1.026133",,,
"61.58","55.75021","1.0263",,,
"61.59","55.75498","1.026467",,,
"61.6","55.7518","1.026667",,,
"61.61","55.74465","1.0268",,,
"61.62","55.7375","1.026967",,,
"61.63","55.73829","1.027133",,,
"61.64","55.74942","1.0273",,,
"61.65","55.76611","1.027467",,,
"61.66","55.78439","1.027633",,,
"61.67","55.80187","1.0278",,,
"61.68","55.81141","1.027967",,,
"61.69","55.81141","1.028167",,,
"61.7","55.80425","1.028333",,,
"61.71","55.79551","1.028467",,,
"61.72","55.79154","1.028633",,,
"61.73","55.79948","1.028833",,,
"61.74","55.81141","1.029",,,
"61.75","55.80902","1.029167",,,
"61.76","55.7812","1.029333",,,
"61.77","55.74465","1.029467",,,
"61.78","55.71127","1.029667",,,
"61.79","55.67153","1.029833",,,
"61.8","55.6167","1.03",,,
"61.81","55.56107","1.030167",,,
"61.82","55.52053","1.030333",,,
"61.83","55.50225","1.030467",,,
"61.84","55.49669","1.030633",,,
"61.85","55.49431","1.030833",,,
"61.86","55.48636","1.030967",,,
"61.87","55.4649","1.031133",,,
"61.88","55.44424","1.0313",,,
"61.89","55.44265","1.0315",,,
"61.9","55.45775","1.031667",,,
"61.91","55.47047","1.0318",,,
"61.92","55.47921","1.031967",,,
"61.93","55.49431","1.032133",,,
"61.94","55.51974","1.032267",,,
"61.95","55.5404","1.032467",,,
"61.96","55.54358","1.032633",,,
"61.97","55.53802","1.0328",,,
"61.98","55.53563","1.032967",,,
"61.99","55.54994","1.033133",,,
"62","55.57935","1.0333",,,
"62.01","55.60954","1.0335",,,
"62.02","55.63498","1.033633",,,
"62.03","55.65961","1.0338",,,
"62.04","55.68504","1.033967",,,
"62.05","55.70412","1.034133",,,
"62.06","55.71604","1.0343",,,
"62.07","55.72637","1.034467",,,
"62.08","55.73193","1.034633",,,
"62.09","55.73193","1.0348",,,
"62.1","55.72717","1.034967",,,
"62.11","55.72637","1.035167",,,
"62.12","55.73114","1.0353",,,
"62.13","55.74783","1.0355",,,
"62.14","55.77723","1.035633",,,
"62.15","55.81458","1.0358",,,
"62.16","55.85035","1.035967",,,
"62.17","55.87419","1.036133",,,
"62.18","55.87975","1.0363",,,
"62.19","55.86624","1.036467",,,
"62.2","55.84637","1.036667",,,
"62.21","55.84558","1.036833",,,
"62.22","55.86227","1.036967",,,
"62.23","55.88055","1.037133",,,
"62.24","55.89247","1.0373",,,
"62.25","55.89724","1.037467",,,
"62.26","55.88929","1.0376",,,
"62.27","55.86863","1.037767",,,
"62.28","55.84558","1.037933",,,
"62.29","55.82492","1.038133",,,
"62.3","55.80743","1.0383",,,
"62.31","55.79789","1.038467",,,
"62.32","55.80425","1.038633",,,
"62.33","55.82571","1.0388",,,
"62.34","55.85511","1.038967",,,
"62.35","55.88055","1.039133",,,
"62.36","55.89883","1.0393",,,
"62.37","55.90757","1.039467",,,
"62.38","55.90359","1.039633",,,
"62.39","55.89247","1.0398",,,
"62.4","55.88055","1.039967",,,
"62.41","55.87101","1.040133",,,
"62.42","55.8583","1.0403",,,
"62.43","55.84399","1.040467",,,
"62.44","55.83048","1.040633",,,
"62.45","55.82015","1.0408",,,
"62.46","55.8122","1.040967",,,
"62.47","55.81141","1.041133",,,
"62.48","55.8122","1.041267",,,
"62.49","55.81141","1.041467",,,
"62.5","55.80028","1.0416",,,
"62.51","55.782","1.0418",,,
"62.52","55.76531","1.041933",,,
"62.53","55.75816","1.042133",,,
"62.54","55.75895","1.042333",,,
"62.55","55.76293","1.042467",,,
"62.56","55.77087","1.042633",,,
"62.57","55.79313","1.0428",,,
"62.58","55.82253","1.042967",,,
"62.59","55.84637","1.043133",,,
"62.6","55.84637","1.0433",,,
"62.61","55.8273","1.043467",,,
"62.62","55.80266","1.043633",,,
"62.63","55.78836","1.0438",,,
"62.64","55.78836","1.043967",,,
"62.65","55.79948","1.044133",,,
"62.66","55.81379","1.0443",,,
"62.67","55.82492","1.044467",,,
"62.68","55.8273","1.0446",,,
"62.69","55.82333","1.0448",,,
"62.7","55.81458","1.044967",,,
"62.71","55.80028","1.045133",,,
"62.72","55.77962","1.045267",,,
"62.73","55.76293","1.045467",,,
"62.74","55.76054","1.045633",,,
"62.75","55.76531","1.0458",,,
"62.76","55.76611","1.045933",,,
"62.77","55.77087","1.046133",,,
"62.78","55.78677","1.0463",,,
"62.79","55.80902","1.046467",,,
"62.8","55.82571","1.046667",,,
"62.81","55.83525","1.046833",,,
"62.82","55.85353","1.046967",,,
"62.83","55.88452","1.047133",,,
"62.84","55.91075","1.0473",,,
"62.85","55.9171","1.047467",,,
"62.86","55.90041","1.047633",,,
"62.87","55.87816","1.0478",,,
"62.88","55.8583","1.047933",,,
"62.89","55.84637","1.048133",,,
"62.9","55.84558","1.0483",,,
"62.91","55.85591","1.048467",,,
"62.92","55.86942","1.048633",,,
"62.93","55.88293","1.0488",,,
"62.94","55.90121","1.048967",,,
"62.95","55.92187","1.049133",,,
"62.96","55.93379","1.0493",,,
"62.97","55.933","1.0495",,,
"62.98","55.92902","1.049667",,,
"62.99","55.93618","1.0498",,,
"63","55.9624","1.049967",,,
"63.01","55.99499","1.050133",,,
"63.02","56.01168","1.0503",,,
"63.03","56.00452","1.050467",,,
"63.04","55.98148","1.0506",,,
"63.05","55.95207","1.0508",,,
"63.06","55.92823","1.050967",,,
"63.07","55.90995","1.0511",,,
"63.08","55.89247","1.051267",,,
"63.09","55.86624","1.051433",,,
"63.1","55.83048","1.0516",,,
"63.11","55.79789","1.051767",,,
"63.12","55.77326","1.051933",,,
"63.13","55.76134","1.0521",,,
"63.14","55.76134","1.0523",,,
"63.15","55.76531","1.052467",,,
"63.16","55.76531","1.0526",,,
"63.17","55.75657","1.052767",,,
"63.18","55.74703","1.052933",,,
"63.19","55.7375","1.0531",,,
"63.2","55.72637","1.053267",,,
"63.21","55.70889","1.053433",,,
"63.22","55.68743","1.0536",,,
"63.23","55.66994","1.0538",,,
"63.24","55.66518","1.053933",,,
"63.25","55.67153","1.054133",,,
"63.26","55.68345","1.0543",,,
"63.27","55.69696","1.054467",,,
"63.28","55.70332","1.054633",,,
"63.29","55.69537","1.0548",,,
"63.3","55.68107","1.054967",,,
"63.31","55.67153","1.055167",,,
"63.32","55.67789","1.0553",,,
"63.33","55.69299","1.055467",,,
"63.34","55.71048","1.055633",,,
"63.35","55.7216","1.0558",,,
"63.36","55.71922","1.055967",,,
"63.37","55.69935","1.0561",,,
"63.38","55.66915","1.056267",,,
"63.39","55.64213","1.056467",,,
"63.4","55.62067","1.056633",,,
"63.41","55.59842","1.0568",,,
"63.42","55.57935","1.056967",,,
"63.43","55.5714","1.057133",,,
"63.44","55.58014","1.0573",,,
"63.45","55.59842","1.057467",,,
"63.46","55.6159","1.057633",,,
"63.47","55.62623","1.0578",,,
"63.48","55.62782","1.057967",,,
"63.49","55.61908","1.058133",,,
"63.5","55.6008","1.0583",,,
"63.51","55.58173","1.058467",,,
"63.52","55.57299","1.058633",,,
"63.53","55.57935","1.0588",,,
"63.54","55.58888","1.058967",,,
"63.55","55.59524","1.059133",,,
"63.56","55.59842","1.0593",,,
"63.57","55.59762","1.059467",,,
"63.58","55.59127","1.059667",,,
"63.59","55.58411","1.0598",,,
"63.6","55.58014","1.059967",,,
"63.61","55.57775","1.060133",,,
"63.62","55.57696","1.0603",,,
"63.63","55.5706","1.060467",,,
"63.64","55.56107","1.060633",,,
"63.65","55.55232","1.0608",,,
"63.66","55.55232","1.060967",,,
"63.67","55.5563","1.061133",,,
"63.68","55.55709","1.0613",,,
"63.69","55.55471","1.061467",,,
"63.7","55.54994","1.061667",,,
"63.71","55.54597","1.0618",,,
"63.72","55.54755","1.061967",,,
"63.73","55.56107","1.0621",,,
"63.74","55.57537","1.062267",,,
"63.75","55.57299","1.062467",,,
"63.76","55.54358","1.062633",,,
"63.77","55.50464","1.0628",,,
"63.78","55.4808","1.062967",,,
"63.79","55.47921","1.063133",,,
"63.8","55.49113","1.063267",,,
"63.81","55.50225","1.063467",,,
"63.82","55.50623","1.063633",,,
"63.83","55.49987","1.0638",,,
"63.84","55.48636","1.064",,,
"63.85","55.47444","1.064167",,,
"63.86","55.47206","1.0643",,,
"63.87","55.47683","1.064467",,,
"63.88","55.48398","1.064633",,,
"63.89","55.48318","1.0648",,,
"63.9","55.46331","1.064967",,,
"63.91","55.42676","1.065133",,,
"63.92","55.38702","1.0653",,,
"63.93","55.34808","1.0655",,,
"63.94","55.30914","1.065633",,,
"63.95","55.26384","1.0658",,,
"63.96","55.22251","1.065967",,,
"63.97","55.18516","1.066133",,,
"63.98","55.14383","1.0663",,,
"63.99","55.09377","1.066467",,,
"64","55.04529","1.066633",,,
"64.01","55.01111","1.0668",,,
"64.02","54.99204","1.066967",,,
"64.03","54.98092","1.0671",,,
"64.04","54.95866","1.067267",,,
"64.05","54.92131","1.0674",,,
"64.06","54.87601","1.0676",,,
"64.07","54.83866","1.0678",,,
"64.08","54.81084","1.067967",,,
"64.09","54.79256","1.068133",,,
"64.1","54.79336","1.0683",,,
"64.11","54.81641","1.068467",,,
"64.12","54.84343","1.068633",,,
"64.13","54.85217","1.068767",,,
"64.14","54.84343","1.068933",,,
"64.15","54.83627","1.069133",,,
"64.16","54.8315","1.069267",,,
"64.17","54.81322","1.069467",,,
"64.18","54.78541","1.069667",,,
"64.19","54.76713","1.0698",,,
"64.2","54.77508","1.069967",,,
"64.21","54.8021","1.070133",,,
"64.22","54.8315","1.0703",,,
"64.23","54.84581","1.070467",,,
"64.24","54.84502","1.070633",,,
"64.25","54.8323","1.0708",,,
"64.26","54.82117","1.070967",,,
"64.27","54.81799","1.071133",,,
"64.28","54.81561","1.0713",,,
"64.29","54.80925","1.071467",,,
"64.3","54.8021","1.071633",,,
"64.31","54.79733","1.0718",,,
"64.32","54.79574","1.071967",,,
"64.33","54.79733","1.072133",,,
"64.34","54.79336","1.0723",,,
"64.35","54.78859","1.072467",,,
"64.36","54.79097","1.072667",,,
"64.37","54.79972","1.072833",,,
"64.38","54.80449","1.072967",,,
"64.39","54.80449","1.073133",,,
"64.4","54.80925","1.0733",,,
"64.41","54.81641","1.073467",,,
"64.42","54.81322","1.073667",,,
"64.43","54.79972","1.073833",,,
"64.44","54.79256","1.073967",,,
"64.45","54.80369","1.074133",,,
"64.46","54.82912","1.074333",,,
"64.47","54.85058","1.074467",,,
"64.48","54.85535","1.074633",,,
"64.49","54.84978","1.0748",,,
"64.5","54.84343","1.074967",,,
"64.51","54.83945","1.075133",,,
"64.52","54.83468","1.0753",,,
"64.53","54.82912","1.075467",,,
"64.54","54.82912","1.075633",,,
"64.55","54.83389","1.0758",,,
"64.56","54.83627","1.075967",,,
"64.57","54.83627","1.076167",,,
"64.58","54.83866","1.076333",,,
"64.59","54.84502","1.076467",,,
"64.6","54.85058","1.076633",,,
"64.61","54.85773","1.0768",,,
"64.62","54.86568","1.076967",,,
"64.63","54.86329","1.077133",,,
"64.64","54.84978","1.0773",,,
"64.65","54.84184","1.077467",,,
"64.66","54.84819","1.077633",,,
"64.67","54.85535","1.077833",,,
"64.68","54.85535","1.078",,,
"64.69","54.86012","1.078133",,,
"64.7","54.87601","1.0783",,,
"64.71","54.89588","1.0785",,,
"64.72","54.90462","1.078667",,,
"64.73","54.89588","1.078833",,,
"64.74","54.88237","1.079",,,
"64.75","54.88078","1.079133",,,
"64.76","54.89111","1.0793",,,
"64.77","54.89667","1.079467",,,
"64.78","54.89588","1.079633",,,
"64.79","54.89111","1.0798",,,
"64.8","54.88952","1.079967",,,
"64.81","54.8919","1.080133",,,
"64.82","54.89588","1.0803",,,
"64.83","54.90065","1.080467",,,
"64.84","54.90541","1.080667",,,
"64.85","54.91734","1.080833",,,
"64.86","54.94277","1.081",,,
"64.87","54.98171","1.081167",,,
"64.88","55.02224","1.081333",,,
"64.89","55.05164","1.0815",,,
"64.9","55.06356","1.081633",,,
"64.91","55.06198","1.0818",,,
"64.92","55.05244","1.081967",,,
"64.93","55.03178","1.082133",,,
"64.94","54.99919","1.0823",,,
"64.95","54.95787","1.082467",,,
"64.96","54.92608","1.082633",,,
"64.97","54.91416","1.0828",,,
"64.98","54.91734","1.083",,,
"64.99","54.92369","1.083167",,,
"65","54.92767","1.083333",,,
"65.01","54.93085","1.0835",,,
"65.02","54.9372","1.083667",,,
"65.03","54.94277","1.083833",,,
"65.04","54.94038","1.084",,,
"65.05","54.92608","1.084167",,,
"65.06","54.90303","1.0843",,,
"65.07","54.87998","1.084467",,,
"65.08","54.86171","1.084667",,,
"65.09","54.84819","1.084833",,,
"65.1","54.83627","1.084967",,,
"65.11","54.82912","1.085133",,,
"65.12","54.82674","1.085333",,,
"65.13","54.82276","1.085467",,,
"65.14","54.81561","1.085667",,,
"65.15","54.81322","1.0858",,,
"65.16","54.82038","1.085967",,,
"65.17","54.8315","1.086167",,,
"65.18","54.83707","1.0863",,,
"65.19","54.83468","1.086467",,,
"65.2","54.82435","1.086633",,,
"65.21","54.80925","1.086833",,,
"65.22","54.79733","1.087",,,
"65.23","54.79097","1.087133",,,
"65.24","54.79495","1.0873",,,
"65.25","54.80846","1.0875",,,
"65.26","54.81641","1.087667",,,
"65.27","54.81402","1.0878",,,
"65.28","54.81322","1.087967",,,
"65.29","54.82435","1.088167",,,
"65.3","54.83945","1.0883",,,
"65.31","54.84343","1.088467",,,
"65.32","54.83468","1.088667",,,
"65.33","54.82515","1.088833",,,
"65.34","54.82038","1.089",,,
"65.35","54.82435","1.089167",,,
"65.36","54.83707","1.089333",,,
"65.37","54.85058","1.0895",,,
"65.38","54.85773","1.089667",,,
"65.39","54.86171","1.089833",,,
"65.4","54.86806","1.089967",,,
"65.41","54.87283","1.090133",,,
"65.42","54.86171","1.0903",,,
"65.43","54.83627","1.090467",,,
"65.44","54.80687","1.090633",,,
"65.45","54.78303","1.0908",,,
"65.46","54.77269","1.090967",,,
"65.47","54.77905","1.091133",,,
"65.48","54.78859","1.0913",,,
"65.49","54.79256","1.091467",,,
"65.5","54.79256","1.091633",,,
"65.51","54.78541","1.0918",,,
"65.52","54.7719","1.091967",,,
"65.53","54.7568","1.092167",,,
"65.54","54.74408","1.092333",,,
"65.55","54.73773","1.0925",,,
"65.56","54.74647","1.092633",,,
"65.57","54.7719","1.0928",,,
"65.58","54.8021","1.092967",,,
"65.59","54.81641","1.093133",,,
"65.6","54.80369","1.0933",,,
"65.61","54.76713","1.093467",,,
"65.62","54.7266","1.093633",,,
"65.63","54.6964","1.0938",,,
"65.64","54.67415","1.093967",,,
"65.65","54.65984","1.094167",,,
"65.66","54.64633","1.094333",,,
"65.67","54.63441","1.094467",,,
"65.68","54.62964","1.094633",,,
"65.69","54.62806","1.0948",,,
"65.7","54.61852","1.094967",,,
"65.71","54.5915","1.095133",,,
"65.72","54.55256","1.0953",,,
"65.73","54.51759","1.0955",,,
"65.74","54.49057","1.095667",,,
"65.75","54.47785","1.0958",,,
"65.76","54.47467","1.096",,,
"65.77","54.47865","1.096167",,,
"65.78","54.47865","1.096333",,,
"65.79","54.46275","1.096467",,,
"65.8","54.43096","1.096667",,,
"65.81","54.39202","1.0968",,,
"65.82","54.35626","1.097",,,
"65.83","54.32288","1.097133",,,
"65.84","54.29268","1.0973",,,
"65.85","54.26566","1.097467",,,
"65.86","54.23943","1.097633",,,
"65.87","54.21082","1.097833",,,
"65.88","54.18777","1.097967",,,
"65.89","54.17347","1.098167",,,
"65.9","54.16949","1.098333",,,
"65.91","54.17268","1.098467",,,
"65.92","54.17585","1.098633",,,
"65.93","54.17506","1.0988",,,
"65.94","54.1687","1.098967",,,
"65.95","54.15201","1.099133",,,
"65.96","54.12499","1.0993",,,
"65.97","54.09797","1.099467",,,
"65.98","54.08843","1.099633",,,
"65.99","54.09558","1.0998",,,
"66","54.1091","1.099967",,,
"66.01","54.11386","1.100133",,,
"66.02","54.10989","1.1003",,,
"66.03","54.10433","1.100467",,,
"66.04","54.09718","1.100633",,,
"66.05","54.08923","1.100833",,,
"66.06","54.08366","1.101",,,
"66.07","54.08366","1.101133",,,
"66.08","54.08685","1.1013",,,
"66.09","54.08923","1.101467",,,
"66.1","54.08685","1.101633",,,
"66.11","54.08128","1.1018",,,
"66.12","54.07413","1.101967",,,
"66.13","54.06857","1.102133",,,
"66.14","54.06618","1.102333",,,
"66.15","54.07016","1.102467",,,
"66.16","54.07651","1.102667",,,
"66.17","54.08446","1.1028",,,
"66.18","54.08923","1.102967",,,
"66.19","54.09082","1.103133",,,
"66.2","54.08685","1.103267",,,
"66.21","54.07731","1.103467",,,
"66.22","54.063","1.103633",,,
"66.23","54.04711","1.1038",,,
"66.24","54.0336","1.103967",,,
"66.25","54.03042","1.104167",,,
"66.26","54.0336","1.104333",,,
"66.27","54.03598","1.104467",,,
"66.28","54.03996","1.104633",,,
"66.29","54.05347","1.1048",,,
"66.3","54.0638","1.104967",,,
"66.31","54.06062","1.105133",,,
"66.32","54.04472","1.1053",,,
"66.33","54.02644","1.1055",,,
"66.34","54.00975","1.105633",,,
"66.35","53.99704","1.1058",,,
"66.36","53.99466","1.105967",,,
"66.37","54.00181","1.106167",,,
"66.38","54.00975","1.1063",,,
"66.39","54.01055","1.106467",,,
"66.4","54.01691","1.106633",,,
"66.41","54.0336","1.1068",,,
"66.42","54.05347","1.106967",,,
"66.43","54.06141","1.107133",,,
"66.44","54.05824","1.1073",,,
"66.45","54.0479","1.107467",,,
"66.46","54.03836","1.107633",,,
"66.47","54.03042","1.1078",,,
"66.48","54.02009","1.107967",,,
"66.49","54.00975","1.108133",,,
"66.5","54.00419","1.1083",,,
"66.51","54.00419","1.108467",,,
"66.52","54.00101","1.1086",,,
"66.53","53.99148","1.1088",,,
"66.54","53.97399","1.108933",,,
"66.55","53.95333","1.1091",,,
"66.56","53.93426","1.109267",,,
"66.57","53.91598","1.109467",,,
"66.58","53.89611","1.1096",,,
"66.59","53.87704","1.109767",,,
"66.6","53.86591","1.109933",,,
"66.61","53.8675","1.110133",,,
"66.62","53.86988","1.110333",,,
"66.63","53.86591","1.110467",,,
"66.64","53.86829","1.110667",,,
"66.65","53.88657","1.110833",,,
"66.66","53.90962","1.110967",,,
"66.67","53.92631","1.111133",,,
"66.68","53.9279","1.1113",,,
"66.69","53.91359","1.111467",,,
"66.7","53.88896","1.1116",,,
"66.71","53.86432","1.1118",,,
"66.72","53.85399","1.111967",,,
"66.73","53.84684","1.112133",,,
"66.74","53.83412","1.112333",,,
"66.75","53.8222","1.1125",,,
"66.76","53.82538","1.112667",,,
"66.77","53.84525","1.112833",,,
"66.78","53.87227","1.113",,,
"66.79","53.89293","1.113133",,,
"66.8","53.90008","1.113333",,,
"66.81","53.89054","1.1135",,,
"66.82","53.87227","1.113667",,,
"66.83","53.85478","1.1138",,,
"66.84","53.84684","1.113967",,,
"66.85","53.84286","1.114167",,,
"66.86","53.83651","1.1143",,,
"66.87","53.82697","1.114467",,,
"66.88","53.81584","1.114633",,,
"66.89","53.8063","1.1148",,,
"66.9","53.79677","1.114967",,,
"66.91","53.78723","1.115167",,,
"66.92","53.78962","1.115333",,,
"66.93","53.8079","1.1155",,,
"66.94","53.83412","1.115667",,,
"66.95","53.86591","1.1158",,,
"66.96","53.89293","1.116",,,
"66.97","53.90008","1.116133",,,
"66.98","53.88498","1.1163",,,
"66.99","53.86193","1.116467",,,
"67","53.84366","1.1166",,,
"67.01","53.83094","1.1168",,,
"67.02","53.81505","1.116967",,,
"67.03","53.80471","1.117133",,,
"67.04","53.80233","1.117267",,,
"67.05","53.80471","1.117433",,,
"67.06","53.80392","1.117633",,,
"67.07","53.79995","1.1178",,,
"67.08","53.79677","1.117967",,,
"67.09","53.79438","1.118133",,,
"67.1","53.79756","1.1183",,,
"67.11","53.8079","1.118467",,,
"67.12","53.81743","1.118633",,,
"67.13","53.81584","1.1188",,,
"67.14","53.80471","1.118967",,,
"67.15","53.79915","1.119133",,,
"67.16","53.80392","1.119333",,,
"67.17","53.81028","1.1195",,,
"67.18","53.81505","1.119633",,,
"67.19","53.82538","1.1198",,,
"67.2","53.84127","1.119967",,,
"67.21","53.84525","1.120133",,,
"67.22","53.83094","1.1203",,,
"67.23","53.81346","1.120467",,,
"67.24","53.80154","1.120633",,,
"67.25","53.78723","1.120833",,,
"67.26","53.77134","1.120967",,,
"67.27","53.76975","1.121133",,,
"67.28","53.78723","1.1213",,,
"67.29","53.80471","1.121467",,,
"67.3","53.80233","1.121667",,,
"67.31","53.78405","1.1218",,,
"67.32","53.76736","1.121967",,,
"67.33","53.75544","1.122167",,,
"67.34","53.74432","1.122333",,,
"67.35","53.7324","1.122467",,,
"67.36","53.72604","1.122633",,,
"67.37","53.72604","1.1228",,,
"67.38","53.72365","1.122967",,,
"67.39","53.70776","1.123133",,,
"67.4","53.6863","1.123267",,,
"67.41","53.6712","1.123467",,,
"67.42","53.6712","1.123633",,,
"67.43","53.68074","1.1238",,,
"67.44","53.68948","1.123967",,,
"67.45","53.69425","1.124167",,,
"67.46","53.70061","1.1243",,,
"67.47","53.70935","1.124467",,,
"67.48","53.7173","1.124633",,,
"67.49","53.72763","1.1248",,,
"67.5","53.73716","1.125",,,
"67.51","53.73557","1.125133",,,
"67.52","53.71968","1.1253",,,
"67.53","53.70299","1.125467",,,
"67.54","53.69822","1.125633",,,
"67.55","53.70061","1.1258",,,
"67.56","53.69584","1.125967",,,
"67.57","53.67597","1.126133",,,
"67.58","53.65531","1.1263",,,
"67.59","53.63703","1.126467",,,
"67.6","53.62113","1.1266",,,
"67.61","53.60842","1.126767",,,
"67.62","53.60603","1.126967",,,
"67.63","53.6116","1.127133",,,
"67.64","53.6116","1.1273",,,
"67.65","53.60603","1.127433",,,
"67.66","53.60444","1.127633",,,
"67.67","53.6116","1.1278",,,
"67.68","53.62034","1.127933",,,
"67.69","53.62034","1.128133",,,
"67.7","53.61319","1.1283",,,
"67.71","53.60444","1.128467",,,
"67.72","53.60365","1.128633",,,
"67.73","53.60603","1.1288",,,
"67.74","53.60683","1.128967",,,
"67.75","53.60683","1.129133",,,
"67.76","53.60206","1.129267",,,
"67.77","53.59491","1.129433",,,
"67.78","53.58298","1.129633",,,
"67.79","53.56789","1.1298",,,
"67.8","53.55437","1.129967",,,
"67.81","53.54007","1.130133",,,
"67.82","53.52815","1.1303",,,
"67.83","53.51782","1.130467",,,
"67.84","53.51543","1.130633",,,
"67.85","53.51702","1.130767",,,
"67.86","53.51226","1.130967",,,
"67.87","53.5051","1.131133",,,
"67.88","53.49874","1.131267",,,
"67.89","53.49715","1.131467",,,
"67.9","53.49874","1.131633",,,
"67.91","53.49398","1.1318",,,
"67.92","53.48046","1.131967",,,
"67.93","53.45742","1.132133",,,
"67.94","53.4296","1.1323",,,
"67.95","53.40258","1.132467",,,
"67.96","53.38351","1.132633",,,
"67.97","53.36285","1.1328",,,
"67.98","53.33106","1.132967",,,
"67.99","53.29053","1.133133",,,
"68","53.2492","1.1333",,,
"68.01","53.20947","1.133467",,,
"68.02","53.1737","1.133633",,,
"68.03","53.14509","1.1338",,,
"68.04","53.12204","1.133967",,,
"68.05","53.10376","1.134133",,,
"68.06","53.08787","1.1343",,,
"68.07","53.07277","1.134467",,,
"68.08","53.06005","1.134633",,,
"68.09","53.04416","1.1348",,,
"68.1","53.01952","1.134933",,,
"68.11","52.99012","1.1351",,,
"68.12","52.96628","1.135267",,,
"68.13","52.94879","1.135433",,,
"68.14","52.93449","1.1356",,,
"68.15","52.92098","1.135767",,,
"68.16","52.91383","1.135933",,,
"68.17","52.91541","1.1361",,,
"68.18","52.92575","1.136267",,,
"68.19","52.93925","1.136467",,,
"68.2","52.94641","1.136633",,,
"68.21","52.948","1.1368",,,
"68.22","52.95277","1.136967",,,
"68.23","52.96946","1.137133",,,
"68.24","52.99409","1.137267",,,
"68.25","53.01635","1.137433",,,
"68.26","53.0235","1.1376",,,
"68.27","53.01476","1.137767",,,
"68.28","52.99886","1.137933",,,
"68.29","52.98455","1.138133",,,
"68.3","52.97343","1.1383",,,
"68.31","52.97343","1.138467",,,
"68.32","52.99171","1.1386",,,
"68.33","53.02588","1.1388",,,
"68.34","53.05846","1.138967",,,
"68.35","53.07436","1.139133",,,
"68.36","53.07038","1.1393",,,
"68.37","53.06005","1.139467",,,
"68.38","53.0537","1.139633",,,
"68.39","53.05767","1.1398",,,
"68.4","53.06562","1.139967",,,
"68.41","53.07674","1.140133",,,
"68.42","53.08628","1.1403",,,
"68.43","53.09026","1.140467",,,
"68.44","53.08628","1.1406",,,
"68.45","53.08072","1.1408",,,
"68.46","53.06959","1.140933",,,
"68.47","53.05529","1.141133",,,
"68.48","53.04019","1.141333",,,
"68.49","53.03065","1.1415",,,
"68.5","53.02906","1.141667",,,
"68.51","53.03939","1.141833",,,
"68.52","53.06244","1.142",,,
"68.53","53.08867","1.142133",,,
"68.54","53.10138","1.1423",,,
"68.55","53.09264","1.142467",,,
"68.56","53.07277","1.142633",,,
"68.57","53.05608","1.1428",,,
"68.58","53.04893","1.142967",,,
"68.59","53.05767","1.143133",,,
"68.6","53.06959","1.1433",,,
"68.61","53.07436","1.143467",,,
"68.62","53.07436","1.143633",,,
"68.63","53.0831","1.1438",,,
"68.64","53.10218","1.144",,,
"68.65","53.12443","1.144167",,,
"68.66","53.1435","1.1443",,,
"68.67","53.16893","1.144467",,,
"68.68","53.19834","1.144633",,,
"68.69","53.21423","1.1448",,,
"68.7","53.20311","1.144967",,,
"68.71","53.18483","1.145133",,,
"68.72","53.17926","1.1453",,,
"68.73","53.1888","1.145467",,,
"68.74","53.2047","1.145633",,,
"68.75","53.219","1.145767",,,
"68.76","53.22297","1.145933",,,
"68.77","53.21503","1.146133",,,
"68.78","53.20549","1.146333",,,
"68.79","53.19754","1.146467",,,
"68.8","53.19357","1.146633",,,
"68.81","53.20231","1.1468",,,
"68.82","53.22059","1.147",,,
"68.83","53.24125","1.147133",,,
"68.84","53.25794","1.147333",,,
"68.85","53.27145","1.147467",,,
"68.86","53.27463","1.147633",,,
"68.87","53.26748","1.1478",,,
"68.88","53.25317","1.148",,,
"68.89","53.23489","1.148133",,,
"68.9","53.22536","1.1483",,,
"68.91","53.23489","1.148467",,,
"68.92","53.25556","1.148633",,,
"68.93","53.26669","1.1488",,,
"68.94","53.25953","1.148967",,,
"68.95","53.23966","1.149133",,,
"68.96","53.22059","1.149267",,,
"68.97","53.20947","1.149433",,,
"68.98","53.21026","1.1496",,,
"68.99","53.21503","1.149767",,,
"69","53.20947","1.149933",,,
"69.01","53.1888","1.150133",,,
"69.02","53.17052","1.150333",,,
"69.03","53.16893","1.1505",,,
"69.04","53.19436","1.150633",,,
"69.05","53.24364","1.1508",,,
"69.06","53.29291","1.150967",,,
"69.07","53.31914","1.151133",,,
"69.08","53.31039","1.151333",,,
"69.09","53.27861","1.151467",,,
"69.1","53.25079","1.151633",,,
"69.11","53.24681","1.1518",,,
"69.12","53.25556","1.151967",,,
"69.13","53.24602","1.152133",,,
"69.14","53.21185","1.1523",,,
"69.15","53.16655","1.152467",,,
"69.16","53.13158","1.152633",,,
"69.17","53.11092","1.1528",,,
"69.18","53.09661","1.152967",,,
"69.19","53.07595","1.153133",,,
"69.2","53.04734","1.153333",,,
"69.21","53.02429","1.153467",,,
"69.22","53.01396","1.153633",,,
"69.23","53.01714","1.1538",,,
"69.24","53.02827","1.153967",,,
"69.25","53.03542","1.154133",,,
"69.26","53.03144","1.1543",,,
"69.27","53.01952","1.154467",,,
"69.28","53.00363","1.154633",,,
"69.29","52.99012","1.154767",,,
"69.3","52.98694","1.154967",,,
"69.31","52.99171","1.155133",,,
"69.32","52.99409","1.1553",,,
"69.33","52.9933","1.155467",,,
"69.34","52.99807","1.155667",,,
"69.35","53.01078","1.1558",,,
"69.36","53.02668","1.156",,,
"69.37","53.04019","1.156167",,,
"69.38","53.04972","1.156333",,,
"69.39","53.0537","1.1565",,,
"69.4","53.05131","1.156633",,,
"69.41","53.04734","1.1568",,,
"69.42","53.04019","1.156967",,,
"69.43","53.02668","1.157133",,,
"69.44","52.99886","1.1573",,,
"69.45","52.95992","1.157467",,,
"69.46","52.92336","1.157633",,,
"69.47","52.90508","1.157833",,,
"69.48","52.90508","1.158",,,
"69.49","52.91621","1.158167",,,
"69.5","52.93052","1.158367",,,
"69.51","52.94879","1.158533",,,
"69.52","52.96946","1.1587",,,
"69.53","52.99012","1.158833",,,
"69.54","53.0076","1.159",,,
"69.55","53.01078","1.159133",,,
"69.56","52.98932","1.159333",,,
"69.57","52.94561","1.159467",,,
"69.58","52.89316","1.159633",,,
"69.59","52.84786","1.1598",,,
"69.6","52.81051","1.159967",,,
"69.61","52.77793","1.160133",,,
"69.62","52.75329","1.1603",,,
"69.63","52.74693","1.160467",,,
"69.64","52.75726","1.160633",,,
"69.65","52.76203","1.1608",,,
"69.66","52.75488","1.160967",,,
"69.67","52.74455","1.161133",,,
"69.68","52.73263","1.1613",,,
"69.69","52.71594","1.161467",,,
"69.7","52.70243","1.161633",,,
"69.71","52.69845","1.1618",,,
"69.72","52.70004","1.162",,,
"69.73","52.70084","1.162167",,,
"69.74","52.70322","1.162333",,,
"69.75","52.71355","1.1625",,,
"69.76","52.72945","1.162667",,,
"69.77","52.74852","1.1628",,,
"69.78","52.75806","1.162967",,,
"69.79","52.75011","1.163133",,,
"69.8","52.71832","1.163267",,,
"69.81","52.66428","1.163467",,,
"69.82","52.60468","1.163633",,,
"69.83","52.56017","1.1638",,,
"69.84","52.53951","1.163967",,,
"69.85","52.53951","1.164133",,,
"69.86","52.54586","1.1643",,,
"69.87","52.55381","1.164467",,,
"69.88","52.56335","1.164633",,,
"69.89","52.57607","1.164833",,,
"69.9","52.5856","1.165",,,
"69.91","52.59037","1.165133",,,
"69.92","52.59037","1.1653",,,
"69.93","52.59037","1.1655",,,
"69.94","52.5856","1.165633",,,
"69.95","52.57447","1.1658",,,
"69.96","52.55381","1.166",,,
"69.97","52.52838","1.166133",,,
"69.98","52.50056","1.166333",,,
"69.99","52.4799","1.1665",,,
"70","52.4656","1.166667",,,
"70.01","52.45686","1.166833",,,
"70.02","52.4505","1.166967",,,
"70.03","52.44334","1.167133",,,
"70.04","52.43381","1.167333",,,
"70.05","52.42109","1.1675",,,
"70.06","52.40917","1.167667",,,
"70.07","52.39487","1.1678",,,
"70.08","52.38136","1.167967",,,
"70.09","52.37023","1.168133",,,
"70.1","52.35831","1.1683",,,
"70.11","52.34241","1.1685",,,
"70.12","52.32652","1.168667",,,
"70.13","52.31698","1.168833",,,
"70.14","52.31301","1.169",,,
"70.15","52.31698","1.169167",,,
"70.16","52.31778","1.169333",,,
"70.17","52.30824","1.1695",,,
"70.18","52.29155","1.169633",,,
"70.19","52.27089","1.1698",,,
"70.2","52.2391","1.169967",,,
"70.21","52.20652","1.170167",,,
"70.22","52.18585","1.170333",,,
"70.23","52.18188","1.1705",,,
"70.24","52.18427","1.170667",,,
"70.25","52.18427","1.170833",,,
"70.26","52.17711","1.170967",,,
"70.27","52.16122","1.171133",,,
"70.28","52.13976","1.1713",,,
"70.29","52.11274","1.171467",,,
"70.3","52.08572","1.171633",,,
"70.31","52.06903","1.1718",,,
"70.32","52.06426","1.172",,,
"70.33","52.05949","1.172167",,,
"70.34","52.05075","1.172333",,,
"70.35","52.05075","1.1725",,,
"70.36","52.06187","1.172667",,,
"70.37","52.07221","1.172833",,,
"70.38","52.07221","1.173",,,
"70.39","52.06187","1.173133",,,
"70.4","52.04678","1.1733",,,
"70.41","52.02532","1.173467",,,
"70.42","51.99115","1.173633",,,
"70.43","51.94743","1.1738",,,
"70.44","51.90929","1.173967",,,
"70.45","51.89101","1.174133",,,
"70.46","51.88863","1.174333",,,
"70.47","51.88386","1.174467",,,
"70.48","51.87035","1.174667",,,
"70.49","51.8465","1.1748",,,
"70.5","51.82187","1.175",,,
"70.51","51.80518","1.175167",,,
"70.52","51.79246","1.1753",,,
"70.53","51.77498","1.1755",,,
"70.54","51.74875","1.175667",,,
"70.55","51.72094","1.1758",,,
"70.56","51.70028","1.175967",,,
"70.57","51.69074","1.176167",,,
"70.58","51.68438","1.176333",,,
"70.59","51.67643","1.176467",,,
"70.6","51.6661","1.176633",,,
"70.61","51.66372","1.1768",,,
"70.62","51.66848","1.176967",,,
"70.63","51.6661","1.177133",,,
"70.64","51.65179","1.1773",,,
"70.65","51.63749","1.1775",,,
"70.66","51.63272","1.177667",,,
"70.67","51.63352","1.1778",,,
"70.68","51.63987","1.177967",,,
"70.69","51.65179","1.178133",,,
"70.7","51.66292","1.1783",,,
"70.71","51.66292","1.178467",,,
"70.72","51.65577","1.178633",,,
"70.73","51.65179","1.1788",,,
"70.74","51.65895","1.178967",,,
"70.75","51.67007","1.179133",,,
"70.76","51.682","1.1793",,,
"70.77","51.69551","1.179433",,,
"70.78","51.70981","1.1796",,,
"70.79","51.72094","1.1798",,,
"70.8","51.71776","1.179967",,,
"70.81","51.70266","1.180133",,,
"70.82","51.68915","1.1803",,,
"70.83","51.69074","1.180467",,,
"70.84","51.70901","1.180633",,,
"70.85","51.72968","1.1808",,,
"70.86","51.74081","1.180967",,,
"70.87","51.74637","1.181133",,,
"70.88","51.75511","1.1813",,,
"70.89","51.76465","1.181467",,,
"70.9","51.76624","1.181633",,,
"70.91","51.76465","1.1818",,,
"70.92","51.76226","1.181933",,,
"70.93","51.75273","1.182133",,,
"70.94","51.73604","1.1823",,,
"70.95","51.71776","1.1825",,,
"70.96","51.70266","1.182633",,,
"70.97","51.70028","1.182833",,,
"70.98","51.7114","1.182967",,,
"70.99","51.7257","1.183133",,,
"71","51.73365","1.1833",,,
"71.01","51.73047","1.183467",,,
"71.02","51.71855","1.183633",,,
"71.03","51.70425","1.1838",,,
"71.04","51.68835","1.184",,,
"71.05","51.67087","1.184167",,,
"71.06","51.64941","1.184333",,,
"71.07","51.63352","1.1845",,,
"71.08","51.63511","1.184667",,,
"71.09","51.64782","1.184833",,,
"71.1","51.65418","1.185",,,
"71.11","51.64544","1.185167",,,
"71.12","51.62716","1.185333",,,
"71.13","51.60809","1.1855",,,
"71.14","51.59457","1.185667",,,
"71.15","51.58742","1.185833",,,
"71.16","51.58265","1.186",,,
"71.17","51.57312","1.186133",,,
"71.18","51.56279","1.1863",,,
"71.19","51.55325","1.186467",,,
"71.2","51.53656","1.186633",,,
"71.21","51.50239","1.186833",,,
"71.22","51.46344","1.186967",,,
"71.23","51.43404","1.187133",,,
"71.24","51.42053","1.1873",,,
"71.25","51.41099","1.1875",,,
"71.26","51.39748","1.187633",,,
"71.27","51.38159","1.1878",,,
"71.28","51.36569","1.187933",,,
"71.29","51.35298","1.1881",,,
"71.3","51.33708","1.188267",,,
"71.31","51.31404","1.188467",,,
"71.32","51.2894","1.188633",,,
"71.33","51.26794","1.188767",,,
"71.34","51.25999","1.188933",,,
"71.35","51.27351","1.189133",,,
"71.36","51.29099","1.1893",,,
"71.37","51.29417","1.189467",,,
"71.38","51.28701","1.189633",,,
"71.39","51.28701","1.1898",,,
"71.4","51.30053","1.189967",,,
"71.41","51.3196","1.190133",,,
"71.42","51.3347","1.190333",,,
"71.43","51.33708","1.190467",,,
"71.44","51.32834","1.190667",,,
"71.45","51.32119","1.1908",,,
"71.46","51.32198","1.190967",,,
"71.47","51.32198","1.191133",,,
"71.48","51.31483","1.191267",,,
"71.49","51.29655","1.191467",,,
"71.5","51.26874","1.191633",,,
"71.51","51.23456","1.1918",,,
"71.52","51.20277","1.191967",,,
"71.53","51.18211","1.192133",,,
"71.54","51.17973","1.1923",,,
"71.55","51.19721","1.192467",,,
"71.56","51.21867","1.192633",,,
"71.57","51.23456","1.1928",,,
"71.58","51.24092","1.192933",,,
"71.59","51.24171","1.1931",,,
"71.6","51.24171","1.193267",,,
"71.61","51.23933","1.193467",,,
"71.62","51.23456","1.193633",,,
"71.63","51.229","1.1938",,,
"71.64","51.22662","1.193967",,,
"71.65","51.23218","1.194133",,,
"71.66","51.2441","1.194333",,,
"71.67","51.25999","1.194467",,,
"71.68","51.27351","1.194633",,,
"71.69","51.27827","1.194833",,,
"71.7","51.27509","1.195",,,
"71.71","51.26397","1.195167",,,
"71.72","51.24728","1.195367",,,
"71.73","51.23377","1.1955",,,
"71.74","51.22662","1.195667",,,
"71.75","51.21867","1.1958",,,
"71.76","51.20675","1.195967",,,
"71.77","51.1837","1.196133",,,
"71.78","51.14476","1.1963",,,
"71.79","51.10502","1.196467",,,
"71.8","51.08039","1.196667",,,
"71.81","51.06688","1.196833",,,
"71.82","51.05734","1.197",,,
"71.83","51.05336","1.197133",,,
"71.84","51.06211","1.197333",,,
"71.85","51.0788","1.1975",,,
"71.86","51.08913","1.197633",,,
"71.87","51.08754","1.1978",,,
"71.88","51.07641","1.197967",,,
"71.89","51.05972","1.198133",,,
"71.9","51.03747","1.1983",,,
"71.91","51.01681","1.198467",,,
"71.92","51.00012","1.198667",,,
"71.93","50.9882","1.198833",,,
"71.94","50.99137","1.198967",,,
"71.95","51.02555","1.199133",,,
"71.96","51.0788","1.1993",,,
"71.97","51.12012","1.199467",,,
"71.98","51.12648","1.199633",,,
"71.99","51.10741","1.1998",,,
"72","51.08277","1.199933",,,
"72.01","51.05972","1.200133",,,
"72.02","51.03667","1.2003",,,
"72.03","51.02317","1.200467",,,
"72.04","51.02794","1.200633",,,
"72.05","51.04621","1.2008",,,
"72.06","51.06608","1.200967",,,
"72.07","51.08516","1.201167",,,
"72.08","51.10582","1.201333",,,
"72.09","51.13046","1.201467",,,
"72.1","51.15191","1.201633",,,
"72.11","51.16542","1.201833",,,
"72.12","51.16304","1.202",,,
"72.13","51.15191","1.202167",,,
"72.14","51.14476","1.2023",,,
"72.15","51.1535","1.202467",,,
"72.16","51.1694","1.202667",,,
"72.17","51.17019","1.2028",,,
"72.18","51.15588","1.202967",,,
"72.19","51.1384","1.203133",,,
"72.2","51.12648","1.203267",,,
"72.21","51.11297","1.203467",,,
"72.22","51.09866","1.2036",,,
"72.23","51.08992","1.203767",,,
"72.24","51.08992","1.203967",,,
"72.25","51.08992","1.204167",,,
"72.26","51.09151","1.2043",,,
"72.27","51.10105","1.204467",,,
"72.28","51.12171","1.204633",,,
"72.29","51.14396","1.204833",,,
"72.3","51.16065","1.205",,,
"72.31","51.1678","1.205167",,,
"72.32","51.17019","1.2053",,,
"72.33","51.17257","1.205467",,,
"72.34","51.17734","1.205633",,,
"72.35","51.17973","1.2058",,,
"72.36","51.1694","1.205967",,,
"72.37","51.14476","1.206133",,,
"72.38","51.1241","1.2063",,,
"72.39","51.12171","1.206467",,,
"72.4","51.13046","1.206633",,,
"72.41","51.1384","1.2068",,,
"72.42","51.14476","1.206967",,,
"72.43","51.14714","1.207133",,,
"72.44","51.14476","1.207267",,,
"72.45","51.13522","1.207433",,,
"72.46","51.1233","1.207633",,,
"72.47","51.11774","1.207767",,,
"72.48","51.11774","1.207967",,,
"72.49","51.11535","1.208133",,,
"72.5","51.11217","1.2083",,,
"72.51","51.11535","1.208467",,,
"72.52","51.12569","1.2086",,,
"72.53","51.13522","1.208767",,,
"72.54","51.13602","1.208967",,,
"72.55","51.12807","1.209133",,,
"72.56","51.11456","1.2093",,,
"72.57","51.10264","1.2095",,,
"72.58","51.09946","1.209667",,,
"72.59","51.10979","1.2098",,,
"72.6","51.1241","1.209967",,,
"72.61","51.13602","1.210133",,,
"72.62","51.13602","1.2103",,,
"72.63","51.11933","1.210467",,,
"72.64","51.08277","1.210633",,,
"72.65","51.03986","1.2108",,,
"72.66","51.00727","1.210967",,,
"72.67","50.98581","1.211133",,,
"72.68","50.9731","1.2113",,,
"72.69","50.96515","1.211467",,,
"72.7","50.94767","1.211633",,,
"72.71","50.91826","1.2118",,,
"72.72","50.88727","1.211967",,,
"72.73","50.86899","1.212133",,,
"72.74","50.86024","1.2123",,,
"72.75","50.84674","1.212467",,,
"72.76","50.8229","1.212667",,,
"72.77","50.78952","1.212833",,,
"72.78","50.76329","1.212967",,,
"72.79","50.74263","1.213133",,,
"72.8","50.71799","1.213267",,,
"72.81","50.67666","1.213433",,,
"72.82","50.61865","1.2136",,,
"72.83","50.55428","1.213767",,,
"72.84","50.48593","1.213967",,,
"72.85","50.41282","1.214133",,,
"72.86","50.34208","1.214333",,,
"72.87","50.28725","1.2145",,,
"72.88","50.25466","1.214667",,,
"72.89","50.22923","1.2148",,,
"72.9","50.19665","1.214967",,,
"72.91","50.14658","1.215133",,,
"72.92","50.07585","1.215267",,,
"72.93","49.99081","1.215467",,,
"72.94","49.89942","1.2156",,,
"72.95","49.81359","1.2158",,,
"72.96","49.74047","1.215967",,,
"72.97","49.68007","1.216133",,,
"72.98","49.62603","1.2163",,,
"72.99","49.57914","1.216433",,,
"73","49.53623","1.2166",,,
"73.01","49.49093","1.216767",,,
"73.02","49.4353","1.216933",,,
"73.03","49.36934","1.2171",,,
"73.04","49.30496","1.217267",,,
"73.05","49.24774","1.217467",,,
"73.06","49.19211","1.217633",,,
"73.07","49.13648","1.2178",,,
"73.08","49.08482","1.217967",,,
"73.09","49.04509","1.218133",,,
"73.1","49.01012","1.2183",,,
"73.11","48.97833","1.218467",,,
"73.12","48.94813","1.2186",,,
"73.13","48.91713","1.2188",,,
"73.14","48.88058","1.218967",,,
"73.15","48.8313","1.219133",,,
"73.16","48.7717","1.2193",,,
"73.17","48.72004","1.219467",,,
"73.18","48.68666","1.2196",,,
"73.19","48.66441","1.2198",,,
"73.2","48.63739","1.219933",,,
"73.21","48.60401","1.2201",,,
"73.22","48.57063","1.220267",,,
"73.23","48.54441","1.220433",,,
"73.24","48.515","1.2206",,,
"73.25","48.47844","1.220767",,,
"73.26","48.4395","1.220933",,,
"73.27","48.40533","1.2211",,,
"73.28","48.37513","1.2213",,,
"73.29","48.35049","1.221433",,,
"73.3","48.33857","1.221633",,,
"73.31","48.33857","1.2218",,,
"73.32","48.34573","1.221933",,,
"73.33","48.35049","1.222133",,,
"73.34","48.34096","1.2223",,,
"73.35","48.31155","1.222467",,,
"73.36","48.27023","1.222633",,,
"73.37","48.23764","1.222833",,,
"73.38","48.22095","1.222967",,,
"73.39","48.20585","1.223133",,,
"73.4","48.17804","1.2233",,,
"73.41","48.1391","1.223467",,,
"73.42","48.09777","1.223633",,,
"73.43","48.05406","1.2238",,,
"73.44","48.00558","1.223967",,,
"73.45","47.95949","1.224167",,,
"73.46","47.92531","1.224333",,,
"73.47","47.90227","1.224467",,,
"73.48","47.88478","1.224667",,,
"73.49","47.87048","1.224833",,,
"73.5","47.84982","1.224967",,,
"73.51","47.82279","1.225133",,,
"73.52","47.79498","1.2253",,,
"73.53","47.76796","1.2255",,,
"73.54","47.73935","1.225667",,,
"73.55","47.70597","1.2258",,,
"73.56","47.67974","1.225967",,,
"73.57","47.66385","1.226133",,,
"73.58","47.65272","1.2263",,,
"73.59","47.63444","1.226467",,,
"73.6","47.60424","1.226633",,,
"73.61","47.56927","1.2268",,,
"73.62","47.54226","1.226967",,,
"73.63","47.52636","1.227133",,,
"73.64","47.51205","1.2273",,,
"73.65","47.49457","1.227467",,,
"73.66","47.48265","1.227633",,,
"73.67","47.48265","1.2278",,,
"73.68","47.48265","1.227967",,,
"73.69","47.4755","1.228167",,,
"73.7","47.46278","1.2283",,,
"73.71","47.46278","1.228467",,,
"73.72","47.47868","1.228633",,,
"73.73","47.48901","1.2288",,,
"73.74","47.47629","1.228967",,,
"73.75","47.4453","1.229133",,,
"73.76","47.40715","1.2293",,,
"73.77","47.36741","1.229467",,,
"73.78","47.32609","1.229633",,,
"73.79","47.29271","1.2298",,,
"73.8","47.27443","1.229933",,,
"73.81","47.26489","1.2301",,,
"73.82","47.25615","1.2303",,,
"73.83","47.24423","1.230467",,,
"73.84","47.22357","1.2306",,,
"73.85","47.20449","1.2308",,,
"73.86","47.20211","1.230933",,,
"73.87","47.21403","1.2311",,,
"73.88","47.22595","1.2313",,,
"73.89","47.22277","1.231467",,,
"73.9","47.20688","1.231667",,,
"73.91","47.19416","1.231833",,,
"73.92","47.20052","1.232",,,
"73.93","47.22595","1.232167",,,
"73.94","47.25297","1.232333",,,
"73.95","47.26648","1.232467",,,
"73.96","47.26171","1.2326",,,
"73.97","47.23787","1.232767",,,
"73.98","47.19416","1.232967",,,
"73.99","47.13853","1.2331",,,
"74","47.09005","1.2333",,,
"74.01","47.06224","1.233467",,,
"74.02","47.05667","1.233633",,,
"74.03","47.06224","1.2338",,,
"74.04","47.07416","1.233967",,,
"74.05","47.09005","1.234133",,,
"74.06","47.09959","1.2343",,,
"74.07","47.09085","1.234467",,,
"74.08","47.07257","1.234633",,,
"74.09","47.06065","1.234767",,,
"74.1","47.05985","1.234967",,,
"74.11","47.06303","1.2351",,,
"74.12","47.06224","1.235267",,,
"74.13","47.0535","1.235433",,,
"74.14","47.04475","1.2356",,,
"74.15","47.03601","1.2358",,,
"74.16","47.02886","1.235933",,,
"74.17","47.02409","1.236133",,,
"74.18","47.02409","1.2363",,,
"74.19","47.02568","1.236467",,,
"74.2","47.0233","1.236667",,,
"74.21","47.01694","1.2368",,,
"74.22","47.01217","1.236967",,,
"74.23","47.01297","1.237133",,,
"74.24","47.01297","1.237333",,,
"74.25","47.00025","1.237467",,,
"74.26","46.978","1.237667",,,
"74.27","46.95892","1.237833",,,
"74.28","46.94859","1.238",,,
"74.29","46.94859","1.238133",,,
"74.3","46.95256","1.2383",,,
"74.31","46.9478","1.238467",,,
"74.32","46.92237","1.238633",,,
"74.33","46.88422","1.238833",,,
"74.34","46.85561","1.239",,,
"74.35","46.84687","1.239133",,,
"74.36","46.84766","1.2393",,,
"74.37","46.84289","1.239467",,,
"74.38","46.82382","1.239633",,,
"74.39","46.79839","1.2398",,,
"74.4","46.77137","1.239967",,,
"74.41","46.74832","1.240133",,,
"74.42","46.72845","1.2403",,,
"74.43","46.71335","1.240467",,,
"74.44","46.69984","1.240667",,,
"74.45","46.68713","1.240833",,,
"74.46","46.67521","1.240967",,,
"74.47","46.66805","1.241167",,,
"74.48","46.6609","1.2413",,,
"74.49","46.64819","1.241467",,,
"74.5","46.62911","1.241633",,,
"74.51","46.60686","1.2418",,,
"74.52","46.57904","1.242",,,
"74.53","46.54646","1.242167",,,
"74.54","46.52182","1.242333",,,
"74.55","46.51706","1.2425",,,
"74.56","46.52182","1.242667",,,
"74.57","46.52103","1.242833",,,
"74.58","46.50513","1.243",,,
"74.59","46.47732","1.243133",,,
"74.6","46.43838","1.2433",,,
"74.61","46.39069","1.243467",,,
"74.62","46.33983","1.243633",,,
"74.63","46.28658","1.2438",,,
"74.64","46.23731","1.243967",,,
"74.65","46.19996","1.244167",,,
"74.66","46.17214","1.2443",,,
"74.67","46.15625","1.244467",,,
"74.68","46.15625","1.244633",,,
"74.69","46.16101","1.2448",,,
"74.7","46.14909","1.244967",,,
"74.71","46.11969","1.245167",,,
"74.72","46.0871","1.245333",,,
"74.73","46.06406","1.245467",,,
"74.74","46.05293","1.245633",,,
"74.75","46.05532","1.2458",,,
"74.76","46.05611","1.245967",,,
"74.77","46.03783","1.246133",,,
"74.78","46.00207","1.2463",,,
"74.79","45.97028","1.246467",,,
"74.8","45.95677","1.246633",,,
"74.81","45.952","1.2468",,,
"74.82","45.95439","1.246967",,,
"74.83","45.96154","1.247133",,,
"74.84","45.9679","1.247267",,,
"74.85","45.96074","1.247467",,,
"74.86","45.94008","1.247633",,,
"74.87","45.91942","1.2478",,,
"74.88","45.91068","1.247967",,,
"74.89","45.91544","1.248133",,,
"74.9","45.92498","1.2483",,,
"74.91","45.93134","1.248467",,,
"74.92","45.92736","1.248633",,,
"74.93","45.91942","1.2488",,,
"74.94","45.90909","1.249",,,
"74.95","45.89955","1.249133",,,
"74.96","45.89478","1.2493",,,
"74.97","45.90114","1.249467",,,
"74.98","45.91386","1.249667",,,
"74.99","45.91942","1.249833",,,
"75","45.90909","1.249967",,,
"75.01","45.89558","1.250167",,,
"75.02","45.88763","1.250333",,,
"75.03","45.88127","1.2505",,,
"75.04","45.86935","1.250667",,,
"75.05","45.85107","1.250833",,,
"75.06","45.83597","1.251",,,
"75.07","45.83279","1.2512",,,
"75.08","45.83518","1.251333",,,
"75.09","45.84472","1.2515",,,
"75.1","45.85584","1.251633",,,
"75.11","45.85822","1.2518",,,
"75.12","45.84233","1.251967",,,
"75.13","45.80736","1.252167",,,
"75.14","45.76842","1.252333",,,
"75.15","45.74378","1.252467",,,
"75.16","45.7406","1.252667",,,
"75.17","45.75014","1.252833",,,
"75.18","45.76604","1.253",,,
"75.19","45.78034","1.253167",,,
"75.2","45.78908","1.253333",,,
"75.21","45.78908","1.253467",,,
"75.22","45.77796","1.253633",,,
"75.23","45.76206","1.2538",,,
"75.24","45.74537","1.253967",,,
"75.25","45.73027","1.254133",,,
"75.26","45.71994","1.254333",,,
"75.27","45.71199","1.254467",,,
"75.28","45.7112","1.254633",,,
"75.29","45.71756","1.2548",,,
"75.3","45.72709","1.255",,,
"75.31","45.72789","1.255133",,,
"75.32","45.71438","1.2553",,,
"75.33","45.69769","1.255467",,,
"75.34","45.68656","1.255633",,,
"75.35","45.681","1.2558",,,
"75.36","45.67305","1.255967",,,
"75.37","45.6651","1.256133",,,
"75.38","45.65557","1.2563",,,
"75.39","45.64444","1.256467",,,
"75.4","45.63093","1.256633",,,
"75.41","45.61742","1.256833",,,
"75.42","45.6063","1.257",,,
"75.43","45.59914","1.257133",,,
"75.44","45.59835","1.2573",,,
"75.45","45.60153","1.257467",,,
"75.46","45.60868","1.257633",,,
"75.47","45.61027","1.2578",,,
"75.48","45.6055","1.257967",,,
"75.49","45.59676","1.258167",,,
"75.5","45.5904","1.258333",,,
"75.51","45.58484","1.258467",,,
"75.52","45.57769","1.258633",,,
"75.53","45.57848","1.258833",,,
"75.54","45.58563","1.259",,,
"75.55","45.58961","1.259133",,,
"75.56","45.58245","1.2593",,,
"75.57","45.57371","1.259467",,,
"75.58","45.56497","1.259633",,,
"75.59","45.54589","1.2598",,,
"75.6","45.50298","1.259933",,,
"75.61","45.44973","1.260133",,,
"75.62","45.40205","1.2603",,,
"75.63","45.36708","1.260467",,,
"75.64","45.33529","1.260633",,,
"75.65","45.30589","1.2608",,,
"75.66","45.29079","1.260967",,,
"75.67","45.2892","1.261133",,,
"75.68","45.29556","1.2613",,,
"75.69","45.29556","1.2615",,,
"75.7","45.28205","1.261667",,,
"75.71","45.259","1.2618",,,
"75.72","45.24072","1.261967",,,
"75.73","45.23833","1.262167",,,
"75.74","45.24549","1.2623",,,
"75.75","45.2431","1.262467",,,
"75.76","45.23118","1.262633",,,
"75.77","45.21847","1.2628",,,
"75.78","45.20496","1.262967",,,
"75.79","45.18747","1.263133",,,
"75.8","45.16761","1.263267",,,
"75.81","45.1533","1.263467",,,
"75.82","45.14456","1.263633",,,
"75.83","45.14297","1.2638",,,
"75.84","45.14853","1.263967",,,
"75.85","45.15886","1.264133",,,
"75.86","45.17237","1.264333",,,
"75.87","45.1835","1.264467",,,
"75.88","45.18986","1.264633",,,
"75.89","45.19224","1.264833",,,
"75.9","45.18986","1.265",,,
"75.91","45.18111","1.265167",,,
"75.92","45.17158","1.2653",,,
"75.93","45.17396","1.265467",,,
"75.94","45.1835","1.265633",,,
"75.95","45.1843","1.2658",,,
"75.96","45.16522","1.266",,,
"75.97","45.13343","1.266167",,,
"75.98","45.10959","1.266333",,,
"75.99","45.0937","1.2665",,,
"76","45.0778","1.266667",,,
"76.01","45.06826","1.266833",,,
"76.02","45.06906","1.267",,,
"76.03","45.07383","1.267133",,,
"76.04","45.07303","1.2673",,,
"76.05","45.06588","1.267467",,,
"76.06","45.05555","1.267633",,,
"76.07","45.04124","1.2678",,,
"76.08","45.01422","1.267967",,,
"76.09","44.98164","1.268133",,,
"76.1","44.96574","1.268333",,,
"76.11","44.97528","1.268467",,,
"76.12","45.00945","1.268667",,,
"76.13","45.0619","1.268833",,,
"76.14","45.11992","1.269",,,
"76.15","45.15886","1.269133",,,
"76.16","45.16363","1.269333",,,
"76.17","45.14297","1.2695",,,
"76.18","45.11913","1.269667",,,
"76.19","45.10323","1.2698",,,
"76.2","45.10085","1.269967",,,
"76.21","45.10403","1.270133",,,
"76.22","45.10164","1.2703",,,
"76.23","45.08972","1.270467",,,
"76.24","45.07621","1.270633",,,
"76.25","45.07065","1.2708",,,
"76.26","45.06906","1.270967",,,
"76.27","45.06667","1.271133",,,
"76.28","45.06032","1.271333",,,
"76.29","45.05714","1.2715",,,
"76.3","45.06032","1.271667",,,
"76.31","45.07303","1.2718",,,
"76.32","45.09926","1.271967",,,
"76.33","45.14535","1.272167",,,
"76.34","45.19224","1.2723",,,
"76.35","45.21132","1.272467",,,
"76.36","45.1978","1.2726",,,
"76.37","45.16522","1.272767",,,
"76.38","45.12151","1.272933",,,
"76.39","45.06906","1.2731",,,
"76.4","45.02058","1.2733",,,
"76.41","44.99594","1.273433",,,
"76.42","45.0031","1.273633",,,
"76.43","45.03648","1.2738",,,
"76.44","45.08098","1.273967",,,
"76.45","45.12389","1.274133",,,
"76.46","45.15171","1.2743",,,
"76.47","45.16125","1.274467",,,
"76.48","45.15409","1.274667",,,
"76.49","45.13264","1.274833",,,
"76.5","45.10959","1.275",,,
"76.51","45.108","1.275133",,,
"76.52","45.1382","1.275267",,,
"76.53","45.1835","1.275467",,,
"76.54","45.20814","1.275633",,,
"76.55","45.18827","1.2758",,,
"76.56","45.13581","1.275967",,,
"76.57","45.08257","1.2761",,,
"76.58","45.04363","1.276267",,,
"76.59","45.01422","1.276433",,,
"76.6","44.99276","1.2766",,,
"76.61","44.98561","1.276767",,,
"76.62","44.99992","1.276967",,,
"76.63","45.0325","1.277133",,,
"76.64","45.06826","1.277267",,,
"76.65","45.0937","1.277467",,,
"76.66","45.108","1.277633",,,
"76.67","45.11277","1.2778",,,
"76.68","45.10323","1.277967",,,
"76.69","45.07859","1.278133",,,
"76.7","45.05475","1.278367",,,
"76.71","45.04124","1.278533",,,
"76.72","45.04998","1.2787",,,
"76.73","45.08893","1.278867",,,
"76.74","45.14933","1.279033",,,
"76.75","45.19701","1.279167",,,
"76.76","45.19304","1.279333",,,
"76.77","45.14058","1.2795",,,
"76.78","45.07144","1.279633",,,
"76.79","45.00945","1.2798",,,
"76.8","44.957","1.279967",,,
"76.81","44.90852","1.280133",,,
"76.82","44.87594","1.280333",,,
"76.83","44.86958","1.280467",,,
"76.84","44.88945","1.280633",,,
"76.85","44.91329","1.2808",,,
"76.86","44.92362","1.281",,,
"76.87","44.91488","1.281167",,,
"76.88","44.89501","1.281333",,,
"76.89","44.87355","1.281467",,,
"76.9","44.85289","1.281667",,,
"76.91","44.83302","1.2818",,,
"76.92","44.81633","1.281967",,,
"76.93","44.8068","1.282133",,,
"76.94","44.80918","1.2823",,,
"76.95","44.81236","1.2825",,,
"76.96","44.80521","1.282667",,,
"76.97","44.78614","1.282833",,,
"76.98","44.76627","1.282967",,,
"76.99","44.75196","1.283133",,,
"77","44.73368","1.2833",,,
"77.01","44.70428","1.2835",,,
"77.02","44.67408","1.283633",,,
"77.03","44.65977","1.2838",,,
"77.04","44.65977","1.283967",,,
"77.05","44.65659","1.284133",,,
"77.06","44.63752","1.284333",,,
"77.07","44.60335","1.284467",,,
"77.08","44.57315","1.284633",,,
"77.09","44.55487","1.284833",,,
"77.1","44.53818","1.284967",,,
"77.11","44.51593","1.285133",,,
"77.12","44.49368","1.285333",,,
"77.13","44.47937","1.285467",,,
"77.14","44.46824","1.285633",,,
"77.15","44.4603","1.2858",,,
"77.16","44.44678","1.285967",,,
"77.17","44.41977","1.286133",,,
"77.18","44.37367","1.286267",,,
"77.19","44.32042","1.286433",,,
"77.2","44.27512","1.286633",,,
"77.21","44.24334","1.2868",,,
"77.22","44.22267","1.286933",,,
"77.23","44.21473","1.287133",,,
"77.24","44.21949","1.2873",,,
"77.25","44.22665","1.287467",,,
"77.26","44.22029","1.287633",,,
"77.27","44.20201","1.2878",,,
"77.28","44.18612","1.288",,,
"77.29","44.17896","1.288167",,,
"77.3","44.17817","1.2883",,,
"77.31","44.1734","1.288467",,,
"77.32","44.16227","1.288633",,,
"77.33","44.14241","1.288767",,,
"77.34","44.11618","1.288933",,,
"77.35","44.082","1.289133",,,
"77.36","44.03909","1.289267",,,
"77.37","43.98823","1.289467",,,
"77.38","43.94452","1.2896",,,
"77.39","43.92147","1.2898",,,
"77.4","43.91034","1.289967",,,
"77.41","43.89922","1.290133",,,
"77.42","43.8865","1.290267",,,
"77.43","43.87856","1.290433",,,
"77.44","43.88253","1.290633",,,
"77.45","43.88968","1.290767",,,
"77.46","43.8873","1.290933",,,
"77.47","43.87379","1.291133",,,
"77.48","43.86028","1.2913",,,
"77.49","43.84995","1.291467",,,
"77.5","43.842","1.291633",,,
"77.51","43.83882","1.2918",,,
"77.52","43.83882","1.291933",,,
"77.53","43.8412","1.2921",,,
"77.54","43.8412","1.2923",,,
"77.55","43.83246","1.292467",,,
"77.56","43.8118","1.292633",,,
"77.57","43.78796","1.2928",,,
"77.58","43.77763","1.292967",,,
"77.59","43.78637","1.293133",,,
"77.6","43.80067","1.2933",,,
"77.61","43.80703","1.293467",,,
"77.62","43.79988","1.293633",,,
"77.63","43.78239","1.2938",,,
"77.64","43.76332","1.293967",,,
"77.65","43.74743","1.294133",,,
"77.66","43.74107","1.2943",,,
"77.67","43.74425","1.294467",,,
"77.68","43.75219","1.294633",,,
"77.69","43.76094","1.2948",,,
"77.7","43.75855","1.294967",,,
"77.71","43.74663","1.295133",,,
"77.72","43.72676","1.295333",,,
"77.73","43.7053","1.2955",,,
"77.74","43.68703","1.295633",,,
"77.75","43.67431","1.2958",,,
"77.76","43.66636","1.295967",,,
"77.77","43.65524","1.296133",,,
"77.78","43.63775","1.2963",,,
"77.79","43.61232","1.296467",,,
"77.8","43.58451","1.2966",,,
"77.81","43.55748","1.2968",,,
"77.82","43.53205","1.296967",,,
"77.83","43.50662","1.297133",,,
"77.84","43.48834","1.2973",,,
"77.85","43.48357","1.297467",,,
"77.86","43.48596","1.297633",,,
"77.87","43.48516","1.2978",,,
"77.88","43.4804","1.297933",,,
"77.89","43.47165","1.298133",,,
"77.9","43.45417","1.2983",,,
"77.91","43.42635","1.298467",,,
"77.92","43.40092","1.298633",,,
"77.93","43.38424","1.2988",,,
"77.94","43.37152","1.298967",,,
"77.95","43.36357","1.299133",,,
"77.96","43.36596","1.2993",,,
"77.97","43.37629","1.299467",,,
"77.98","43.38662","1.299633",,,
"77.99","43.38424","1.2998",,,
"78","43.36436","1.299967",,,
"78.01","43.33496","1.300133",,,
"78.02","43.30635","1.3003",,,
"78.03","43.29045","1.300467",,,
"78.04","43.28807","1.3006",,,
"78.05","43.29045","1.300767",,,
"78.06","43.28807","1.300933",,,
"78.07","43.28092","1.301133",,,
"78.08","43.27218","1.3013",,,
"78.09","43.25628","1.301467",,,
"78.1","43.23959","1.301633",,,
"78.11","43.23403","1.3018",,,
"78.12","43.24039","1.301933",,,
"78.13","43.24516","1.3021",,,
"78.14","43.24516","1.302267",,,
"78.15","43.24277","1.302433",,,
"78.16","43.22926","1.3026",,,
"78.17","43.20304","1.302767",,,
"78.18","43.1776","1.302933",,,
"78.19","43.16489","1.3031",,,
"78.2","43.16886","1.303267",,,
"78.21","43.1776","1.303467",,,
"78.22","43.18714","1.3036",,,
"78.23","43.19588","1.303767",,,
"78.24","43.20145","1.303933",,,
"78.25","43.20145","1.3041",,,
"78.26","43.19032","1.304267",,,
"78.27","43.17601","1.304433",,,
"78.28","43.16489","1.3046",,,
"78.29","43.16012","1.304767",,,
"78.3","43.15774","1.304967",,,
"78.31","43.15932","1.305133",,,
"78.32","43.16966","1.3053",,,
"78.33","43.19032","1.305433",,,
"78.34","43.21019","1.3056",,,
"78.35","43.21655","1.3058",,,
"78.36","43.21257","1.305967",,,
"78.37","43.20542","1.306133",,,
"78.38","43.20065","1.3063",,,
"78.39","43.20145","1.306467",,,
"78.4","43.20781","1.306633",,,
"78.41","43.21734","1.3068",,,
"78.42","43.23085","1.306967",,,
"78.43","43.24277","1.307133",,,
"78.44","43.24754","1.3073",,,
"78.45","43.24436","1.307467",,,
"78.46","43.23403","1.307667",,,
"78.47","43.2237","1.3078",,,
"78.48","43.21893","1.307967",,,
"78.49","43.22211","1.308167",,,
"78.5","43.23085","1.308333",,,
"78.51","43.23959","1.308467",,,
"78.52","43.24436","1.308633",,,
"78.53","43.24516","1.3088",,,
"78.54","43.24039","1.309",,,
"78.55","43.22608","1.309133",,,
"78.56","43.2086","1.309267",,,
"78.57","43.20145","1.309433",,,
"78.58","43.20542","1.3096",,,
"78.59","43.21019","1.3098",,,
"78.6","43.21098","1.309967",,,
"78.61","43.2086","1.310133",,,
"78.62","43.21655","1.3103",,,
"78.63","43.23721","1.310467",,,
"78.64","43.26105","1.310667",,,
"78.65","43.28648","1.3108",,,
"78.66","43.31589","1.311",,,
"78.67","43.35006","1.311133",,,
"78.68","43.37311","1.3113",,,
"78.69","43.37311","1.311467",,,
"78.7","43.35324","1.311633",,,
"78.71","43.33178","1.3118",,,
"78.72","43.31827","1.311967",,,
"78.73","43.30953","1.312167",,,
"78.74","43.29999","1.312333",,,
"78.75","43.29284","1.312467",,,
"78.76","43.30158","1.312633",,,
"78.77","43.32701","1.3128",,,
"78.78","43.35086","1.312967",,,
"78.79","43.35086","1.313133",,,
"78.8","43.32781","1.3133",,,
"78.81","43.30635","1.313467",,,
"78.82","43.29999","1.3136",,,
"78.83","43.3135","1.3138",,,
"78.84","43.33496","1.313933",,,
"78.85","43.34847","1.3141",,,
"78.86","43.34529","1.314267",,,
"78.87","43.33814","1.314433",,,
"78.88","43.33258","1.3146",,,
"78.89","43.33258","1.314767",,,
"78.9","43.34529","1.314933",,,
"78.91","43.37311","1.3151",,,
"78.92","43.40569","1.315267",,,
"78.93","43.42397","1.315467",,,
"78.94","43.42874","1.315633",,,
"78.95","43.42874","1.3158",,,
"78.96","43.42635","1.315933",,,
"78.97","43.4192","1.316167",,,
"78.98","43.40808","1.3163",,,
"78.99","43.39695","1.316467",,,
"79","43.39139","1.316633",,,
"79.01","43.40013","1.3168",,,
"79.02","43.42079","1.316933",,,
"79.03","43.44225","1.3171",,,
"79.04","43.45655","1.3173",,,
"79.05","43.45655","1.317467",,,
"79.06","43.44384","1.317633",,,
"79.07","43.43271","1.3178",,,
"79.08","43.44146","1.317933",,,
"79.09","43.46688","1.3181",,,
"79.1","43.49709","1.3183",,,
"79.11","43.51775","1.318467",,,
"79.12","43.52013","1.318633",,,
"79.13","43.51298","1.3188",,,
"79.14","43.51139","1.318967",,,
"79.15","43.52252","1.319133",,,
"79.16","43.52887","1.3193",,,
"79.17","43.51537","1.319467",,,
"79.18","43.49232","1.319633",,,
"79.19","43.47483","1.3198",,,
"79.2","43.4645","1.319967",,,
"79.21","43.45338","1.320167",,,
"79.22","43.44861","1.320333",,,
"79.23","43.45815","1.3205",,,
"79.24","43.47404","1.320633",,,
"79.25","43.48119","1.3208",,,
"79.26","43.47722","1.320967",,,
"79.27","43.46768","1.321167",,,
"79.28","43.45576","1.321333",,,
"79.29","43.44463","1.3215",,,
"79.3","43.44384","1.321667",,,
"79.31","43.45655","1.3218",,,
"79.32","43.47642","1.321967",,,
"79.33","43.48755","1.322133",,,
"79.34","43.48278","1.3223",,,
"79.35","43.46291","1.322467",,,
"79.36","43.43271","1.322633",,,
"79.37","43.40092","1.3228",,,
"79.38","43.37947","1.322967",,,
"79.39","43.36913","1.323133",,,
"79.4","43.36675","1.3233",,,
"79.41","43.36675","1.323467",,,
"79.42","43.36596","1.323633",,,
"79.43","43.36198","1.3238",,,
"79.44","43.36357","1.324",,,
"79.45","43.37072","1.324167",,,
"79.46","43.38026","1.324333",,,
"79.47","43.3898","1.324533",,,
"79.48","43.39695","1.324667",,,
"79.49","43.40808","1.324833",,,
"79.5","43.42159","1.325",,,
"79.51","43.43033","1.325133",,,
"79.52","43.42397","1.325267",,,
"79.53","43.39854","1.325467",,,
"79.54","43.3596","1.325633",,,
"79.55","43.31191","1.325833",,,
"79.56","43.26264","1.326",,,
"79.57","43.23165","1.3262",,,
"79.58","43.23323","1.326333",,,
"79.59","43.26105","1.3265",,,
"79.6","43.30158","1.326667",,,
"79.61","43.3294","1.326833",,,
"79.62","43.33814","1.326967",,,
"79.63","43.32781","1.3271",,,
"79.64","43.30953","1.327267",,,
"79.65","43.27695","1.327433",,,
"79.66","43.22211","1.3276",,,
"79.67","43.16012","1.3278",,,
"79.68","43.11403","1.327967",,,
"79.69","43.09575","1.328133",,,
"79.7","43.1021","1.328333",,,
"79.71","43.12277","1.3285",,,
"79.72","43.14582","1.328633",,,
"79.73","43.16489","1.3288",,,
"79.74","43.1776","1.328967",,,
"79.75","43.17999","1.329133",,,
"79.76","43.16251","1.329333",,,
"79.77","43.12356","1.329467",,,
"79.78","43.07508","1.329633",,,
"79.79","43.02661","1.3298",,,
"79.8","42.98369","1.329967",,,
"79.81","42.93998","1.330133",,,
"79.82","42.90263","1.330333",,,
"79.83","42.88276","1.330467",,,
"79.84","42.87958","1.330633",,,
"79.85","42.87561","1.3308",,,
"79.86","42.86369","1.330967",,,
"79.87","42.84779","1.331133",,,
"79.88","42.82315","1.3313",,,
"79.89","42.78104","1.331467",,,
"79.9","42.72223","1.331633",,,
"79.91","42.66183","1.3318",,,
"79.92","42.61653","1.331967",,,
"79.93","42.5903","1.332167",,,
"79.94","42.57758","1.332333",,,
"79.95","42.57917","1.3325",,,
"79.96","42.58633","1.332633",,,
"79.97","42.58553","1.3328",,,
"79.98","42.56408","1.332967",,,
"79.99","42.51798","1.333133",,,
"80","42.45837","1.333333",,,
"80.01","42.40751","1.333467",,,
"80.02","42.37811","1.333633",,,
"80.03","42.36619","1.3338",,,
"80.04","42.35427","1.333967",,,
"80.05","42.34473","1.334133",,,
"80.06","42.34473","1.3343",,,
"80.07","42.3495","1.334467",,,
"80.08","42.34711","1.334667",,,
"80.09","42.32724","1.334833",,,
"80.1","42.30102","1.335",,,
"80.11","42.27718","1.335167",,,
"80.12","42.26685","1.335333",,,
"80.13","42.26287","1.3355",,,
"80.14","42.26287","1.335667",,,
"80.15","42.26685","1.3358",,,
"80.16","42.26923","1.336",,,
"80.17","42.25333","1.336167",,,
"80.18","42.22155","1.336333",,,
"80.19","42.18737","1.336467",,,
"80.2","42.16115","1.336633",,,
"80.21","42.14287","1.3368",,,
"80.22","42.13651","1.336967",,,
"80.23","42.14366","1.337133",,,
"80.24","42.15717","1.3373",,,
"80.25","42.17068","1.337467",,,
"80.26","42.18658","1.337633",,,
"80.27","42.20963","1.3378",,,
"80.28","42.22791","1.337967",,,
"80.29","42.2287","1.338133",,,
"80.3","42.2128","1.3383",,,
"80.31","42.19453","1.338467",,,
"80.32","42.18022","1.338667",,,
"80.33","42.17068","1.3388",,,
"80.34","42.16592","1.339",,,
"80.35","42.16671","1.339167",,,
"80.36","42.17386","1.339333",,,
"80.37","42.18499","1.339467",,,
"80.38","42.18658","1.339633",,,
"80.39","42.16909","1.3398",,,
"80.4","42.14128","1.339967",,,
"80.41","42.11187","1.340133",,,
"80.42","42.08883","1.340333",,,
"80.43","42.07452","1.340467",,,
"80.44","42.07532","1.340667",,,
"80.45","42.0928","1.3408",,,
"80.46","42.11108","1.341",,,
"80.47","42.11426","1.341133",,,
"80.48","42.10472","1.3413",,,
"80.49","42.08883","1.341467",,,
"80.5","42.07055","1.341633",,,
"80.51","42.05148","1.3418",,,
"80.52","42.03558","1.341967",,,
"80.53","42.02922","1.342133",,,
"80.54","42.0316","1.3423",,,
"80.55","42.0332","1.342467",,,
"80.56","42.02684","1.342633",,,
"80.57","42.00856","1.3428",,,
"80.58","41.98074","1.342967",,,
"80.59","41.95372","1.343133",,,
"80.6","41.93703","1.3433",,,
"80.61","41.93465","1.3435",,,
"80.62","41.94101","1.343633",,,
"80.63","41.94816","1.3438",,,
"80.64","41.95531","1.343967",,,
"80.65","41.96962","1.344133",,,
"80.66","41.98551","1.3443",,,
"80.67","41.99187","1.344433",,,
"80.68","41.9879","1.3446",,,
"80.69","41.97598","1.3448",,,
"80.7","41.9569","1.344967",,,
"80.71","41.93465","1.345133",,,
"80.72","41.92591","1.345267",,,
"80.73","41.93624","1.345467",,,
"80.74","41.95531","1.345633",,,
"80.75","41.972","1.3458",,,
"80.76","41.98233","1.345967",,,
"80.77","41.98949","1.346133",,,
"80.78","41.99664","1.346267",,,
"80.79","41.99266","1.346467",,,
"80.8","41.96962","1.3466",,,
"80.81","41.93703","1.3468",,,
"80.82","41.9124","1.346967",,,
"80.83","41.91001","1.347133",,,
"80.84","41.92988","1.3473",,,
"80.85","41.95929","1.347467",,,
"80.86","41.98472","1.347633",,,
"80.87","41.99664","1.3478",,,
"80.88","41.99426","1.347967",,,
"80.89","41.9871","1.348133",,,
"80.9","41.98551","1.348333",,,
"80.91","41.99187","1.3485",,,
"80.92","42.00141","1.348633",,,
"80.93","42.00856","1.348833",,,
"80.94","42.01015","1.349",,,
"80.95","42.00141","1.349133",,,
"80.96","41.98551","1.3493",,,
"80.97","41.96723","1.349467",,,
"80.98","41.94896","1.349667",,,
"80.99","41.93068","1.349833",,,
"81","41.91637","1.35",,,
"81.01","41.91637","1.350167",,,
"81.02","41.93624","1.350333",,,
"81.03","41.96485","1.3505",,,
"81.04","41.9871","1.350667",,,
"81.05","41.99426","1.3508",,,
"81.06","41.98949","1.350967",,,
"81.07","41.98074","1.351133",,,
"81.08","41.96962","1.3513",,,
"81.09","41.95293","1.3515",,,
"81.1","41.93942","1.351633",,,
"81.11","41.93703","1.3518",,,
"81.12","41.94816","1.351967",,,
"81.13","41.97121","1.352167",,,
"81.14","41.99505","1.352333",,,
"81.15","42.01253","1.3525",,,
"81.16","42.02207","1.352667",,,
"81.17","42.03399","1.3528",,,
"81.18","42.05148","1.352967",,,
"81.19","42.06737","1.353167",,,
"81.2","42.06816","1.3533",,,
"81.21","42.06021","1.3535",,,
"81.22","42.05227","1.353633",,,
"81.23","42.05386","1.3538",,,
"81.24","42.06101","1.353967",,,
"81.25","42.06816","1.354133",,,
"81.26","42.07293","1.3543",,,
"81.27","42.07929","1.354467",,,
"81.28","42.09042","1.354533",,,
"81.29","42.09598","1.3546",,,
